seed,policy,cog_auto_2032,robot_lag_years,jevons,new_task_rate,diffusion_t50,passthrough,wage_share,housing_supply,demand_mult,policy_lag_years,policy_scale_pct,unemployment_2036,peak_unemployment,participation_2036,emp_pop_2036,min_emp_pop,jobs_destroyed_total,jobs_created_total,created_per_destroyed,median_income_2036,bottom20_income_2036,top1_share_2036,labour_share_2036,gdp_index_2036,poverty_2036,homeless_2036,housing_cost_2036,deficit_2036,debt_2036,unrest_2036,peak_unrest
1000,active,0.5221,6.019,0.4685,0.553,7.2884,0.5743,0.5805,0.1303,1.1712,2.3133,4.0182,5.58,5.58,60.19,56.83,56.83,16.89,11.99,0.71,110.8,131.3,21.6,46.8,124.4,7.5,14.9,105.9,8.6,136.2,33.1,35.0
1001,active,0.5288,2.3518,1.5924,1.0627,3.5672,0.8317,0.4073,0.4067,0.8745,4.4568,3.5243,3.41,4.17,62.77,60.63,58.73,35.43,41.43,1.169,132.7,159.1,21.9,45.9,152.5,5.1,11.9,96.3,6.1,107.1,15.7,35.0
1002,active,0.4323,4.5275,0.6756,0.3303,7.5138,0.6383,0.259,0.7073,0.9354,1.1171,2.6009,5.31,5.31,60.43,57.22,57.22,14.54,10.82,0.744,118.6,145.8,21.5,47.1,122.6,6.1,11.7,81.4,8.7,138.1,29.1,35.0
1003,active,0.4241,4.1599,1.5275,0.6467,7.09,0.2181,0.0014,0.4755,0.9513,1.2243,2.9754,4.79,4.79,61.11,58.18,58.18,16.21,15.2,0.938,116.1,143.3,22.1,45.3,126.3,6.3,12.2,87.0,8.3,133.5,27.4,35.0
1004,active,0.3974,7.8566,1.3426,0.893,7.8773,0.3315,0.4471,0.8449,0.7096,4.4722,5.42,4.38,4.38,61.55,58.85,58.53,12.39,13.32,1.075,125.0,151.0,20.5,49.6,125.0,5.7,11.2,81.7,8.0,133.4,21.3,35.0
1005,active,0.4191,7.4131,1.2137,1.0761,8.8992,0.8962,0.0217,0.6617,0.9883,3.738,3.1205,3.29,4.1,62.81,60.74,58.66,12.37,18.7,1.512,128.7,156.4,20.0,50.6,129.4,5.3,11.0,82.4,7.5,127.7,14.5,35.0
1006,active,0.3713,3.3718,0.3211,1.1308,5.5315,0.2005,-0.1113,0.518,1.2628,2.0369,2.1293,3.68,4.16,62.47,60.17,58.63,17.23,21.94,1.273,121.1,149.0,22.0,45.7,132.9,5.8,12.0,88.7,7.5,125.3,19.7,35.0
1007,active,0.5496,6.8029,1.3095,1.087,12.2489,0.7668,-0.0977,0.9762,1.1339,3.6143,3.7746,3.27,4.1,62.84,60.78,58.66,12.77,19.21,1.504,130.5,160.2,20.3,50.1,129.7,5.0,10.3,77.2,7.5,127.5,14.0,35.0
1008,active,0.4319,7.7504,0.8785,0.9082,17.3547,0.2352,0.2952,0.8271,1.3735,3.9021,1.8383,4.29,4.29,61.47,58.83,58.53,6.75,7.67,1.136,123.8,150.3,20.1,50.5,120.1,5.7,11.0,78.6,8.4,139.2,21.0,35.0
1009,active,0.3131,4.9242,0.4319,0.7226,17.1721,0.8134,0.1527,0.816,1.3059,1.637,1.6253,4.23,4.23,61.43,58.83,58.52,5.66,6.57,1.161,122.8,149.3,19.9,50.9,118.8,5.8,11.1,79.2,8.5,140.8,21.1,35.0
1010,active,0.4849,7.1393,0.7199,0.2832,6.8376,0.315,0.0931,0.7288,0.7043,6.8227,4.1427,5.86,5.86,59.87,56.36,56.36,16.43,10.2,0.621,115.3,144.4,22.5,44.3,121.7,6.2,11.4,77.7,9.1,140.3,33.4,35.0
1011,active,0.3784,2.1846,0.6017,0.6421,13.2726,0.5099,0.1548,0.1784,0.9653,1.9798,6.2227,4.46,4.46,61.25,58.52,58.52,9.03,9.03,1.0,112.7,134.7,20.5,49.4,121.1,7.1,14.3,101.5,8.5,138.5,26.1,35.0
1012,active,0.3685,2.8689,0.654,0.2298,4.8794,0.7953,0.1799,0.1984,0.6529,2.6029,3.5165,5.64,5.64,60.11,56.72,56.72,17.88,12.7,0.71,109.7,133.9,22.0,45.6,124.0,7.2,14.3,98.9,8.7,137.2,34.1,35.0
1013,active,0.5669,6.5935,1.47,0.9256,14.5812,0.6883,0.2112,0.0272,1.3655,1.1366,2.7162,4.16,4.16,61.88,59.31,58.58,11.48,13.75,1.198,114.5,135.8,20.3,50.0,124.9,7.0,14.6,106.2,7.9,133.0,23.2,35.0
1014,active,0.4304,3.4356,0.3593,0.6295,19.0212,0.6354,0.1201,0.5129,0.7507,5.0185,4.6249,4.41,4.41,61.26,58.56,58.52,6.87,6.99,1.017,118.1,142.8,20.2,50.1,119.3,6.3,12.3,87.3,8.6,140.5,23.8,35.0
1015,active,0.2863,3.8057,1.8885,0.6866,11.7272,0.7321,0.0613,0.4364,1.1628,2.0255,5.6873,3.96,4.11,61.91,59.46,58.58,8.48,11.17,1.317,119.3,143.3,19.9,50.9,122.1,6.3,12.7,91.6,8.1,136.4,20.9,35.0
1016,active,0.3777,4.3427,0.8928,0.7603,10.1643,0.6577,0.0137,0.4928,0.9686,8.0927,3.9513,4.23,4.23,61.7,59.09,58.55,10.56,12.22,1.157,120.1,146.0,20.6,49.2,123.6,6.0,12.0,86.7,8.1,135.0,22.1,35.0
1017,active,0.4185,5.8112,0.6243,0.2941,5.4265,0.4046,0.3877,0.9758,0.5096,1.9279,3.9535,5.68,5.68,60.03,56.62,56.62,16.61,11.07,0.666,120.8,149.0,21.8,46.2,123.2,5.8,10.9,76.2,8.8,138.0,30.6,35.0
1018,active,0.3879,6.6262,1.5054,0.8767,13.336,0.4218,0.3631,0.1869,1.0267,5.5557,2.5483,4.21,4.21,61.63,59.03,58.54,8.22,9.72,1.182,114.9,136.0,20.0,50.7,121.5,7.0,14.2,102.3,8.2,137.2,23.5,35.0
1019,active,0.262,3.2851,1.6216,0.6466,19.4738,0.8946,-0.0946,0.7917,0.7947,2.3788,2.9329,4.02,4.12,61.67,59.19,58.55,5.3,7.23,1.364,122.6,148.8,19.7,51.5,118.8,5.8,11.3,80.7,8.4,140.4,20.0,35.0
1020,active,0.2894,4.7729,0.9892,0.3797,13.1852,0.6209,0.0281,0.521,0.7758,2.0278,3.5708,4.48,4.48,61.11,58.37,58.37,6.62,6.2,0.937,117.0,141.7,20.3,49.9,118.3,6.4,12.4,87.1,8.7,142.0,24.7,35.0
1021,active,0.4359,3.0697,0.7175,0.4521,6.5126,0.5009,0.0681,0.1076,1.3116,1.8093,3.6481,5.33,5.33,60.47,57.25,57.25,17.89,14.27,0.798,108.0,131.7,22.3,45.0,125.2,7.4,14.9,103.8,8.6,135.6,33.3,35.0
1022,active,0.2963,7.5807,0.9139,1.0155,8.4249,0.6625,0.3482,0.8583,0.7374,1.1345,2.8678,4.0,4.14,61.88,59.41,58.57,8.85,11.42,1.29,128.2,155.6,20.0,50.8,123.1,5.3,10.4,76.3,8.1,135.1,18.4,35.0
1023,active,0.421,4.711,1.9926,0.622,3.0129,0.8617,0.0776,0.7878,0.8675,2.5989,1.4102,3.09,4.11,63.05,61.1,58.83,31.46,38.79,1.233,135.1,168.0,21.6,46.8,146.5,4.6,10.2,79.7,6.4,111.8,13.0,35.0
1024,active,0.529,4.901,0.962,1.0294,15.6415,0.2703,0.1616,0.9567,1.2218,5.1996,3.4569,4.3,4.3,61.58,58.94,58.54,10.14,11.35,1.119,124.8,152.7,20.6,49.1,123.1,5.5,10.7,77.1,8.2,135.8,21.2,35.0
1025,active,0.3234,2.266,0.886,0.4292,10.8339,0.4689,-0.0156,0.8994,0.6357,1.9674,1.4443,4.63,4.63,61.03,58.2,58.2,9.09,8.16,0.898,121.0,149.1,20.9,48.5,120.1,5.8,11.0,77.1,8.7,140.2,24.7,35.0
1026,active,0.259,4.8438,0.9594,0.4646,8.9509,0.4906,0.3495,0.3201,1.0396,3.3499,1.7324,4.56,4.56,61.07,58.28,58.28,7.82,7.13,0.912,114.7,137.2,20.3,50.0,119.5,6.9,13.5,95.7,8.6,140.6,25.8,35.0
1027,active,0.2571,7.4388,1.2196,1.0983,14.4331,0.544,-0.2975,0.5974,1.1992,7.4677,4.2517,3.72,4.11,61.97,59.67,58.58,5.56,8.85,1.592,121.6,147.2,19.9,51.1,120.6,6.0,11.7,84.5,8.3,138.2,19.0,35.0
1028,active,0.4119,4.3614,1.3702,0.4524,16.4564,0.5266,0.1916,0.8498,0.5246,1.2959,6.0291,4.5,4.5,61.17,58.42,58.42,7.66,7.38,0.963,122.2,149.1,20.3,50.0,119.5,5.8,11.1,78.5,8.6,140.3,22.9,35.0
1029,active,0.4616,6.2142,1.1923,0.9463,8.677,0.8005,0.4167,0.8843,0.7574,2.3847,6.6591,4.37,4.37,61.69,59.0,58.6,13.34,14.74,1.105,127.6,154.9,20.5,49.4,126.3,5.4,10.7,78.2,7.9,131.7,20.2,35.0
1030,active,0.5853,4.5546,1.3163,0.8552,4.2908,0.8643,0.5475,0.5108,1.3633,5.6723,3.7882,5.48,5.48,60.61,57.29,57.29,30.01,26.47,0.882,123.2,148.1,22.5,44.3,138.6,5.9,12.2,91.3,7.5,121.0,28.9,35.0
1031,active,0.4953,5.3059,1.9469,1.0478,5.4431,0.2322,0.4274,0.373,1.3262,1.8884,6.1263,3.74,4.15,62.45,60.12,58.64,22.46,27.0,1.202,126.0,149.9,20.9,48.5,137.3,5.7,12.5,96.7,7.0,120.0,18.2,35.0
1032,active,0.3854,5.2792,1.6286,0.5378,7.1644,0.7021,-0.2508,0.3607,0.6909,2.4002,1.9739,3.96,4.11,62.19,59.73,58.64,15.78,19.23,1.219,118.2,144.9,21.1,48.0,128.6,6.1,12.7,92.3,7.7,129.2,21.3,35.0
1033,active,0.5855,3.2565,0.7633,1.1019,3.4154,0.2534,0.3348,0.2313,0.8786,2.3714,6.2255,3.4,4.18,62.88,60.74,58.72,37.06,43.36,1.17,130.4,157.0,22.5,44.3,155.5,5.2,12.4,100.3,6.0,105.0,15.4,35.0
1034,active,0.5381,5.7926,0.4429,0.5866,4.6697,0.466,0.5951,0.1855,0.8261,1.4386,2.9222,6.29,6.29,59.63,55.88,55.88,24.3,16.67,0.686,113.1,135.2,22.5,44.4,129.0,7.1,14.0,99.6,8.5,132.0,36.3,36.3
1035,active,0.5162,7.3384,1.0523,0.4632,3.4395,0.4654,0.164,0.2299,0.7383,2.1862,3.0169,5.76,5.76,60.28,56.8,56.8,27.69,22.72,0.821,111.3,137.5,23.4,42.1,134.7,6.8,14.0,99.1,8.0,125.9,34.6,35.0
1036,active,0.3956,6.3853,1.7737,0.9196,3.2266,0.4569,-0.1727,0.3558,1.1204,1.2737,4.163,2.95,4.1,63.95,62.06,58.83,25.34,35.38,1.396,123.3,152.5,22.3,44.9,144.5,5.5,12.4,96.0,6.7,114.0,14.4,35.0
1037,active,0.2795,6.0367,1.426,0.2456,5.8552,0.3999,-0.0755,0.1385,1.0944,1.0011,2.1413,5.09,5.09,60.59,57.5,57.5,12.02,9.13,0.76,108.6,132.0,21.5,46.8,120.0,7.4,14.3,99.1,8.9,141.3,31.3,35.0
1038,active,0.2895,3.5248,0.5114,0.6896,7.1539,0.5281,-0.1664,0.0412,1.4304,1.8445,1.652,4.31,4.33,61.47,58.82,58.54,11.18,12.08,1.081,110.7,133.4,21.1,48.0,123.2,7.2,14.7,104.8,8.3,136.2,26.4,35.0
1039,active,0.4866,3.1197,1.4659,0.255,16.5689,0.7579,0.5303,0.1612,0.6693,1.3999,1.8191,5.28,5.28,60.29,57.1,57.1,9.26,5.15,0.556,109.5,130.4,20.8,48.8,117.8,7.6,14.7,102.1,9.0,143.6,31.5,35.0
1040,active,0.3566,5.3962,0.6994,0.5699,15.1215,0.3908,0.4082,0.6088,0.8058,8.1963,6.0897,4.51,4.51,61.09,58.33,58.33,6.62,6.08,0.918,119.8,144.6,20.1,50.4,118.7,6.2,11.9,84.1,8.6,141.4,23.9,35.0
1041,active,0.4051,4.7189,0.3155,0.9721,4.4419,0.2542,0.0492,0.9182,1.326,3.3168,8.1542,4.07,4.22,62.07,59.54,58.59,20.11,23.05,1.146,127.3,158.6,22.2,45.1,134.1,5.1,10.3,76.3,7.5,124.2,20.4,35.0
1042,active,0.3373,4.131,1.8897,1.0847,7.5903,0.8979,0.3834,0.4811,0.6714,4.2287,5.7142,3.34,4.12,62.72,60.63,58.6,12.7,18.72,1.474,127.0,151.4,19.8,51.2,129.4,5.6,11.9,90.2,7.5,127.8,15.6,35.0
1043,active,0.5845,4.1819,1.1019,0.8862,16.3504,0.4254,0.5304,0.7488,1.2626,1.7031,5.7183,4.7,4.7,61.1,58.22,58.22,10.39,9.56,0.92,123.3,149.2,20.5,49.5,121.9,5.8,11.2,80.2,8.4,137.5,23.6,35.0
1044,active,0.5293,4.1413,1.5804,0.6463,12.2971,0.7587,0.4845,0.6892,1.4949,3.5583,4.0434,4.94,4.94,60.88,57.88,57.88,12.47,10.63,0.852,122.8,149.3,20.8,48.7,122.7,5.8,11.1,79.5,8.4,136.9,25.0,35.0
1045,active,0.5719,6.0576,1.9936,1.0576,11.3655,0.6687,0.4602,0.4296,0.9762,5.7118,3.8805,4.37,4.37,61.74,59.05,58.56,14.32,15.84,1.106,122.7,146.9,20.5,49.5,126.9,6.0,12.2,89.6,7.8,130.9,21.6,35.0
1046,active,0.4114,6.8476,0.4511,0.564,4.2859,0.8079,0.4486,0.8649,1.149,1.5083,1.4931,5.24,5.24,60.61,57.43,57.43,18.54,15.39,0.83,125.6,154.0,21.6,46.6,127.3,5.4,10.5,75.6,8.3,132.6,26.8,35.0
1047,active,0.2776,4.2505,1.0874,0.6696,5.9819,0.3741,0.4528,0.0654,1.0435,1.1848,4.7804,4.54,4.54,61.2,58.42,58.42,10.85,10.59,0.976,112.3,132.6,20.5,49.5,122.7,7.3,15.0,107.5,8.3,136.7,26.9,35.0
1048,active,0.3438,2.9603,1.9587,0.8582,5.2766,0.4744,-0.2283,0.4009,0.5937,1.0318,1.963,3.05,4.11,63.2,61.27,58.72,18.52,26.34,1.422,123.4,151.3,21.3,47.5,135.2,5.6,12.1,91.6,7.2,122.3,15.3,35.0
1049,active,0.5994,6.0242,1.8627,0.9937,3.3766,0.5348,0.5105,0.2603,0.6789,1.0349,1.8502,4.93,4.93,61.37,58.35,58.35,34.51,34.05,0.987,124.6,148.5,22.5,44.3,145.9,5.9,12.9,99.9,6.7,113.3,25.0,35.0
1050,active,0.3627,5.6627,1.0637,0.5471,14.4002,0.8131,-0.146,0.7729,1.3196,2.6723,8.0964,4.19,4.19,61.55,58.97,58.54,7.39,8.71,1.179,123.7,151.8,20.2,50.1,120.5,5.6,10.8,76.8,8.4,138.7,20.9,35.0
1051,active,0.2665,2.6956,1.1016,0.8329,4.9131,0.5091,-0.2173,0.7626,1.4085,2.7768,5.3238,3.73,4.13,62.25,59.93,58.62,13.26,17.3,1.305,125.5,155.6,21.1,47.9,128.2,5.3,10.7,78.3,7.8,129.9,18.7,35.0
1052,active,0.5784,5.8218,0.508,0.3257,7.1175,0.3828,0.1362,0.4685,1.1149,7.6894,2.9718,6.36,6.36,59.47,55.69,55.69,20.55,12.43,0.605,109.2,135.9,23.1,43.0,123.4,7.0,13.2,89.1,9.1,139.0,38.0,38.0
1053,active,0.5135,4.128,1.4386,0.5607,11.9968,0.4445,0.0769,0.3265,0.5858,1.352,4.0754,4.78,4.78,61.1,58.18,58.18,12.37,11.4,0.922,113.5,137.5,21.2,47.7,123.0,6.8,13.5,95.6,8.4,136.6,27.2,35.0
1054,active,0.2935,7.0432,0.3051,0.7947,10.7597,0.3205,0.4711,0.8163,1.1076,1.9422,4.495,4.31,4.31,61.39,58.74,58.52,6.95,7.6,1.094,124.2,150.3,20.0,50.7,119.9,5.7,11.0,78.8,8.4,139.4,21.3,35.0
1055,active,0.2802,4.0887,1.2669,0.4077,6.9342,0.7288,0.4265,0.7219,0.9228,3.8943,5.1457,4.79,4.79,60.86,57.95,57.95,10.07,8.42,0.836,122.0,148.5,20.6,49.2,120.6,5.8,11.2,79.1,8.6,139.6,25.1,35.0
1056,active,0.2891,7.1969,1.6477,1.1762,5.8842,0.8398,0.5199,0.6031,1.0096,8.3164,1.4209,3.84,4.14,62.12,59.73,58.59,10.91,14.4,1.32,125.2,149.3,19.9,50.9,125.9,5.8,11.8,88.0,7.8,131.7,18.6,35.0
1057,active,0.5428,5.3527,0.5738,0.5579,4.5722,0.6087,-0.0662,0.3495,0.6038,2.595,5.0769,5.45,5.45,60.66,57.36,57.36,26.77,23.49,0.877,111.2,139.9,23.7,41.5,133.9,6.6,13.4,94.5,8.0,126.2,32.5,35.0
1058,active,0.3556,2.7682,1.7673,0.753,7.7162,0.3412,-0.2373,0.1206,1.4526,1.1613,4.2518,4.38,4.38,61.64,58.94,58.58,14.56,15.8,1.085,111.2,135.4,21.6,46.6,125.7,7.0,14.2,101.7,8.1,133.2,26.2,35.0
1059,active,0.2646,5.5878,0.7074,1.1125,6.6282,0.6887,0.4258,0.7937,0.6064,4.7586,1.3276,3.94,4.13,62.01,59.56,58.56,9.66,12.65,1.31,127.8,154.3,20.0,50.8,124.4,5.4,10.8,79.4,7.9,133.5,17.9,35.0
1060,active,0.3357,2.1,1.415,0.3378,15.3109,0.7613,-0.154,0.294,0.6103,5.1728,4.2191,4.35,4.35,61.37,58.7,58.53,7.55,8.11,1.074,113.3,136.3,20.3,50.0,119.6,6.9,13.8,97.8,8.5,140.0,24.9,35.0
1061,active,0.4369,3.964,1.9832,0.5451,3.6491,0.4796,-0.1848,0.3653,1.4182,3.1362,4.3087,4.45,4.45,61.8,59.05,58.7,30.9,32.43,1.05,116.8,148.1,23.5,41.9,139.6,5.9,12.3,89.5,7.2,119.5,25.6,35.0
1062,active,0.2906,4.1175,1.5144,1.0272,3.2332,0.5213,-0.237,0.8291,0.6151,1.1647,3.2882,2.96,4.11,64.11,62.21,58.77,18.76,29.24,1.559,132.2,165.0,21.4,47.3,138.6,4.7,10.2,78.3,7.0,118.9,10.7,35.0
1063,active,0.3197,7.9035,1.2206,1.0603,12.4951,0.7731,0.2091,0.8572,0.7363,2.3333,3.1158,3.82,4.11,61.98,59.61,58.59,6.97,10.1,1.449,125.7,152.0,19.7,51.4,121.9,5.6,11.0,80.2,8.1,136.4,18.1,35.0
1064,active,0.3369,2.3385,1.2538,0.6824,3.8641,0.2452,0.5945,0.7649,0.9608,1.4614,3.4588,5.09,5.09,60.75,57.66,57.66,18.85,16.33,0.866,125.3,151.7,21.4,47.3,128.2,5.6,11.0,80.0,8.1,131.3,26.3,35.0
1065,active,0.5627,2.7392,1.7149,0.5694,4.3662,0.2449,0.5464,0.5863,1.3161,2.9582,2.3688,6.54,6.54,59.47,55.58,55.58,30.63,22.12,0.722,119.7,146.1,23.2,42.8,134.2,6.0,11.9,85.2,8.2,126.9,35.8,35.8
1066,active,0.5609,5.1591,1.0788,0.5914,7.9153,0.5803,0.5564,0.5593,1.4159,1.4041,3.5375,5.8,5.8,60.11,56.62,56.62,17.81,12.36,0.694,117.9,142.6,21.7,46.3,124.7,6.3,12.2,86.4,8.6,135.8,31.3,35.0
1067,active,0.2551,7.5948,0.5982,0.8663,5.5059,0.5362,-0.1823,0.3708,0.9617,1.9556,4.7602,4.01,4.14,61.93,59.45,58.59,10.51,13.19,1.255,117.3,142.4,20.8,48.7,124.3,6.4,12.8,92.5,8.1,134.2,22.2,35.0
1068,active,0.3973,3.242,1.1586,0.5743,11.9033,0.8591,-0.108,0.9838,0.9255,8.7161,3.0169,4.12,4.12,61.82,59.28,58.57,10.13,12.31,1.215,125.5,154.6,20.4,49.7,123.7,5.4,10.6,76.4,8.1,134.7,19.8,35.0
1069,active,0.5827,6.3135,1.8001,0.7923,7.6255,0.2448,0.1557,0.9517,0.9872,2.6914,4.3653,4.72,4.72,61.31,58.41,58.41,19.37,19.1,0.986,125.1,155.6,22.1,45.5,130.1,5.3,10.4,75.3,7.9,128.9,24.3,35.0
1070,active,0.3716,2.5405,0.3239,0.5435,15.1096,0.3387,-0.2429,0.5077,0.7616,2.5701,8.0963,4.58,4.58,61.07,58.28,58.28,8.34,7.65,0.917,115.6,141.5,21.0,48.2,119.3,6.4,12.3,86.2,8.8,141.2,26.0,35.0
1071,active,0.2891,6.8291,1.6516,0.2389,10.4126,0.2376,-0.1997,0.3559,1.027,3.9562,6.7406,4.89,4.89,60.7,57.73,57.73,8.5,6.24,0.734,111.5,135.9,21.1,47.9,117.7,7.0,13.2,91.4,9.0,143.8,28.9,35.0
1072,active,0.5352,4.9672,0.9625,0.8,6.4532,0.3452,-0.2178,0.1616,0.5691,2.6436,4.7149,4.45,4.45,61.65,58.91,58.59,21.51,22.65,1.053,111.1,138.0,23.1,42.8,133.3,6.8,13.9,100.2,7.7,125.9,27.7,35.0
1073,active,0.3624,2.0194,1.7739,0.8398,8.4073,0.8735,0.5612,0.8519,1.4515,2.9493,6.8315,4.49,4.49,61.37,58.62,58.52,12.33,12.57,1.019,125.9,152.1,20.5,49.5,124.6,5.6,10.9,79.6,8.1,134.2,22.1,35.0
1074,active,0.5334,4.2892,0.615,0.2479,11.9891,0.2973,0.1283,0.71,0.6052,3.0081,2.3535,5.72,5.72,59.98,56.55,56.55,13.1,7.46,0.569,115.0,142.8,22.0,45.8,119.5,6.3,11.7,79.6,9.1,142.6,32.1,35.0
1075,active,0.4027,7.9948,0.3768,0.7144,11.4414,0.6074,-0.0177,0.8644,1.3864,1.1286,2.0024,4.42,4.42,61.4,58.69,58.53,9.47,9.97,1.053,123.9,152.7,20.7,48.9,121.5,5.5,10.6,75.1,8.4,137.8,21.9,35.0
1076,active,0.3749,2.194,1.3752,1.0405,4.8558,0.6409,0.4018,0.8164,1.487,8.8995,5.3967,3.6,4.15,62.47,60.23,58.66,19.9,24.78,1.245,134.8,163.6,20.7,49.0,135.4,4.8,10.1,77.6,7.1,122.0,15.5,35.0
1077,active,0.4857,3.3141,0.8866,1.0702,4.5517,0.4874,0.1406,0.3796,0.8895,1.225,8.5747,2.96,4.13,63.2,61.33,58.73,26.14,34.14,1.306,129.9,158.3,21.7,46.5,145.0,5.1,11.6,91.4,6.5,113.3,14.0,35.0
1078,active,0.2832,4.6689,1.573,0.2506,7.7278,0.2473,0.3016,0.6581,1.276,1.6897,8.0634,4.9,4.9,60.69,57.72,57.72,9.44,7.14,0.756,118.8,144.9,20.8,48.8,119.2,6.1,11.6,81.5,8.8,141.7,26.7,35.0
1079,active,0.4379,4.8744,1.8362,0.3715,9.4867,0.8045,-0.153,0.4866,0.9267,4.1322,3.743,4.19,4.19,61.87,59.28,58.61,14.73,16.92,1.149,119.5,146.4,20.8,48.7,126.2,6.0,12.2,87.9,7.9,132.0,22.1,35.0
1080,active,0.5286,6.8491,1.7949,0.4718,3.9075,0.3368,-0.0163,0.3692,0.5954,9.4649,2.7156,5.9,5.9,60.2,56.65,56.65,29.57,24.23,0.819,109.8,139.1,24.4,39.7,134.1,6.7,13.1,91.3,8.1,126.9,35.8,35.8
1081,active,0.4161,3.7913,1.1522,0.2668,4.3782,0.8388,-0.0003,0.9186,0.6701,6.4772,0.9693,5.33,5.33,60.63,57.39,57.39,22.02,18.82,0.855,122.2,155.0,22.5,44.5,129.5,5.4,10.5,73.7,8.2,130.5,28.3,35.0
1082,active,0.3165,7.0555,1.2132,0.9141,5.0849,0.3913,0.4823,0.7524,0.9637,1.3674,0.3955,4.23,4.23,61.77,59.15,58.58,13.36,15.2,1.138,126.6,152.5,20.4,49.7,126.7,5.5,11.1,82.2,7.8,131.3,20.4,35.0
1083,active,0.3255,4.8666,1.6155,0.4157,4.4599,0.5345,0.4676,0.8243,0.5753,1.9702,3.682,5.23,5.23,60.54,57.37,57.37,15.44,12.11,0.784,121.9,148.7,21.3,47.5,123.9,5.8,11.2,79.6,8.5,136.4,27.6,35.0
1084,active,0.4759,6.4382,1.0119,1.0011,17.2847,0.5884,-0.1098,0.6457,1.1736,3.9543,6.4402,3.84,4.12,62.01,59.63,58.55,8.31,11.5,1.384,123.5,150.4,20.2,50.1,123.0,5.7,11.3,81.7,8.1,135.4,19.1,35.0
1085,active,0.4752,6.0985,1.4134,0.8861,17.4505,0.8914,0.2122,0.1014,0.6555,1.1994,0.2169,4.09,4.12,61.76,59.23,58.56,7.96,10.02,1.259,113.7,134.5,20.0,50.8,121.8,7.1,14.6,105.6,8.2,136.7,23.3,35.0
1086,active,0.5704,7.1166,1.4365,0.5239,11.8033,0.8581,0.5221,0.5676,1.3903,7.7966,3.0163,5.23,5.23,60.5,57.33,57.33,12.17,8.75,0.719,117.8,142.2,21.0,48.3,121.1,6.4,12.3,86.4,8.7,139.4,28.5,35.0
1087,active,0.3199,7.1559,1.6351,0.4991,6.1481,0.3368,0.4329,0.1988,1.3679,1.8591,3.7601,4.74,4.74,60.99,58.09,58.09,11.59,10.37,0.895,114.2,136.1,20.7,49.0,122.3,7.0,13.9,99.4,8.4,137.5,27.3,35.0
1088,active,0.4368,5.0181,0.872,1.1787,3.9138,0.3769,0.424,0.3484,0.7604,1.2258,2.3878,3.26,4.17,63.11,61.05,58.67,23.62,30.8,1.304,131.2,155.9,20.8,48.8,141.7,5.3,11.9,94.7,6.6,115.5,13.2,35.0
1089,active,0.3594,4.7706,1.3326,1.1975,5.7398,0.2366,0.5359,0.8663,1.2178,7.9751,1.2988,3.64,4.15,62.36,60.08,58.58,15.3,19.78,1.293,133.5,160.7,20.2,50.2,131.0,5.0,10.3,78.2,7.4,126.2,15.7,35.0
1090,active,0.4085,4.3549,1.4608,1.1372,11.9789,0.2656,-0.2718,0.345,1.1811,2.0328,6.6641,3.65,4.12,62.31,60.03,58.57,10.34,14.66,1.418,118.1,143.3,20.9,48.6,125.8,6.3,12.8,93.1,7.9,132.4,20.0,35.0
1091,active,0.3758,7.0491,0.3601,0.4718,14.4212,0.6919,0.0211,0.6094,1.1956,1.5535,6.4445,4.53,4.53,61.1,58.33,58.33,7.18,6.64,0.925,118.3,144.0,20.4,49.6,118.7,6.2,11.9,83.9,8.7,141.5,24.4,35.0
1092,active,0.4608,5.0118,0.7321,0.3427,19.8661,0.6981,0.351,0.9888,0.9113,8.032,1.1082,4.71,4.71,60.82,57.96,57.96,6.38,4.76,0.746,122.6,149.9,20.3,50.0,117.5,5.7,10.7,75.1,8.9,143.2,24.0,35.0
1093,active,0.3687,5.5791,1.5147,0.5742,4.0424,0.675,0.1392,0.5883,1.0267,1.4987,1.616,4.29,4.3,61.82,59.17,58.6,19.97,21.85,1.094,124.6,153.0,21.3,47.5,132.0,5.5,11.4,83.7,7.5,125.9,21.7,35.0
1094,active,0.4402,5.8883,0.9244,0.6779,17.0995,0.4233,0.0521,0.7798,1.477,3.1446,2.9484,4.4,4.4,61.29,58.59,58.52,7.16,7.38,1.031,121.6,148.6,20.4,49.6,119.7,5.8,11.2,79.0,8.6,140.1,22.7,35.0
1095,active,0.3247,3.2822,0.5068,0.8108,8.8722,0.5596,0.059,0.5992,1.399,2.7603,3.9093,4.25,4.25,61.61,58.99,58.56,10.36,11.75,1.134,120.0,145.9,20.7,49.0,123.5,6.1,12.0,86.6,8.2,135.3,22.6,35.0
1096,active,0.4716,7.5461,0.5062,0.6767,3.5141,0.3891,0.0666,0.1551,1.0026,7.9364,5.3058,5.13,5.13,60.83,57.71,57.71,24.98,22.66,0.907,110.0,135.1,23.3,42.3,133.7,7.1,14.5,104.0,7.9,126.4,32.2,35.0
1097,active,0.4341,2.133,1.7841,0.8166,7.6534,0.5828,0.0111,0.5529,1.2659,1.6004,3.9614,3.74,4.12,62.42,60.08,58.62,17.85,22.31,1.25,123.5,150.9,21.1,47.9,132.0,5.7,11.8,88.1,7.5,125.6,18.9,35.0
1098,active,0.3118,5.1831,0.8162,1.1779,18.2204,0.4995,0.4359,0.7549,1.1373,1.2763,4.7885,4.04,4.13,61.66,59.17,58.53,5.45,7.33,1.345,124.8,150.7,19.7,51.5,119.6,5.7,11.0,79.3,8.4,139.3,19.4,35.0
1099,active,0.3915,3.4818,1.6166,0.8972,7.5339,0.278,-0.2681,0.6245,1.2198,8.1464,2.9687,3.72,4.14,62.31,59.99,58.6,15.6,19.8,1.269,122.0,151.4,21.7,46.4,129.9,5.6,11.3,82.9,7.7,128.4,20.1,35.0
1100,active,0.5924,6.2487,0.6775,0.7155,13.3012,0.2948,0.5397,0.1319,0.6887,4.0819,4.4584,4.96,4.96,60.81,57.8,57.8,11.38,9.3,0.817,112.2,132.8,20.7,48.9,121.6,7.3,14.6,104.0,8.6,138.3,28.7,35.0
1101,active,0.3754,7.9959,0.9175,0.3756,18.5002,0.6406,-0.1655,0.9463,1.2236,7.0945,2.5671,4.45,4.45,61.13,58.41,58.41,6.13,5.84,0.953,121.1,148.6,20.3,50.0,117.7,5.8,11.0,77.1,8.8,142.7,23.1,35.0
1102,active,0.5057,2.7913,1.472,1.0892,12.9956,0.49,-0.1556,0.7883,0.7871,4.7174,2.7475,3.57,4.1,62.49,60.26,58.62,12.65,17.63,1.394,126.7,155.9,20.8,48.8,128.2,5.3,10.7,79.2,7.7,129.5,16.8,35.0
1103,active,0.3904,4.847,1.0962,1.1608,10.0746,0.3364,0.4194,0.1429,0.8916,6.4001,3.5744,3.95,4.14,62.02,59.57,58.59,10.57,13.59,1.286,117.4,138.5,20.1,50.6,125.3,6.7,14.0,103.5,7.9,132.5,21.5,35.0
1104,active,0.3389,7.6689,0.4774,1.026,5.4839,0.8778,0.0464,0.9951,0.8243,1.5314,2.5181,3.3,4.12,62.84,60.77,58.66,13.4,19.81,1.478,132.0,161.4,20.2,50.1,130.5,5.0,10.3,77.3,7.4,126.7,13.7,35.0
1105,active,0.5174,2.5259,1.1991,0.3202,4.0133,0.3545,0.3141,0.3874,1.1489,5.631,3.4991,6.7,6.7,59.25,55.28,55.28,29.61,20.32,0.686,111.6,138.4,23.6,41.7,131.9,6.7,13.4,92.8,8.5,129.8,39.5,39.5
1106,active,0.41,3.9966,1.9888,1.1634,4.518,0.8293,-0.1042,0.852,1.3996,1.9566,1.8433,2.97,4.1,64.63,62.71,59.1,24.98,36.76,1.472,137.3,172.0,21.2,47.8,144.1,4.4,9.7,76.2,6.5,113.1,6.5,35.0
1107,active,0.4818,6.6917,1.0166,0.9003,10.7905,0.8318,-0.2366,0.8551,1.4514,2.2176,4.5259,3.32,4.1,62.76,60.68,58.64,12.13,18.27,1.506,129.0,159.0,20.3,49.8,129.1,5.1,10.5,77.7,7.6,128.2,14.6,35.0
1108,active,0.3357,5.794,1.2386,1.038,7.1014,0.7603,0.4475,0.3707,0.7912,4.1158,1.703,4.12,4.14,61.9,59.35,58.6,11.82,14.2,1.201,119.6,142.0,20.2,50.2,125.8,6.4,13.2,97.2,7.9,132.1,21.6,35.0
1109,active,0.3857,7.7924,1.366,0.7991,16.7948,0.7762,0.2066,0.658,0.5823,9.7588,6.4011,4.13,4.13,61.66,59.11,58.54,6.68,8.39,1.256,121.8,147.0,19.9,51.1,120.2,6.0,11.7,83.9,8.3,138.7,20.8,35.0
1110,active,0.4169,5.7726,0.4461,0.9386,5.2026,0.6167,-0.2189,0.4482,0.9198,2.7785,7.1306,3.25,4.13,62.91,60.87,58.63,18.49,25.17,1.361,122.3,150.4,21.6,46.7,135.3,5.7,12.2,91.7,7.3,122.5,17.1,35.0
1111,active,0.3262,4.0663,1.3918,0.5641,3.5155,0.5529,-0.1313,0.8842,0.8382,4.8216,3.7317,4.24,4.31,61.83,59.21,58.61,20.18,22.19,1.1,124.6,156.8,22.1,45.4,132.0,5.2,10.5,76.5,7.6,126.5,22.0,35.0
1112,active,0.3485,3.5265,1.5772,0.2316,14.3778,0.7085,0.2074,0.9008,0.6657,3.2765,6.464,4.6,4.6,61.02,58.21,58.21,7.65,6.76,0.884,122.8,150.4,20.3,50.0,118.7,5.7,10.8,75.9,8.7,141.5,23.4,35.0
1113,active,0.2597,3.2231,1.7225,0.3158,3.1019,0.8659,-0.1965,0.5657,0.5606,3.656,7.2158,3.9,4.12,62.31,59.88,58.73,18.67,22.54,1.207,124.8,155.1,21.1,48.1,131.1,5.4,11.2,81.7,7.5,126.5,19.2,35.0
1114,active,0.4354,4.7124,1.4844,1.0268,10.2641,0.6146,0.0892,0.2421,1.2417,5.1237,8.7264,3.52,4.11,62.53,60.33,58.62,12.52,17.69,1.413,119.9,143.3,20.2,50.2,128.4,6.3,13.3,99.1,7.6,129.0,18.5,35.0
1115,active,0.3443,2.1904,0.6659,0.8373,11.8256,0.6629,-0.0519,0.0204,1.1777,3.7928,4.4906,4.11,4.18,61.76,59.22,58.54,9.72,11.76,1.21,111.6,132.9,20.5,49.5,123.0,7.3,15.1,108.6,8.2,135.7,24.6,35.0
1116,active,0.5319,4.6089,1.5191,0.2053,3.926,0.2939,-0.1656,0.1358,1.1971,8.4642,0.9538,8.18,8.18,57.99,53.24,53.24,35.03,19.94,0.569,94.7,124.1,26.2,35.2,126.5,8.4,15.3,97.8,9.5,138.3,53.1,53.1
1117,active,0.4107,2.3627,0.8115,0.8988,5.7347,0.4776,0.2189,0.8335,0.786,4.0823,4.826,3.82,4.15,62.28,59.9,58.62,18.79,22.75,1.211,129.6,158.6,21.0,48.1,133.6,5.1,10.7,80.5,7.3,123.9,17.9,35.0
1118,active,0.3304,6.2628,1.6617,0.7477,3.2079,0.3269,0.2978,0.9366,1.1098,1.5125,6.4742,4.38,4.38,61.76,59.05,58.62,19.83,21.38,1.078,130.0,159.8,21.3,47.5,131.8,5.1,10.2,75.4,7.5,126.1,20.2,35.0
1119,active,0.2698,5.6886,1.7673,0.998,3.2651,0.5441,0.0178,0.0594,1.1277,7.749,6.1824,3.12,4.13,63.14,61.17,58.74,16.98,24.52,1.444,118.2,140.7,20.7,49.0,134.3,6.5,14.5,110.4,7.2,122.9,17.1,35.0
1120,active,0.4588,2.7397,0.3475,0.3758,5.2585,0.6334,0.1397,0.4458,0.6909,3.0488,4.9011,5.68,5.68,60.17,56.75,56.75,21.54,16.48,0.765,114.1,141.4,22.6,44.2,127.4,6.5,12.8,89.1,8.5,133.4,33.1,35.0
1121,active,0.4652,3.4593,1.3292,0.2363,10.6139,0.665,-0.223,0.2392,0.8873,1.173,1.9036,5.01,5.01,60.85,57.8,57.8,14.74,12.72,0.863,110.5,136.0,21.7,46.5,122.7,7.0,13.8,95.6,8.6,137.6,29.8,35.0
1122,active,0.4125,5.6302,1.9467,0.4649,15.3665,0.8714,0.2152,0.9772,0.6409,2.6277,2.3488,4.37,4.37,61.39,58.71,58.53,8.56,9.12,1.065,124.4,151.9,20.1,50.4,120.5,5.6,10.8,76.7,8.4,138.8,21.5,35.0
1123,active,0.3481,5.3556,1.8731,0.9694,3.2684,0.7499,0.4666,0.0695,0.985,1.0111,4.6433,3.7,4.19,62.43,60.12,58.67,21.27,25.83,1.214,121.0,142.0,20.7,48.8,136.4,6.4,14.2,109.6,7.0,121.0,19.9,35.0
1124,active,0.5689,4.0932,1.6863,1.0248,4.2792,0.2462,-0.2269,0.9279,1.0599,1.515,2.9989,3.56,4.14,62.85,60.62,58.77,34.06,39.99,1.174,128.2,166.8,24.5,39.4,149.2,4.6,9.6,73.1,6.7,111.2,16.7,35.0
1125,active,0.303,4.0835,1.8753,0.2989,6.8341,0.6186,-0.1005,0.6901,1.352,3.2271,3.1433,4.51,4.51,61.36,58.6,58.55,13.02,13.26,1.018,121.1,149.7,21.0,48.1,123.3,5.8,11.2,79.3,8.3,136.1,23.8,35.0
1126,active,0.3433,3.4476,0.7723,0.7706,6.9537,0.2164,-0.0596,0.7594,1.2014,1.4606,4.9078,4.5,4.5,61.38,58.62,58.54,13.25,13.56,1.023,121.3,150.4,21.7,46.5,124.9,5.7,11.0,78.1,8.3,134.6,24.1,35.0
1127,active,0.4243,3.5341,0.4625,0.6038,8.8308,0.5873,0.3193,0.0105,1.2925,6.6101,2.2716,4.81,4.81,61.01,58.08,58.08,13.19,11.92,0.904,110.3,131.0,21.0,48.3,123.7,7.5,15.4,109.8,8.4,135.8,28.8,35.0
1128,active,0.2762,2.7699,0.4975,0.7828,3.7439,0.4717,0.2253,0.3559,0.7351,6.0306,0.526,4.25,4.26,61.8,59.17,58.57,15.74,17.63,1.12,120.6,145.7,21.0,48.2,128.8,6.1,12.6,92.3,7.7,129.3,22.6,35.0
1129,active,0.5594,4.9238,1.7835,0.8228,19.4558,0.2336,-0.0138,0.1337,0.6992,4.3103,8.8084,4.43,4.43,61.33,58.61,58.52,9.04,9.32,1.031,111.3,133.5,20.8,48.6,121.1,7.2,14.4,102.2,8.5,138.5,26.4,35.0
1130,active,0.4399,6.3827,1.1142,0.5097,14.8616,0.4503,-0.0125,0.7678,1.2816,9.3597,8.9698,4.69,4.69,61.0,58.14,58.14,8.68,7.59,0.874,121.3,149.5,20.8,48.7,119.4,5.8,10.8,75.8,8.7,141.0,24.4,35.0
1131,active,0.581,7.5643,0.3532,0.8097,3.1165,0.2078,-0.1007,0.441,0.7069,6.5151,2.9936,5.76,5.76,60.51,57.03,57.03,33.94,29.74,0.876,109.9,141.6,25.6,36.6,140.2,6.4,12.7,89.7,7.8,121.2,35.1,35.1
1132,active,0.4391,7.5358,0.5997,0.3012,9.1129,0.4468,0.053,0.8768,0.9144,4.4915,0.71,5.29,5.29,60.38,57.19,57.19,12.14,8.32,0.685,118.1,146.7,21.6,46.6,120.0,6.0,11.1,76.6,9.0,141.4,29.0,35.0
1133,active,0.3926,3.6185,1.8912,0.3555,13.8607,0.8259,0.1237,0.5714,0.6687,3.2832,0.3921,4.41,4.41,61.39,58.68,58.54,9.38,9.89,1.054,119.4,144.6,20.3,50.1,121.0,6.2,12.1,86.3,8.4,138.4,23.3,35.0
1134,active,0.5982,5.3997,0.7061,0.5728,12.8425,0.314,0.4493,0.7789,0.8576,1.6313,7.7866,5.15,5.15,60.61,57.49,57.49,12.27,9.3,0.758,121.1,147.6,21.0,48.2,121.7,5.9,11.3,79.7,8.6,138.5,26.8,35.0
1135,active,0.4406,2.8811,1.2905,0.3928,7.4503,0.8945,-0.2926,0.1818,1.4604,3.5662,4.2351,4.3,4.3,61.83,59.17,58.63,19.09,20.97,1.098,114.6,141.5,21.5,46.9,129.7,6.4,13.6,97.4,7.7,128.4,24.5,35.0
1136,active,0.2616,3.7207,1.8864,0.5172,3.6723,0.2789,-0.1509,0.7598,1.4117,3.1924,3.38,4.76,4.76,61.15,58.24,58.24,16.42,15.69,0.956,120.1,150.7,22.1,45.3,125.5,5.7,10.8,76.4,8.3,134.3,26.0,35.0
1137,active,0.3897,3.2587,1.4621,0.3961,17.0286,0.8389,-0.2942,0.564,1.2643,1.6742,5.0941,4.14,4.14,61.72,59.16,58.57,8.23,10.1,1.227,119.5,145.7,20.2,50.3,121.1,6.1,12.0,85.7,8.3,137.8,21.6,35.0
1138,active,0.3511,5.2651,0.8132,0.3266,10.4494,0.5127,-0.0425,0.7938,0.8741,1.2757,7.5125,4.93,4.93,60.74,57.74,57.74,9.49,7.26,0.765,119.1,147.3,21.1,48.0,119.1,5.9,11.1,77.2,8.8,141.8,26.4,35.0
1139,active,0.5633,4.8922,0.6974,1.1567,3.5779,0.5075,-0.1893,0.6334,1.2461,6.5102,4.9892,2.96,4.12,64.63,62.71,58.81,33.82,45.67,1.35,131.0,168.0,23.9,40.9,156.6,4.6,10.4,82.6,6.1,104.8,11.2,35.0
1140,active,0.579,6.3306,1.7571,0.7255,5.2639,0.8508,0.3277,0.1096,0.795,1.4713,2.5748,4.89,4.89,61.33,58.33,58.33,26.35,25.85,0.981,116.5,139.8,22.0,45.7,136.2,6.6,14.1,104.8,7.3,122.1,26.9,35.0
1141,active,0.391,2.6918,1.9908,0.6444,12.3664,0.7634,0.1305,0.6923,0.613,7.0992,4.6267,4.06,4.12,61.92,59.4,58.57,10.96,13.5,1.232,125.2,152.5,20.1,50.4,123.9,5.5,11.0,80.2,8.0,134.3,19.4,35.0
1142,active,0.2734,3.2772,0.8125,0.4136,8.6573,0.3591,0.1736,0.5702,0.7155,6.8983,0.8072,4.68,4.68,60.95,58.1,58.1,8.6,7.35,0.855,118.7,144.6,20.7,48.9,119.7,6.2,11.8,83.1,8.7,140.6,25.4,35.0
1143,active,0.4832,7.5444,1.6506,0.3905,12.3471,0.6867,0.0094,0.7679,0.7411,1.0209,4.1648,4.53,4.53,61.31,58.53,58.53,10.94,10.99,1.005,122.6,151.0,20.8,48.8,122.2,5.7,10.9,77.1,8.4,137.2,23.0,35.0
1144,active,0.4287,4.888,1.7755,0.6872,8.637,0.2323,0.0972,0.0054,0.837,1.6769,3.3807,4.62,4.62,61.25,58.42,58.42,13.35,13.07,0.979,110.4,132.5,21.4,47.2,124.5,7.3,14.8,105.9,8.3,135.0,28.1,35.0
1145,active,0.3184,3.8199,0.8769,1.0992,11.8685,0.3989,0.3449,0.5475,1.3697,3.452,2.8175,3.95,4.12,61.9,59.45,58.57,7.92,10.61,1.34,123.0,147.8,19.9,51.1,122.4,5.9,11.8,86.0,8.1,135.9,19.7,35.0
1146,active,0.5004,6.207,1.5219,1.0183,6.5011,0.466,-0.2736,0.4187,0.9734,2.1219,3.8826,2.96,4.1,63.39,61.52,58.73,19.9,28.4,1.427,124.3,153.7,21.7,46.4,138.1,5.5,11.7,89.1,7.1,119.7,14.7,35.0
1147,active,0.5594,4.7523,0.7516,0.5441,19.8131,0.686,0.2407,0.0338,0.9567,2.5718,5.4818,4.65,4.65,61.05,58.21,58.21,8.41,7.54,0.897,110.1,130.8,20.4,49.6,119.9,7.5,15.1,106.8,8.6,140.1,27.6,35.0
1148,active,0.4032,6.1397,0.5921,0.7131,3.8268,0.5295,0.0015,0.1645,0.6887,1.051,1.23,4.64,4.64,61.4,58.56,58.56,20.5,20.66,1.008,112.1,136.9,22.4,44.6,131.6,6.9,14.3,103.1,7.8,127.4,28.1,35.0
1149,active,0.4498,6.4956,0.8779,0.6991,5.7348,0.5411,-0.218,0.9017,1.471,1.3926,3.5978,4.7,4.7,61.45,58.56,58.56,20.37,20.51,1.007,122.7,155.8,22.5,44.5,129.6,5.3,10.3,73.4,8.0,129.4,24.3,35.0
1150,active,0.2982,5.2093,0.7067,0.4435,3.0789,0.5351,0.5322,0.2524,1.3081,1.0392,4.8768,5.29,5.29,60.36,57.16,57.16,16.61,12.64,0.761,114.1,136.3,21.4,47.1,124.7,6.9,13.8,98.2,8.5,135.9,31.2,35.0
1151,active,0.2987,6.2717,0.7546,1.0228,4.2021,0.8618,-0.0744,0.9809,1.1541,4.7731,3.6243,2.97,4.1,63.45,61.57,58.73,14.31,22.96,1.604,135.4,166.6,20.2,50.1,133.5,4.6,9.8,75.0,7.2,123.4,10.5,35.0
1152,active,0.447,5.7348,1.8837,0.6972,11.5903,0.8148,0.147,0.8665,0.942,2.6888,4.5046,3.99,4.12,62.02,59.55,58.59,12.27,15.23,1.241,126.9,154.9,20.2,50.2,125.5,5.4,10.7,78.5,7.9,132.4,18.6,35.0
1153,active,0.2724,6.1678,1.783,1.048,15.1201,0.7755,-0.0931,0.5357,1.2971,5.3882,1.6448,3.58,4.1,62.19,59.97,58.6,6.01,10.15,1.689,121.6,146.1,19.6,51.9,121.5,6.0,12.2,88.6,8.1,136.8,17.9,35.0
1154,active,0.5901,5.2343,0.3448,1.038,10.2914,0.5613,0.2836,0.0243,1.0682,2.7135,2.1025,4.43,4.43,61.63,58.91,58.57,15.38,16.51,1.073,113.2,134.2,20.9,48.4,127.8,7.2,15.1,110.4,7.9,130.3,25.5,35.0
1155,active,0.316,6.4419,1.2224,1.1455,4.5233,0.864,-0.2849,0.7063,0.7038,9.2984,2.3208,2.98,4.1,64.63,62.7,58.91,15.27,27.08,1.773,131.4,162.2,20.5,49.5,137.0,4.9,10.7,82.8,7.0,119.7,8.6,35.0
1156,active,0.4628,4.3287,0.9287,0.6574,3.5958,0.818,0.1841,0.5517,1.4498,3.0423,3.7243,4.72,4.72,61.38,58.48,58.48,26.38,26.3,0.997,123.6,153.0,22.4,44.8,137.7,5.5,11.6,85.7,7.3,121.1,24.9,35.0
1157,active,0.4504,4.3242,1.6483,0.292,7.5665,0.6266,-0.1911,0.8039,0.6651,2.0418,2.3407,4.81,4.81,61.18,58.23,58.23,17.71,16.93,0.956,119.6,150.2,21.9,45.9,126.4,5.7,11.1,78.5,8.2,133.0,25.9,35.0
1158,active,0.515,2.4364,1.0032,0.5544,4.3494,0.8094,0.2001,0.3338,1.399,4.1943,3.3628,5.25,5.25,60.77,57.58,57.58,28.26,25.56,0.904,117.0,144.2,22.8,43.6,137.1,6.2,13.1,95.3,7.6,122.6,30.1,35.0
1159,active,0.316,5.8865,1.1343,1.107,16.6318,0.7964,0.5623,0.0302,1.4303,1.4055,2.1868,4.16,4.16,61.57,59.02,58.52,5.85,7.29,1.246,112.2,131.5,19.7,51.4,119.5,7.5,15.2,109.3,8.4,139.5,24.0,35.0
1160,active,0.4054,3.3441,0.9686,1.1122,8.98,0.7535,0.423,0.9422,0.5125,1.6283,5.3825,3.95,4.14,62.1,59.65,58.57,12.89,16.14,1.252,131.1,159.1,20.2,50.1,127.6,5.1,10.2,76.1,7.7,129.9,17.2,35.0
1161,active,0.5871,5.334,1.2708,1.1714,3.9921,0.3057,0.0427,0.5227,0.9622,3.9298,4.2507,3.02,4.14,63.21,61.3,58.75,31.75,39.63,1.248,129.5,161.1,23.2,42.7,151.0,5.0,11.0,87.0,6.3,109.0,14.1,35.0
1162,active,0.4153,2.2143,0.3353,1.0578,4.4485,0.4041,0.4516,0.1857,1.0132,3.7945,2.3741,3.95,4.17,62.22,59.76,58.57,22.66,26.22,1.157,121.8,144.0,21.1,47.9,137.3,6.2,13.7,105.3,7.0,120.3,21.0,35.0
1163,active,0.2718,4.6251,1.0324,0.4988,3.0111,0.4929,0.0447,0.3718,1.3281,9.5933,5.6747,4.8,4.8,61.06,58.13,58.13,16.64,15.51,0.932,114.7,140.5,21.9,45.9,126.8,6.5,13.1,92.9,8.2,133.0,28.1,35.0
1164,active,0.3083,7.0486,1.5802,0.492,4.2824,0.2904,0.2442,0.2541,1.4638,1.0205,4.9404,4.83,4.83,61.01,58.06,58.06,14.34,13.05,0.91,113.4,136.4,21.3,47.5,124.5,6.9,13.9,99.1,8.3,135.1,28.1,35.0
1165,active,0.5361,2.8522,1.634,0.3504,17.4961,0.4389,0.4163,0.2485,1.1279,2.1399,1.9608,5.04,5.04,60.63,57.57,57.57,9.59,6.86,0.715,111.8,133.7,20.7,49.0,119.2,7.2,14.1,98.9,8.8,141.5,29.1,35.0
1166,active,0.4788,7.7093,1.246,0.2305,5.7028,0.4516,0.4352,0.9024,0.8993,1.0474,7.6842,6.02,6.02,59.69,56.09,56.09,17.91,10.9,0.609,119.7,147.7,22.0,45.6,123.0,5.9,11.0,76.2,8.9,138.8,32.8,35.0
1167,active,0.5341,7.8624,0.6755,1.0293,13.5066,0.248,0.3102,0.5661,0.7906,3.5459,5.898,4.24,4.24,61.67,59.05,58.54,10.27,11.81,1.15,121.6,146.6,20.4,49.7,123.8,6.0,12.0,86.8,8.1,134.8,21.8,35.0
1168,active,0.4628,5.6998,0.4646,0.9222,9.4795,0.6738,0.3974,0.2408,1.0707,1.7814,2.8829,4.53,4.53,61.43,58.65,58.54,12.76,13.15,1.031,116.5,138.7,20.7,49.0,125.0,6.7,13.7,99.2,8.1,133.6,24.8,35.0
1169,active,0.5469,5.0774,0.4837,1.0341,4.3056,0.5786,0.3041,0.5516,1.3472,1.9294,2.9168,3.7,4.17,62.5,60.19,58.61,28.24,33.0,1.169,130.2,157.8,21.8,46.3,144.0,5.2,11.5,89.7,6.6,114.3,17.5,35.0
1170,active,0.266,2.8383,1.0317,0.5814,10.4444,0.8611,-0.1294,0.5905,0.8674,2.4321,3.6338,4.13,4.13,61.68,59.13,58.56,7.58,9.36,1.235,120.8,147.1,20.2,50.3,121.2,6.0,11.8,84.2,8.3,137.7,21.3,35.0
1171,active,0.5034,4.4425,1.9732,0.779,15.5829,0.3355,-0.2947,0.8173,0.8138,2.7218,3.8666,4.2,4.22,61.74,59.15,58.57,11.42,13.24,1.159,121.4,150.2,21.1,47.9,123.6,5.7,11.1,79.1,8.2,135.3,21.8,35.0
1172,active,0.4415,5.7439,1.8732,0.4787,15.775,0.8964,0.4312,0.5412,0.5391,3.425,1.4751,4.65,4.65,61.02,58.18,58.18,8.14,7.14,0.877,119.6,144.4,20.3,50.0,119.4,6.2,11.9,84.4,8.6,140.7,24.5,35.0
1173,active,0.396,3.0519,0.9506,0.9199,4.3978,0.5702,0.2804,0.8233,0.6368,1.9957,2.4511,3.79,4.15,62.39,60.03,58.62,21.37,25.66,1.201,132.4,161.8,21.1,48.0,136.4,4.9,10.4,79.2,7.1,121.1,16.9,35.0
1174,active,0.327,3.8447,1.6749,0.4988,3.7813,0.544,-0.2802,0.5938,0.8772,1.8972,4.9429,4.24,4.24,61.99,59.36,58.65,22.13,24.54,1.109,121.1,152.8,22.3,44.9,132.7,5.5,11.2,81.1,7.6,125.7,22.4,35.0
1175,active,0.4021,6.4686,0.7881,0.6678,16.6124,0.4179,-0.0952,0.337,1.3843,1.5104,5.7804,4.46,4.46,61.21,58.48,58.48,7.45,7.35,0.987,113.4,136.8,20.6,49.2,119.3,6.9,13.5,94.9,8.6,140.8,25.7,35.0
1176,active,0.5238,3.3784,1.4137,0.285,3.9378,0.4464,-0.0319,0.7836,1.2631,4.201,5.2335,7.05,7.05,58.94,54.78,54.78,33.85,23.13,0.683,111.6,146.5,25.2,37.8,131.5,6.0,11.1,74.7,8.8,131.5,42.1,42.1
1177,active,0.3874,5.2966,1.1426,1.0998,10.7731,0.812,-0.1414,0.8706,0.7124,1.353,6.9099,3.28,4.1,62.79,60.73,58.65,9.84,16.14,1.64,129.8,158.6,19.9,50.9,127.1,5.1,10.5,78.0,7.7,130.2,14.0,35.0
1178,active,0.458,4.0149,0.7693,0.6503,16.8356,0.7619,-0.1823,0.4274,0.6938,1.2328,6.7212,4.27,4.27,61.56,58.93,58.54,8.71,9.91,1.138,116.9,142.0,20.5,49.5,121.5,6.4,12.7,90.4,8.3,137.6,23.3,35.0
1179,active,0.4494,2.7028,1.4901,1.0744,4.6272,0.6355,-0.1759,0.6076,0.7644,2.2356,7.1752,2.97,4.1,64.63,62.71,58.9,25.5,37.33,1.464,132.7,166.8,22.0,45.6,146.3,4.6,10.4,81.5,6.5,112.0,9.2,35.0
1180,active,0.3848,4.4358,0.777,0.6396,18.412,0.2785,0.5854,0.2057,1.4433,2.196,4.3583,4.55,4.55,61.04,58.26,58.26,6.32,5.58,0.883,113.8,135.0,20.1,50.6,118.3,7.1,13.9,98.6,8.7,141.9,25.9,35.0
1181,active,0.3769,4.2237,0.6838,0.5419,3.2632,0.6539,0.2977,0.66,0.8214,3.2191,6.1691,5.0,5.0,60.96,57.91,57.91,22.36,20.61,0.922,123.6,152.1,22.0,45.7,131.9,5.6,11.3,81.9,7.9,127.4,26.7,35.0
1182,active,0.4861,3.4485,0.3799,0.297,4.9332,0.625,0.309,0.3038,1.3805,3.5554,2.576,6.4,6.4,59.44,55.64,55.64,23.02,14.68,0.638,109.8,134.8,22.8,43.6,126.1,7.1,13.9,95.6,8.8,135.7,38.0,38.0
1183,active,0.3803,2.2876,1.6685,0.6489,16.048,0.631,0.4711,0.944,0.6144,4.9204,5.158,4.49,4.49,61.17,58.43,58.43,7.73,7.47,0.966,123.7,150.2,20.2,50.3,119.8,5.7,10.9,77.9,8.5,139.9,22.5,35.0
1184,active,0.4291,3.5213,0.3761,0.6648,3.501,0.724,0.3497,0.4389,0.7652,1.6586,3.6253,5.16,5.16,60.83,57.69,57.69,25.16,22.81,0.907,120.1,146.3,22.3,45.0,134.1,6.0,12.5,91.0,7.7,125.3,28.6,35.0
1185,active,0.3399,2.6263,1.1401,0.8553,8.2107,0.7715,0.4375,0.243,0.7399,1.7662,3.2693,4.34,4.34,61.59,58.92,58.54,11.84,12.97,1.095,117.7,140.0,20.4,49.8,124.5,6.6,13.4,97.9,8.0,133.8,23.3,35.0
1186,active,0.3423,5.9216,1.4441,0.2986,6.8351,0.6027,0.564,0.8265,1.4825,5.3292,4.1381,5.36,5.36,60.24,57.02,57.02,11.4,7.02,0.616,120.0,146.0,21.0,48.2,119.6,6.1,11.3,79.2,8.9,141.7,28.7,35.0
1187,active,0.5042,6.6504,0.6459,0.978,9.7822,0.3758,0.5412,0.3647,1.2755,3.025,3.8068,4.56,4.56,61.42,58.62,58.52,13.03,13.28,1.019,118.5,140.8,20.6,49.3,125.3,6.5,13.2,96.5,8.0,133.1,24.1,35.0
1188,active,0.4539,7.4539,1.1246,0.6536,3.7603,0.4838,0.3558,0.6492,0.6481,1.527,3.6065,5.04,5.04,60.99,57.92,57.92,22.68,20.96,0.924,124.2,152.0,21.9,45.9,132.5,5.6,11.3,82.3,7.8,126.6,26.0,35.0
1189,active,0.4485,5.1558,0.9606,0.8731,12.4619,0.5703,0.0866,0.2378,0.9204,1.745,6.1749,4.12,4.14,61.8,59.25,58.55,10.38,12.5,1.204,116.3,139.4,20.5,49.5,124.0,6.6,13.5,98.0,8.1,134.4,22.9,35.0
1190,active,0.4077,5.1235,1.9836,1.1168,16.8151,0.5639,0.4431,0.9099,1.2645,1.6007,1.017,4.09,4.13,61.76,59.23,58.55,7.79,9.85,1.264,125.2,151.0,19.8,51.2,121.4,5.7,11.1,80.4,8.2,137.1,19.5,35.0
1191,active,0.3949,3.7232,1.4939,1.065,3.53,0.2081,-0.0941,0.4479,1.0277,5.7888,3.0344,3.03,4.15,63.21,61.3,58.68,24.12,32.02,1.328,125.5,155.7,22.6,44.1,142.5,5.3,11.4,88.0,6.9,116.2,15.7,35.0
1192,active,0.5107,3.6897,0.8597,0.3409,12.0239,0.405,0.1554,0.7744,1.1016,6.5154,3.8285,5.3,5.3,60.4,57.2,57.2,12.91,9.09,0.704,118.0,145.9,21.5,46.9,120.9,6.1,11.4,79.0,8.9,140.2,29.1,35.0
1193,active,0.3579,5.7239,0.9733,0.7007,10.442,0.451,0.0932,0.6849,0.7283,3.1055,3.3383,4.36,4.36,61.47,58.78,58.54,9.14,9.92,1.085,121.5,148.2,20.6,49.2,121.9,5.9,11.4,81.7,8.3,137.2,22.4,35.0
1194,active,0.469,5.2671,0.3675,1.1989,3.8307,0.3088,-0.2459,0.2689,0.6176,6.0122,2.8901,2.97,4.15,63.37,61.49,58.77,25.81,34.23,1.326,119.3,148.4,23.3,42.5,144.6,5.9,12.9,98.8,6.8,114.6,16.8,35.0
1195,active,0.3568,3.8458,1.1554,0.3559,7.5741,0.6209,0.3714,0.9065,0.66,1.3353,4.3325,5.04,5.04,60.65,57.6,57.6,12.19,9.53,0.782,121.9,149.2,21.0,48.3,121.6,5.8,11.0,77.8,8.6,138.8,26.5,35.0
1196,active,0.3084,4.8327,1.1977,0.5581,3.2569,0.6783,0.2591,0.3538,0.5932,2.0263,0.4142,4.59,4.59,61.33,58.51,58.46,17.56,17.56,1.0,119.2,144.5,21.3,47.5,129.0,6.2,12.7,92.1,7.9,129.8,25.4,35.0
1197,active,0.5727,3.4808,1.0393,0.3894,4.4857,0.4612,0.0352,0.2924,1.2225,8.6408,3.3955,6.97,6.97,59.12,55.0,55.0,32.17,22.09,0.687,105.9,135.3,24.9,38.5,132.1,7.0,13.7,92.5,8.6,130.3,42.7,42.7
1198,active,0.3608,4.2614,0.5679,1.1345,12.5146,0.3212,0.1284,0.0961,0.7922,3.2236,4.6092,3.96,4.14,61.94,59.49,58.54,8.96,11.73,1.309,114.2,135.6,20.3,50.0,123.3,7.0,14.4,104.9,8.1,135.1,22.6,35.0
1199,active,0.5738,2.5592,1.4651,0.6294,6.3336,0.3689,-0.1916,0.7484,1.2343,5.3203,5.2548,5.56,5.56,60.63,57.26,57.26,29.13,25.57,0.878,116.1,150.5,24.3,40.0,133.8,5.7,11.0,76.8,8.0,126.4,31.1,35.0
1200,active,0.584,5.7047,0.4671,0.9535,10.2505,0.338,-0.0718,0.9198,1.3837,3.0617,2.0325,4.64,4.64,61.39,58.54,58.54,15.32,15.42,1.007,123.1,154.0,22.0,45.8,126.5,5.4,10.4,74.3,8.1,132.6,23.6,35.0
1201,active,0.3178,4.206,0.9601,0.242,17.6257,0.2801,0.5745,0.1952,1.3706,5.1814,4.7101,4.74,4.74,60.69,57.81,57.81,5.34,3.28,0.614,110.8,131.4,20.2,50.3,116.3,7.5,14.5,101.5,9.0,144.9,28.0,35.0
1202,active,0.3588,4.8248,1.795,1.0641,17.0419,0.2431,-0.023,0.9674,0.8565,4.9713,2.2073,4.05,4.13,61.76,59.26,58.54,6.98,9.11,1.305,124.4,151.9,20.2,50.2,120.7,5.6,10.8,77.3,8.3,138.2,19.7,35.0
1203,active,0.5349,3.2254,0.6179,0.4579,7.5168,0.7352,0.3428,0.5781,0.8067,3.137,2.8487,5.64,5.64,60.24,56.85,56.85,18.64,13.83,0.742,117.6,144.1,21.9,45.8,125.6,6.2,12.1,84.9,8.5,134.8,31.0,35.0
1204,active,0.3831,4.3392,0.8061,0.4368,3.7051,0.4735,-0.0516,0.7141,0.8113,8.1081,8.4189,5.43,5.43,60.48,57.2,57.2,22.1,18.3,0.828,116.5,147.5,23.2,42.7,128.9,5.9,11.4,79.7,8.3,131.8,31.1,35.0
1205,active,0.4785,6.5682,1.7553,0.6017,9.8247,0.5207,-0.2662,0.4495,1.1917,3.4147,4.7821,4.27,4.27,61.8,59.17,58.57,14.99,16.86,1.125,117.5,144.8,21.4,47.3,126.2,6.1,12.3,87.9,8.0,132.3,23.2,35.0
1206,active,0.367,4.9176,0.7804,0.9882,7.8203,0.3249,-0.0768,0.9812,1.292,8.6564,0.8714,3.84,4.13,62.18,59.79,58.57,12.32,15.95,1.295,127.4,157.6,21.1,48.0,127.3,5.2,10.2,75.0,7.8,130.8,18.3,35.0
1207,active,0.4996,2.1705,1.7026,1.0612,3.5761,0.5985,0.0753,0.5802,0.7373,6.7109,7.2263,2.96,4.1,64.63,62.71,58.96,35.44,47.29,1.334,136.4,170.3,22.5,44.4,156.6,4.4,10.5,85.2,5.9,103.8,8.6,35.0
1208,active,0.2599,5.9129,1.7057,0.59,18.0204,0.8533,0.1273,0.9458,1.3815,6.0358,3.1268,4.14,4.14,61.49,58.94,58.53,4.75,5.99,1.261,124.6,151.8,19.7,51.4,118.1,5.6,10.7,76.0,8.5,141.4,20.0,35.0
1209,active,0.5398,2.1028,0.8581,0.5218,7.7706,0.4471,0.032,0.7587,1.4939,1.4239,4.6553,5.66,5.66,60.33,56.92,56.92,20.88,16.32,0.782,116.7,146.9,22.8,43.5,126.7,6.0,11.4,79.2,8.5,134.0,31.5,35.0
1210,active,0.2757,4.8652,0.4044,0.2274,14.0613,0.7765,-0.2263,0.6597,1.2591,2.3565,4.5067,4.58,4.58,60.98,58.19,58.19,6.81,5.89,0.865,118.4,145.0,20.4,49.7,117.3,6.1,11.6,81.1,8.9,143.5,24.9,35.0
1211,active,0.3522,5.8319,1.0956,0.4566,19.9937,0.2661,0.1959,0.1188,0.8571,2.41,2.1705,4.45,4.45,61.07,58.35,58.35,5.23,4.74,0.906,111.2,132.3,20.2,50.3,117.4,7.4,14.5,102.0,8.8,143.1,26.4,35.0
1212,active,0.5265,3.7998,0.7898,0.6031,12.2829,0.5594,0.187,0.329,0.9257,7.4765,1.2391,4.8,4.8,61.09,58.16,58.16,12.38,11.33,0.915,114.9,138.7,21.0,48.3,123.3,6.7,13.4,95.1,8.4,136.1,26.7,35.0
1213,active,0.43,4.956,0.5641,0.8102,6.3792,0.5596,0.1886,0.0691,0.7797,1.9624,6.4087,4.28,4.28,61.74,59.1,58.56,16.47,18.14,1.101,113.9,135.8,21.1,47.9,129.4,7.0,14.9,108.9,7.7,128.8,25.1,35.0
1214,active,0.5971,5.8995,0.4495,0.8533,6.2212,0.6459,0.1372,0.5831,1.2934,5.4394,4.0405,4.51,4.51,61.71,58.92,58.61,21.75,22.91,1.053,123.9,152.6,21.8,46.1,133.7,5.5,11.5,84.2,7.5,124.4,22.6,35.0
1215,active,0.4043,6.8537,0.9741,0.5193,11.5119,0.8187,0.1978,0.4256,1.0758,2.0817,5.0606,4.47,4.47,61.25,58.52,58.52,8.87,8.85,0.998,116.5,140.2,20.4,49.7,121.0,6.6,13.0,92.4,8.5,138.5,24.7,35.0
1216,active,0.4359,2.2974,0.4096,0.7602,3.3094,0.3403,0.5137,0.6477,1.0848,6.534,3.7904,5.06,5.06,60.93,57.85,57.85,27.61,25.7,0.931,126.3,152.9,22.2,45.2,137.4,5.5,11.4,85.3,7.4,121.9,26.4,35.0
1217,active,0.586,2.3005,1.778,1.0428,10.8444,0.8782,0.1734,0.1587,0.6387,7.2082,3.5058,3.27,4.11,62.93,60.87,58.67,18.01,24.7,1.371,122.1,145.5,20.3,49.9,134.2,6.1,13.5,103.1,7.2,122.8,16.6,35.0
1218,active,0.44,2.6591,0.3203,0.2678,10.4217,0.3351,0.0489,0.3932,1.3528,1.0201,4.5937,5.7,5.7,59.97,56.55,56.55,13.6,7.95,0.585,109.0,134.0,22.0,45.6,119.0,7.2,13.5,91.8,9.2,143.4,34.3,35.0
1219,active,0.5507,5.1663,0.9527,1.0113,8.3214,0.3731,0.459,0.009,1.2238,1.7419,1.2715,4.6,4.6,61.52,58.69,58.55,17.71,18.18,1.027,114.7,135.1,21.0,48.1,129.8,7.1,14.9,110.4,7.7,128.3,25.8,35.0
1220,active,0.344,5.8227,0.4764,0.4305,15.5039,0.7762,0.0295,0.5815,1.2992,3.7629,3.723,4.44,4.44,61.16,58.45,58.44,6.61,6.41,0.97,118.9,144.4,20.2,50.1,118.4,6.2,11.9,83.7,8.7,141.8,23.9,35.0
1221,active,0.2708,4.5134,0.7599,0.8168,9.1271,0.6107,0.1823,0.475,0.7735,8.0931,2.6856,4.12,4.13,61.75,59.21,58.57,8.2,10.19,1.243,118.0,141.2,20.1,50.6,122.0,6.5,13.1,94.3,8.2,136.5,22.0,35.0
1222,active,0.4492,4.4599,1.2926,0.2119,12.8551,0.5434,-0.0439,0.2375,0.8875,8.3457,7.3237,5.08,5.08,60.6,57.52,57.52,10.95,8.08,0.738,109.8,133.4,21.3,47.5,119.5,7.2,14.0,97.1,8.9,141.7,30.5,35.0
1223,active,0.5821,5.9005,1.1722,0.6838,14.8437,0.7054,0.4609,0.937,1.4493,5.1684,2.2655,4.77,4.77,61.0,58.09,58.09,10.38,9.12,0.879,123.9,150.9,20.6,49.3,121.4,5.7,10.8,77.2,8.5,138.2,23.7,35.0
1224,active,0.2863,6.2541,0.9495,1.0037,6.7717,0.695,-0.2692,0.6892,0.5362,4.4157,7.1079,3.27,4.1,62.8,60.75,58.68,10.11,16.47,1.629,128.0,157.0,20.2,50.2,127.6,5.2,10.7,79.4,7.7,129.9,14.6,35.0
1225,active,0.3816,3.9435,1.8662,0.7592,5.6225,0.2027,-0.1857,0.319,0.8991,2.0407,4.9393,4.35,4.35,61.71,59.03,58.56,17.68,19.15,1.083,114.6,141.6,22.4,44.7,129.3,6.4,12.9,92.8,7.9,129.6,25.4,35.0
1226,active,0.4099,3.2581,0.7795,0.7134,7.4991,0.5991,-0.0637,0.6714,0.815,3.3007,4.9958,4.3,4.3,61.71,59.06,58.54,15.06,16.58,1.101,122.5,151.5,21.4,47.2,127.4,5.6,11.2,80.8,7.9,131.2,22.3,35.0
1227,active,0.4649,2.1865,1.4854,0.5184,5.4755,0.7937,0.5269,0.5728,0.7688,3.9754,3.2212,5.71,5.71,60.06,56.63,56.63,21.36,15.89,0.744,120.4,146.6,22.0,45.6,127.8,6.0,11.6,82.9,8.4,132.9,31.4,35.0
1228,active,0.2929,3.0348,1.009,0.9222,11.8126,0.2409,0.519,0.6397,0.5794,2.5326,1.4271,4.22,4.22,61.52,58.93,58.53,7.27,8.45,1.162,123.2,148.3,19.9,50.9,120.7,5.9,11.4,82.6,8.3,138.3,21.1,35.0
1229,active,0.2945,5.2996,1.5008,0.3043,5.6371,0.3287,-0.2144,0.3975,0.9498,3.4776,7.475,5.13,5.13,60.6,57.49,57.49,14.05,11.12,0.791,110.8,137.1,22.1,45.5,121.5,6.9,13.1,90.2,8.8,139.8,31.0,35.0
1230,active,0.4437,7.6376,1.0903,0.322,10.6418,0.6179,0.0854,0.5253,0.6794,2.1155,2.9045,4.89,4.89,60.86,57.88,57.88,10.69,8.84,0.827,115.5,140.8,21.0,48.3,120.7,6.5,12.6,88.2,8.7,139.6,27.3,35.0
1231,active,0.3826,3.5393,1.0067,0.594,7.9767,0.3277,-0.0677,0.1954,1.1117,5.4796,6.7067,4.74,4.74,61.09,58.19,58.19,13.64,12.68,0.93,110.8,134.8,21.7,46.3,123.9,7.1,14.1,99.3,8.4,136.1,28.8,35.0
1232,active,0.4521,6.208,1.8438,0.3421,3.1951,0.867,0.3561,0.5067,0.5998,1.0294,2.0206,5.98,5.98,59.98,56.4,56.4,26.8,20.67,0.771,116.7,143.2,22.7,44.0,131.3,6.3,12.5,88.8,8.2,129.3,33.7,35.0
1233,active,0.36,5.0555,0.6138,0.482,10.6936,0.7052,-0.1959,0.2531,1.2813,2.408,4.1998,4.62,4.62,61.12,58.3,58.3,9.94,9.33,0.939,111.4,134.8,20.9,48.5,120.4,7.1,14.1,98.5,8.6,139.6,27.2,35.0
1234,active,0.5883,4.6444,0.3127,1.111,17.8235,0.6076,0.3044,0.0839,1.2665,1.7251,0.9615,4.29,4.29,61.65,59.0,58.55,10.12,11.52,1.138,112.9,133.3,20.3,50.0,123.2,7.3,15.0,108.5,8.1,135.3,24.4,35.0
1235,active,0.568,4.5483,1.7311,0.67,3.9812,0.6955,0.3486,0.7846,0.713,1.2552,6.5328,5.26,5.26,60.96,57.76,57.76,32.42,30.28,0.934,128.2,158.9,22.7,43.8,141.1,5.1,10.6,78.9,7.2,118.3,25.9,35.0
1236,active,0.4367,6.4403,1.6443,1.1657,7.4155,0.5614,0.1816,0.8521,1.3103,3.8407,0.7353,2.96,4.11,63.38,61.51,58.71,15.3,23.78,1.554,135.3,164.2,19.9,50.9,133.8,4.8,10.2,78.6,7.1,122.9,10.5,35.0
1237,active,0.302,4.3744,0.7081,0.4279,7.7468,0.4478,0.0422,0.9885,1.2732,3.3938,5.7221,4.74,4.74,60.94,58.05,58.05,10.55,9.18,0.87,121.1,149.6,21.1,47.9,121.0,5.8,10.9,76.6,8.6,139.4,25.3,35.0
1238,active,0.2591,3.2728,1.9984,0.9106,3.6235,0.8417,0.0127,0.621,1.2442,2.8391,2.6439,2.95,4.1,64.12,62.22,58.86,17.39,27.88,1.603,133.1,162.4,20.2,50.3,136.3,4.9,10.7,83.1,7.0,120.3,9.5,35.0
1239,active,0.2761,4.7357,0.3417,0.3021,7.4799,0.6486,-0.0125,0.2284,0.5643,1.879,0.6695,4.85,4.85,60.79,57.84,57.84,9.48,7.54,0.795,110.4,133.3,21.0,48.2,119.4,7.3,14.3,99.2,8.8,141.5,29.1,35.0
1240,active,0.4768,4.1329,1.1805,0.7264,6.3895,0.3887,-0.1972,0.583,1.48,7.7362,5.7827,4.57,4.57,61.46,58.65,58.6,21.2,21.61,1.019,118.4,149.3,22.8,43.6,131.2,5.8,11.5,81.9,7.9,128.0,25.8,35.0
1241,active,0.4606,4.9756,0.6596,0.4531,4.3443,0.5436,0.3631,0.5265,0.7835,1.1287,3.95,5.81,5.81,60.08,56.6,56.6,22.26,16.67,0.749,116.9,143.2,22.4,44.7,128.5,6.3,12.4,87.6,8.4,132.0,32.5,35.0
1242,active,0.2777,3.9287,1.7132,0.3185,6.7294,0.6439,0.2114,0.1649,1.2967,3.6069,5.2844,4.62,4.62,61.17,58.34,58.34,11.35,10.82,0.953,112.0,133.7,20.6,49.2,122.0,7.2,14.6,103.8,8.4,137.6,27.1,35.0
1243,active,0.5052,4.1998,1.9259,0.2191,8.7623,0.5238,-0.0268,0.1655,1.4836,4.1634,1.8272,5.49,5.49,60.4,57.08,57.08,18.34,14.21,0.775,107.2,131.4,22.2,45.1,123.5,7.5,14.7,101.3,8.7,137.3,33.6,35.0
1244,active,0.3462,7.5938,0.5063,0.6847,6.3545,0.5658,0.4968,0.441,0.8075,9.7209,2.4173,4.72,4.72,61.05,58.17,58.17,11.68,10.7,0.916,119.0,142.8,20.7,49.0,122.9,6.3,12.5,89.7,8.4,136.6,25.6,35.0
1245,active,0.4384,2.9465,1.3574,1.0545,5.7514,0.6407,-0.1584,0.4133,1.2922,3.488,7.0757,2.94,4.1,64.24,62.35,58.79,21.22,32.09,1.512,127.2,156.8,21.5,47.0,141.7,5.2,11.8,91.4,6.8,116.1,12.2,35.0
1246,active,0.3083,5.1639,1.5433,0.5124,15.0829,0.6239,0.2131,0.791,0.7108,3.079,4.6804,4.3,4.3,61.36,58.72,58.52,6.24,6.84,1.096,122.9,149.4,20.0,50.8,118.9,5.8,11.1,78.8,8.5,140.7,21.6,35.0
1247,active,0.5209,2.4758,0.8775,0.7479,7.2063,0.716,0.0432,0.7848,1.4185,1.7991,8.2409,4.32,4.32,61.81,59.14,58.58,20.4,22.18,1.087,126.0,156.9,21.8,46.2,133.2,5.2,10.8,78.9,7.5,125.0,21.6,35.0
1248,active,0.4488,7.6034,1.9924,0.7226,5.6766,0.7419,0.3828,0.793,0.8493,3.9568,1.5324,4.52,4.52,61.53,58.75,58.57,17.41,18.1,1.04,126.6,154.0,20.9,48.3,128.9,5.4,10.9,80.1,7.8,129.3,22.0,35.0
1249,active,0.4258,5.9735,0.5973,0.5869,4.9908,0.8891,0.5373,0.0023,1.0887,1.3696,2.1778,5.46,5.46,60.38,57.08,57.08,17.92,13.79,0.77,109.7,129.5,21.6,46.7,125.9,7.7,15.7,111.8,8.4,134.3,32.8,35.0
1250,active,0.3011,5.7503,0.771,0.5223,13.4812,0.7258,-0.066,0.6328,1.3258,7.9449,2.0268,4.33,4.33,61.33,58.67,58.52,6.57,7.04,1.072,119.6,145.5,20.2,50.1,119.0,6.1,11.8,83.2,8.6,140.8,23.0,35.0
1251,active,0.4947,7.9656,0.3141,0.5161,4.7389,0.774,0.4358,0.1346,1.2385,1.5741,5.1621,5.68,5.68,60.19,56.77,56.77,19.96,14.91,0.747,110.3,131.7,22.0,45.6,126.9,7.4,15.0,106.6,8.4,133.6,33.8,35.0
1252,active,0.5264,3.8224,1.0983,0.9052,15.0515,0.25,0.0938,0.2895,0.8111,1.5353,3.5924,4.49,4.49,61.41,58.65,58.53,10.49,10.86,1.035,114.7,138.4,20.9,48.4,122.7,6.7,13.4,95.6,8.3,136.4,25.1,35.0
1253,active,0.5064,6.0524,1.0355,1.0743,3.0123,0.7956,0.0175,0.7293,1.4275,6.1959,5.7445,2.97,4.1,64.63,62.71,58.92,30.91,42.76,1.383,137.6,172.6,22.3,45.0,154.1,4.3,10.0,80.7,6.0,105.7,8.5,35.0
1254,active,0.402,3.6217,1.1724,0.5863,18.6773,0.32,-0.2669,0.5802,0.6655,7.5052,2.9218,4.51,4.51,61.18,58.42,58.42,7.58,7.33,0.967,117.1,143.4,20.8,48.7,119.1,6.3,12.0,83.8,8.7,141.1,24.7,35.0
1255,active,0.3859,2.7841,1.7281,0.9761,6.7998,0.8484,-0.192,0.3124,0.7906,2.4909,6.9567,2.97,4.1,64.63,62.71,58.82,17.72,29.59,1.67,126.5,154.1,20.5,49.6,137.9,5.4,12.3,95.2,6.9,118.9,10.7,35.0
1256,active,0.4415,2.6792,1.0479,1.1175,12.1907,0.3936,0.0226,0.0641,1.1259,5.0569,7.1926,3.64,4.12,62.35,60.08,58.6,11.25,15.7,1.396,115.5,137.5,20.6,49.3,127.1,6.8,14.4,106.0,7.8,130.7,21.0,35.0
1257,active,0.4285,3.2148,0.7236,1.0592,9.7597,0.675,-0.0228,0.87,1.1494,7.3102,3.8247,3.47,4.11,62.62,60.44,58.63,12.94,18.43,1.424,130.0,159.7,20.5,49.4,129.4,5.1,10.3,77.0,7.6,128.1,15.3,35.0
1258,active,0.298,7.6837,1.0904,1.0118,4.0908,0.8586,0.2273,0.3356,0.9071,1.194,5.4927,3.52,4.15,62.62,60.42,58.65,14.13,19.53,1.382,122.3,145.8,20.2,50.1,130.6,6.1,13.0,97.9,7.4,126.6,17.6,35.0
1259,active,0.385,6.2783,1.4608,1.0654,14.2539,0.5218,0.1519,0.4622,0.7144,7.4273,3.669,3.76,4.11,62.09,59.76,58.57,7.83,11.37,1.452,121.7,146.1,19.8,51.1,122.9,6.0,12.2,89.0,8.1,135.2,19.1,35.0
1260,active,0.2817,3.9642,1.1417,0.3129,19.2846,0.2975,-0.1263,0.9601,0.8172,1.5652,5.5729,4.5,4.5,60.98,58.23,58.23,5.04,4.22,0.837,121.4,149.1,20.3,49.9,116.6,5.8,10.8,75.1,8.9,144.4,23.4,35.0
1261,active,0.2771,2.6446,1.4096,0.8082,4.4075,0.4865,0.3923,0.8083,1.2074,2.2259,0.8093,4.2,4.2,61.82,59.22,58.57,14.79,16.82,1.137,127.8,155.1,20.6,49.3,127.9,5.4,10.8,79.8,7.7,130.0,19.8,35.0
1262,active,0.3172,3.3007,0.9574,0.6516,4.3941,0.4857,0.0003,0.5683,0.9592,2.7486,5.8824,4.43,4.43,61.51,58.78,58.57,16.54,17.33,1.048,120.2,148.5,21.8,46.1,128.8,5.9,11.7,84.5,7.9,130.2,24.3,35.0
1263,active,0.5883,7.1675,0.7091,1.1911,3.7097,0.3219,0.166,0.6706,1.1149,1.0621,8.4126,3.05,4.14,63.27,61.35,58.83,30.65,38.66,1.261,134.9,166.3,22.5,44.4,150.3,4.7,10.4,83.0,6.3,109.1,12.0,35.0
1264,active,0.293,4.3454,1.0612,1.1325,12.1255,0.2611,-0.201,0.2575,1.4391,4.8727,6.0773,3.99,4.11,61.85,59.39,58.59,7.6,10.1,1.329,115.2,138.5,20.5,49.5,121.8,6.7,13.5,96.8,8.3,137.0,22.5,35.0
1265,active,0.2521,5.5266,1.4947,0.9954,6.8251,0.2331,0.1762,0.4317,1.3391,4.0625,6.4927,4.05,4.13,61.86,59.35,58.56,9.12,11.51,1.262,119.2,143.2,20.3,49.9,123.2,6.3,12.6,91.6,8.1,135.2,21.5,35.0
1266,active,0.5902,3.2295,1.5241,0.5076,4.2731,0.7567,0.3279,0.0929,1.3189,8.7855,5.1282,6.08,6.08,60.0,56.36,56.36,33.05,26.89,0.814,112.4,137.2,23.4,42.2,138.1,6.9,14.4,103.8,7.8,122.5,35.8,35.8
1267,active,0.2728,3.7834,1.61,0.617,12.2564,0.8328,-0.0204,0.1625,1.102,1.37,4.5938,4.03,4.12,61.77,59.28,58.56,7.27,9.48,1.304,115.4,137.9,20.0,50.8,121.0,6.8,13.7,98.7,8.3,137.8,22.5,35.0
1268,active,0.2794,2.4038,1.3233,0.9218,9.3792,0.7283,0.2391,0.9731,0.9889,1.9269,3.3972,3.9,4.12,61.99,59.57,58.58,9.14,12.16,1.33,127.2,154.4,19.9,50.9,123.5,5.4,10.7,78.4,8.0,134.6,18.2,35.0
1269,active,0.5086,6.8228,0.7221,0.6148,12.9063,0.2325,0.2839,0.6562,0.5564,2.214,4.8958,4.82,4.82,60.92,57.99,57.99,10.4,8.85,0.851,119.6,145.7,20.9,48.5,121.1,6.1,11.7,82.3,8.6,138.9,25.6,35.0
1270,active,0.4492,3.3855,0.3509,1.0449,7.6216,0.897,0.1641,0.1112,1.4128,9.3132,4.4457,3.87,4.13,62.26,59.85,58.59,16.46,20.26,1.231,117.5,140.2,20.8,48.7,131.1,6.6,14.2,105.6,7.5,126.4,21.2,35.0
1271,active,0.3716,5.2503,1.805,0.2092,15.9967,0.6024,0.2946,0.1075,0.7771,7.6736,7.9594,4.62,4.62,60.95,58.14,58.14,6.9,5.81,0.842,110.4,131.0,20.2,50.2,118.0,7.5,14.9,104.6,8.8,142.5,27.5,35.0
1272,active,0.3293,2.0791,1.2918,0.5775,17.6638,0.2127,-0.2995,0.9235,0.7167,4.4872,4.9561,4.46,4.46,61.17,58.45,58.45,6.69,6.49,0.97,120.7,148.8,20.7,48.9,118.5,5.8,10.9,76.4,8.7,141.9,23.4,35.0
1273,active,0.5533,5.1952,1.2346,0.6578,7.9327,0.556,0.4317,0.877,1.398,1.877,3.9008,5.17,5.17,60.76,57.63,57.63,18.08,15.5,0.857,124.6,152.6,21.5,47.0,127.4,5.5,10.8,77.7,8.2,132.1,26.2,35.0
1274,active,0.2913,3.9428,1.3951,0.7796,3.0444,0.661,0.4156,0.0241,1.3173,3.8199,6.4772,4.38,4.38,61.71,59.01,58.62,18.34,19.76,1.077,115.5,136.3,21.0,48.2,130.8,6.9,14.8,110.3,7.6,127.1,25.0,35.0
1275,active,0.4784,7.6123,1.3326,0.451,13.4428,0.7042,0.2874,0.5336,0.5793,2.1399,7.9461,4.68,4.68,61.05,58.2,58.2,9.39,8.47,0.902,117.5,141.8,20.5,49.5,120.5,6.4,12.5,88.6,8.6,139.3,25.4,35.0
1276,active,0.3371,6.9014,0.9203,0.3373,8.7154,0.426,0.1104,0.1371,0.7976,8.1606,1.3721,4.94,4.94,60.73,57.73,57.73,9.81,7.52,0.767,109.9,132.1,21.0,48.1,119.6,7.4,14.5,100.9,8.8,141.2,29.6,35.0
1277,active,0.3275,6.5314,1.6172,0.6036,10.7052,0.2427,0.5515,0.3496,1.0399,1.2145,8.3263,4.63,4.63,61.0,58.18,58.18,7.93,6.9,0.87,115.6,137.7,20.2,50.1,119.4,6.8,13.3,94.7,8.7,140.7,25.8,35.0
1278,active,0.2712,7.313,0.5887,0.6499,7.4283,0.2546,-0.2347,0.5139,1.311,2.7775,5.1719,4.48,4.48,61.21,58.46,58.41,9.27,9.12,0.984,116.0,142.1,21.1,47.9,120.4,6.4,12.3,86.1,8.6,139.9,25.6,35.0
1279,active,0.5066,5.7445,0.8919,0.3122,3.2279,0.886,-0.0075,0.1112,1.0204,2.5,3.2756,6.15,6.15,59.91,56.22,56.22,31.36,24.82,0.791,106.9,134.5,23.9,40.9,134.9,7.1,14.8,102.5,8.1,126.2,37.9,37.9
1280,active,0.5612,4.16,0.8696,0.2304,5.7064,0.8429,0.0724,0.4012,0.6165,2.6159,4.06,6.23,6.23,59.76,56.03,56.03,24.88,17.78,0.715,112.0,140.7,23.1,42.8,128.6,6.5,12.9,88.1,8.6,132.6,36.1,36.1
1281,active,0.327,7.7655,1.1483,0.4317,5.272,0.7156,0.3877,0.2746,0.9436,2.1905,2.4886,4.95,4.95,60.78,57.78,57.78,12.64,10.51,0.831,114.3,137.0,20.9,48.3,122.5,6.9,13.6,96.7,8.5,137.5,28.4,35.0
1282,active,0.269,3.1843,1.8392,0.6595,11.8396,0.4285,0.23,0.7405,1.1198,1.1338,3.3753,4.23,4.23,61.52,58.92,58.54,7.07,8.24,1.165,122.3,148.1,20.0,50.7,120.1,5.9,11.4,81.8,8.4,139.1,21.3,35.0
1283,active,0.3645,2.0581,1.5631,0.6386,3.752,0.7408,0.167,0.6278,1.1418,9.126,6.0502,4.03,4.15,62.14,59.64,58.65,23.24,26.43,1.137,128.2,157.8,21.4,47.2,136.0,5.2,11.0,82.3,7.2,121.7,19.4,35.0
1284,active,0.424,4.9052,0.5948,0.4524,3.4035,0.6118,0.2865,0.0941,0.6308,2.079,2.4992,5.55,5.55,60.34,56.99,56.99,24.01,19.57,0.815,110.7,133.9,22.5,44.4,131.1,7.2,14.9,106.1,8.1,129.2,33.7,35.0
1285,active,0.3382,4.4355,0.5911,0.7498,4.3342,0.2222,-0.1088,0.2678,0.7465,6.7947,2.6041,4.73,4.73,61.25,58.35,58.35,17.98,17.53,0.975,112.3,138.7,22.6,44.1,128.3,6.7,13.3,94.8,8.1,131.4,28.3,35.0
1286,active,0.3671,2.0074,1.8612,0.8632,5.031,0.2535,-0.0921,0.2092,0.7648,2.6549,1.0692,3.9,4.17,62.18,59.76,58.59,19.67,23.21,1.18,117.0,143.5,22.2,45.2,133.2,6.3,13.0,95.9,7.5,125.2,23.0,35.0
1287,active,0.4059,7.3502,0.705,0.3563,4.2389,0.5185,-0.1837,0.6801,1.2424,1.6434,4.2879,5.79,5.79,60.06,56.59,56.59,21.89,16.41,0.75,113.9,145.5,23.3,42.5,125.2,6.1,11.4,77.3,8.8,136.6,33.9,35.0
1288,active,0.5473,5.8187,0.3737,0.6834,6.0696,0.5113,-0.0083,0.6439,0.5137,2.7298,4.9767,5.07,5.07,61.05,57.95,57.95,21.56,19.92,0.924,118.7,148.8,22.8,43.6,130.8,5.8,11.5,81.8,8.0,128.7,27.7,35.0
1289,active,0.4512,5.957,0.9727,0.2244,4.1011,0.4719,0.318,0.4771,0.8741,7.2814,6.2347,6.18,6.18,59.6,55.92,55.92,21.62,14.07,0.651,113.9,140.4,22.6,44.2,125.8,6.5,12.6,87.2,8.8,135.8,35.8,35.8
1290,active,0.548,7.9716,0.7243,0.469,5.1801,0.6277,0.171,0.3757,1.2742,4.6103,5.7293,5.39,5.39,60.6,57.33,57.33,22.27,18.88,0.848,114.9,141.2,22.4,44.8,130.3,6.5,13.1,92.9,8.1,129.5,30.8,35.0
1291,active,0.4505,4.3253,1.672,0.9837,4.1226,0.8874,0.2322,0.7118,1.0882,7.3348,0.8994,2.96,4.11,63.35,61.48,58.75,26.43,34.82,1.317,136.8,166.7,20.9,48.3,144.3,4.6,10.4,82.4,6.5,113.4,10.6,35.0
1292,active,0.3944,5.2378,1.4211,0.698,9.2267,0.5769,-0.2943,0.8404,1.4256,7.4123,3.0155,3.97,4.11,62.07,59.6,58.6,12.76,15.87,1.244,124.5,154.5,21.0,48.3,126.0,5.4,10.7,77.1,7.9,132.1,19.5,35.0
1293,active,0.3557,2.3166,1.2538,1.171,7.3442,0.8044,0.3051,0.1813,0.7694,1.3165,3.7989,3.25,4.12,62.88,60.84,58.67,13.98,20.59,1.473,122.9,145.4,20.0,50.8,131.4,6.1,13.3,101.6,7.3,125.6,16.3,35.0
1294,active,0.563,4.16,0.6944,0.9103,12.994,0.7416,0.1924,0.3032,0.7214,1.1782,6.5458,4.32,4.32,61.69,59.03,58.55,13.25,14.74,1.112,117.0,140.4,20.7,49.0,126.0,6.5,13.5,98.0,7.9,132.2,23.7,35.0
1295,active,0.2836,6.7673,1.917,0.3397,4.3678,0.245,0.0403,0.904,1.3991,2.265,7.1166,5.14,5.14,60.59,57.47,57.47,14.09,11.08,0.786,119.2,148.5,21.8,46.1,121.9,5.8,10.9,75.7,8.7,139.1,28.2,35.0
1296,active,0.4162,4.1627,0.3688,0.8949,6.9432,0.4694,0.2801,0.884,0.6053,6.0611,2.0759,4.23,4.24,61.8,59.18,58.56,15.25,17.17,1.126,129.4,158.7,20.8,48.7,128.5,5.1,10.3,75.4,7.7,129.6,19.8,35.0
1297,active,0.4037,7.376,1.0167,1.1541,6.4247,0.6871,0.4224,0.4958,0.9663,7.4767,1.2625,3.73,4.13,62.31,59.99,58.61,14.33,18.53,1.293,126.4,151.1,20.3,50.0,129.9,5.6,11.8,88.9,7.5,127.4,17.9,35.0
1298,active,0.5838,3.1647,1.4267,0.5751,18.3353,0.7536,-0.0051,0.1636,0.551,3.7109,3.5135,4.44,4.44,61.47,58.74,58.54,10.57,11.25,1.064,113.4,136.4,20.6,49.1,122.6,6.9,14.0,99.9,8.3,136.4,25.1,35.0
1299,active,0.3626,6.2472,0.6123,0.5096,8.0831,0.6572,0.3415,0.3046,1.0366,1.299,5.7685,4.73,4.73,60.97,58.09,58.09,10.67,9.44,0.885,114.4,136.9,20.7,49.0,121.6,6.9,13.7,97.2,8.5,138.3,27.1,35.0
1300,active,0.3762,4.3538,1.4361,0.2046,6.0301,0.2692,0.1708,0.5412,1.1551,1.3696,7.5816,5.73,5.73,59.94,56.5,56.5,16.0,10.19,0.637,113.1,139.7,22.2,45.3,121.2,6.6,12.4,84.9,9.0,140.8,33.6,35.0
1301,active,0.5428,4.989,0.8457,0.3227,13.3858,0.3811,0.1386,0.4713,1.4655,6.9735,4.3786,5.35,5.35,60.35,57.12,57.12,11.88,7.85,0.661,113.6,139.0,21.4,47.1,119.5,6.7,12.6,87.2,9.0,142.0,30.6,35.0
1302,active,0.5434,2.7473,1.1634,0.6685,16.3737,0.3639,0.2929,0.1087,1.2906,5.2251,1.7598,4.6,4.6,61.21,58.4,58.4,10.44,10.09,0.966,111.9,133.0,20.6,49.2,122.2,7.3,14.8,105.5,8.4,137.2,26.8,35.0
1303,active,0.3781,7.2463,1.3164,0.9587,16.8351,0.2756,0.5167,0.9315,1.2664,6.9733,7.1529,4.26,4.26,61.42,58.8,58.52,6.21,7.05,1.135,124.5,150.6,19.9,51.1,119.5,5.7,10.9,78.4,8.5,139.9,20.9,35.0
1304,active,0.3889,7.0952,1.3521,1.1635,7.243,0.4067,-0.0613,0.3074,1.2087,9.6911,3.2971,3.33,4.12,62.79,60.7,58.67,13.08,19.29,1.475,120.7,145.3,20.7,48.9,130.1,6.1,12.9,96.4,7.6,127.4,17.4,35.0
1305,active,0.3097,4.3735,0.7316,0.6215,9.1817,0.8082,0.0192,0.1038,0.5881,1.377,2.0165,4.29,4.29,61.55,58.91,58.54,9.31,10.44,1.121,112.0,133.7,20.4,49.6,122.2,7.2,14.8,105.7,8.3,136.7,25.2,35.0
1306,active,0.5249,4.8811,0.4663,0.3682,5.3078,0.5301,-0.152,0.3259,0.9726,1.9916,3.011,6.44,6.44,59.54,55.71,55.71,25.63,17.55,0.685,105.5,134.4,24.1,40.4,126.4,7.1,13.6,91.5,8.9,135.9,39.9,39.9
1307,active,0.4511,6.1729,1.6626,0.5655,6.7431,0.683,-0.2522,0.3637,1.3356,6.2607,3.6889,3.81,4.11,62.37,59.99,58.67,18.58,22.78,1.226,118.9,146.5,21.3,47.3,131.5,6.0,12.6,92.0,7.5,126.3,20.5,35.0
1308,active,0.4242,3.0795,0.529,0.9973,10.8917,0.8171,0.1452,0.1714,1.0704,7.2159,2.6879,3.99,4.12,62.01,59.54,58.61,11.08,14.0,1.264,116.9,139.5,20.3,49.9,125.4,6.6,13.8,100.9,7.9,132.5,21.8,35.0
1309,active,0.4246,6.3627,0.8429,0.4288,8.0562,0.5719,0.1981,0.4969,0.686,2.2784,4.4151,4.84,4.84,60.94,57.99,57.99,12.85,11.28,0.878,117.0,142.3,21.1,48.0,123.2,6.4,12.6,88.9,8.4,136.5,26.8,35.0
1310,active,0.5753,5.4582,1.2507,0.2213,15.217,0.4105,0.1616,0.636,1.0702,2.801,2.3093,5.34,5.34,60.35,57.13,57.13,11.25,7.24,0.644,116.5,143.3,21.3,47.5,119.1,6.3,11.8,81.0,9.0,142.3,29.3,35.0
1311,active,0.3007,3.9431,1.6044,1.1536,3.4926,0.2203,0.4485,0.732,1.18,2.7165,3.7186,3.13,4.13,63.08,61.11,58.74,18.32,25.68,1.402,135.4,162.3,20.1,50.4,136.3,4.9,10.5,82.6,7.0,120.5,12.0,35.0
1312,active,0.4448,5.0401,1.5768,0.7423,19.6105,0.3592,0.5185,0.7414,1.3816,5.9559,4.907,4.52,4.52,61.11,58.35,58.35,6.8,6.3,0.926,121.5,146.8,20.1,50.5,118.9,6.0,11.5,81.5,8.6,141.0,23.3,35.0
1313,active,0.5572,7.2889,1.0186,0.8674,18.5715,0.4572,0.4498,0.9366,1.0618,8.5427,2.1845,4.49,4.49,61.26,58.51,58.51,8.19,8.17,0.998,124.0,150.4,20.2,50.2,120.5,5.7,11.0,78.3,8.5,138.9,22.3,35.0
1314,active,0.3877,4.5312,1.7031,0.6134,12.7853,0.7117,-0.0941,0.8714,1.1849,2.8832,5.0533,4.07,4.11,61.86,59.34,58.58,10.26,12.63,1.231,123.8,151.7,20.4,49.8,123.2,5.6,11.0,79.5,8.1,135.2,20.1,35.0
1315,active,0.3867,4.2992,1.4183,0.4667,6.8209,0.8597,0.4627,0.537,1.491,1.2392,8.0103,5.1,5.1,60.64,57.54,57.54,14.12,11.3,0.8,118.8,143.7,21.1,47.9,123.2,6.2,12.2,86.3,8.5,136.9,27.9,35.0
1316,active,0.3235,3.4845,1.7681,0.2776,6.8609,0.7853,-0.2886,0.7645,0.6672,5.9263,6.7944,4.16,4.16,61.95,59.37,58.64,15.36,17.8,1.159,123.7,154.1,20.9,48.4,126.6,5.4,10.9,78.1,7.9,131.5,20.6,35.0
1317,active,0.4662,3.9113,0.6056,1.1059,3.5677,0.7723,0.1578,0.9832,0.6356,6.1556,0.7266,2.94,4.13,64.03,62.14,58.77,28.56,38.84,1.36,141.9,176.0,21.6,46.7,149.3,4.2,9.5,75.9,6.2,109.5,8.9,35.0
1318,active,0.5499,3.6739,1.0671,0.9103,8.2377,0.7298,0.4353,0.84,0.9103,1.2316,2.0632,4.71,4.71,61.35,58.46,58.46,18.63,18.47,0.991,127.9,156.0,21.2,47.6,130.2,5.3,10.6,77.9,7.8,128.2,22.6,35.0
1319,active,0.3912,7.276,0.4236,0.6528,12.5892,0.4333,0.3895,0.4046,1.3537,8.5452,1.5489,4.49,4.49,61.17,58.43,58.43,7.89,7.61,0.965,116.5,139.4,20.3,50.1,120.0,6.6,13.1,93.1,8.5,139.7,24.8,35.0
1320,active,0.3012,5.2776,1.6358,0.8997,3.1076,0.3353,-0.2861,0.0565,0.8796,3.3997,1.1802,3.38,4.14,62.85,60.72,58.72,19.83,26.09,1.316,115.7,141.8,22.2,45.2,135.7,6.4,13.7,102.5,7.3,122.5,20.0,35.0
1321,active,0.4368,4.663,0.6944,0.4939,13.7372,0.3407,0.3163,0.6871,1.1694,7.7885,7.8682,4.71,4.71,60.96,58.09,58.09,8.99,7.75,0.862,121.1,147.4,20.5,49.4,120.0,5.9,11.4,80.2,8.6,140.1,24.6,35.0
1322,active,0.3937,3.7535,0.8616,0.5249,3.462,0.7939,0.1926,0.8064,1.4716,5.2339,0.4654,4.91,4.91,61.07,58.07,58.07,23.22,21.9,0.943,126.5,157.8,22.1,45.3,133.2,5.2,10.5,75.8,7.7,126.1,25.2,35.0
1323,active,0.5814,4.6535,0.3749,1.1296,8.5205,0.3337,0.3952,0.7885,0.6282,1.4528,2.9461,4.15,4.15,62.12,59.54,58.63,18.15,21.07,1.161,130.1,157.8,20.8,48.6,132.1,5.2,10.7,80.2,7.4,125.2,18.2,35.0
1324,active,0.4143,4.3391,1.783,0.5133,10.2614,0.8321,-0.0602,0.3311,1.3059,1.7374,3.069,4.07,4.11,61.97,59.45,58.6,13.12,15.79,1.204,118.1,143.1,20.5,49.4,125.8,6.3,13.0,93.9,7.9,132.2,21.9,35.0
1325,active,0.5775,7.4824,0.6191,0.4467,17.3845,0.8423,-0.1532,0.0432,1.0024,1.1515,7.7146,4.7,4.7,61.05,58.18,58.18,9.59,8.62,0.899,107.3,128.5,20.8,48.8,119.9,7.8,15.7,109.6,8.7,140.3,28.9,35.0
1326,active,0.4219,7.8391,1.3797,0.4391,10.8676,0.3462,0.2922,0.8484,0.6143,1.9113,4.4401,4.66,4.66,61.04,58.19,58.19,9.88,8.92,0.903,122.0,148.7,20.6,49.2,120.9,5.8,11.2,79.2,8.6,139.0,24.2,35.0
1327,active,0.3315,5.1516,0.8523,0.8016,12.578,0.2314,-0.2055,0.0087,0.9242,7.9196,3.0396,4.42,4.42,61.32,58.6,58.52,7.93,8.19,1.033,109.0,130.5,20.9,48.5,120.0,7.6,15.1,106.3,8.6,139.9,27.0,35.0
1328,active,0.2993,5.092,0.8702,0.8236,12.195,0.8046,0.0874,0.2467,1.4187,6.5567,3.737,4.07,4.12,61.74,59.23,58.56,7.15,9.2,1.287,116.5,139.2,20.0,50.8,121.2,6.7,13.4,96.8,8.2,137.5,22.2,35.0
1329,active,0.3906,2.9213,0.9979,1.0272,13.1389,0.7194,-0.2273,0.8596,0.8143,6.1776,0.2439,3.39,4.1,62.54,60.42,58.6,9.07,14.49,1.598,128.3,157.3,20.1,50.5,125.7,5.2,10.5,77.6,7.8,132.0,15.4,35.0
1330,active,0.3721,2.9753,1.1238,0.9914,6.6264,0.883,-0.1602,0.2756,1.0054,9.5489,5.755,2.96,4.1,63.69,61.81,58.73,15.17,24.51,1.616,123.4,149.1,20.4,49.8,134.8,5.8,13.0,99.2,7.1,122.2,13.9,35.0
1331,active,0.452,4.9109,0.9445,0.7994,7.5353,0.449,0.4616,0.422,1.3419,4.4455,4.6227,4.73,4.73,61.17,58.28,58.28,15.43,14.71,0.953,120.4,144.8,21.0,48.2,126.6,6.2,12.4,89.8,8.1,132.4,25.3,35.0
1332,active,0.2665,4.3023,0.948,1.1606,4.705,0.3645,-0.279,0.1662,0.8624,8.9379,5.0022,3.2,4.14,62.99,60.98,58.71,12.88,19.86,1.542,116.9,141.0,21.0,48.1,130.8,6.5,13.9,103.9,7.5,126.8,18.1,35.0
1333,active,0.4201,7.578,0.4458,0.9385,17.4318,0.384,0.5805,0.544,1.3218,8.512,2.0488,4.35,4.35,61.31,58.64,58.52,6.38,6.75,1.058,120.2,144.0,19.9,50.9,119.3,6.2,12.1,86.6,8.5,140.3,22.7,35.0
1334,active,0.483,6.5137,0.3521,0.6527,19.2785,0.76,0.0091,0.6684,1.4818,2.7429,4.1041,4.4,4.4,61.3,58.6,58.52,7.26,7.51,1.034,118.7,144.1,20.3,49.9,119.6,6.2,12.1,85.3,8.6,140.2,23.5,35.0
1335,active,0.5073,7.9467,0.4254,0.9757,9.4364,0.4487,0.0149,0.2504,1.0221,6.6586,4.0133,4.37,4.37,61.7,59.01,58.57,13.41,14.84,1.107,113.4,136.5,21.3,47.5,126.1,6.9,14.1,102.0,8.0,132.4,24.9,35.0
1336,active,0.4285,2.6287,1.8594,0.9515,7.8309,0.2691,0.2893,0.1342,1.0134,3.2013,2.4583,4.11,4.14,62.03,59.48,58.6,16.71,19.47,1.165,115.8,137.5,20.9,48.6,129.9,6.8,14.5,107.9,7.6,127.7,23.1,35.0
1337,active,0.4662,5.1996,0.9219,0.7858,4.108,0.7771,0.0453,0.7896,1.4217,2.0306,9.2633,3.68,4.15,62.46,60.17,58.66,24.42,29.12,1.192,130.6,162.5,21.8,46.1,139.8,4.9,10.5,79.0,6.9,118.2,17.4,35.0
1338,active,0.5535,6.1688,0.7607,0.8702,7.3534,0.5645,-0.0554,0.8952,1.4389,9.3526,4.1604,4.11,4.18,62.02,59.47,58.64,19.03,21.77,1.144,125.7,156.9,21.9,45.9,132.4,5.2,10.6,77.5,7.5,125.8,20.6,35.0
1339,active,0.4697,3.652,0.3669,1.004,5.8552,0.3394,0.0792,0.5047,1.218,2.6443,7.8829,4.22,4.22,62.04,59.42,58.63,20.0,22.59,1.129,121.6,149.3,22.0,45.6,133.6,5.8,11.9,88.4,7.5,124.5,21.9,35.0
1340,active,0.3733,7.1303,0.5894,0.205,3.6887,0.5854,0.4558,0.7661,0.8465,1.846,6.7819,6.09,6.09,59.55,55.92,55.92,18.06,10.51,0.582,118.1,145.3,22.1,45.4,122.5,6.1,11.4,78.7,9.0,139.6,34.0,35.0
1341,active,0.4085,5.4225,0.8352,1.0535,6.0726,0.6993,-0.1366,0.4272,0.7918,9.6564,5.1402,2.97,4.1,63.47,61.59,58.73,16.1,24.81,1.541,125.5,152.6,20.8,48.8,135.4,5.5,12.1,92.4,7.1,121.8,13.6,35.0
1342,active,0.5446,7.4063,1.1566,0.6315,4.4996,0.8897,0.1777,0.7523,1.1262,4.1169,2.6035,4.79,4.79,61.39,58.45,58.45,24.42,24.24,0.993,126.2,156.9,22.1,45.3,135.8,5.2,10.7,78.7,7.4,122.8,23.7,35.0
1343,active,0.367,3.2611,0.6104,0.955,8.1553,0.2591,0.4955,0.4707,1.1174,1.3619,4.7288,4.22,4.24,61.73,59.12,58.54,12.77,14.49,1.135,123.4,147.9,20.4,49.8,126.0,5.9,11.9,87.8,7.9,132.2,21.4,35.0
1344,active,0.3959,4.3055,0.6722,0.7868,4.4101,0.3652,0.4942,0.5809,0.6972,4.079,3.5609,4.77,4.77,61.17,58.25,58.25,19.08,18.3,0.959,123.0,148.0,21.3,47.4,130.1,5.9,12.0,87.9,7.8,128.7,25.1,35.0
1345,active,0.2847,7.7368,1.0578,0.8245,4.5386,0.4334,0.0333,0.478,0.6842,5.2219,4.915,4.05,4.16,61.96,59.45,58.61,12.48,15.16,1.215,120.2,145.9,20.9,48.3,126.6,6.1,12.2,89.2,7.9,131.6,21.7,35.0
1346,active,0.3547,6.0422,1.4736,0.2701,4.9257,0.4786,-0.0636,0.737,0.7107,2.1019,3.7934,5.29,5.29,60.54,57.34,57.34,16.98,13.62,0.802,117.2,147.0,22.3,45.0,124.0,6.0,11.3,78.2,8.6,136.8,29.6,35.0
1347,active,0.5911,6.3587,0.6768,0.2436,14.4345,0.8814,-0.1928,0.1278,0.6228,5.9991,4.2927,5.05,5.05,60.72,57.66,57.66,12.14,9.69,0.798,108.3,131.8,21.3,47.4,120.7,7.4,14.7,101.5,8.8,139.9,30.4,35.0
1348,active,0.5951,4.34,0.6623,0.429,16.6375,0.2833,0.5902,0.3713,0.9422,6.8417,1.5461,5.31,5.31,60.29,57.09,57.09,10.44,6.31,0.604,113.0,135.2,20.9,48.5,119.0,7.1,13.6,94.8,9.0,142.2,30.6,35.0
1349,active,0.2519,5.6595,0.88,0.5081,17.7421,0.4676,0.4236,0.5316,0.6184,3.1969,4.653,4.35,4.35,61.12,58.46,58.46,4.14,3.98,0.961,117.8,141.5,19.8,51.2,116.8,6.4,12.4,87.5,8.8,143.5,23.6,35.0
1350,active,0.422,2.1028,1.1895,0.4288,9.0356,0.6431,0.1283,0.7268,0.7205,5.8263,5.0496,4.73,4.73,61.13,58.24,58.24,13.61,12.79,0.94,121.9,150.1,21.1,48.0,124.3,5.7,11.2,79.7,8.3,135.1,24.7,35.0
1351,active,0.3064,2.3795,1.2658,1.0163,12.786,0.6235,0.2926,0.2584,0.7301,5.9126,0.7604,3.89,4.12,61.93,59.52,58.56,7.75,10.63,1.372,116.4,137.8,19.8,51.2,122.3,6.8,14.0,101.7,8.1,136.0,21.4,35.0
1352,active,0.3544,7.3306,1.7395,1.0599,19.0636,0.6271,0.5009,0.1405,0.6159,5.3486,2.506,4.18,4.18,61.53,58.96,58.52,5.58,6.86,1.229,115.6,136.8,19.7,51.4,119.2,6.9,13.8,98.8,8.4,140.0,22.8,35.0
1353,active,0.3212,5.6301,1.4683,0.6772,4.4664,0.4704,-0.2372,0.6586,1.4634,1.7408,6.2275,4.06,4.14,62.1,59.58,58.65,17.1,20.13,1.177,123.7,154.8,21.8,46.3,129.8,5.4,10.7,78.0,7.7,128.4,20.7,35.0
1354,active,0.4383,2.7254,1.9485,0.4071,3.9463,0.6141,0.1788,0.1392,0.9538,1.7575,5.7963,4.97,4.97,61.16,58.12,58.12,28.24,27.15,0.961,114.9,140.2,22.3,45.0,136.1,6.6,14.1,102.9,7.5,122.8,28.5,35.0
1355,active,0.4866,2.8514,1.3203,0.7456,3.0076,0.3388,0.4611,0.5703,1.4292,9.4865,1.9421,5.47,5.47,60.6,57.28,57.28,33.22,29.62,0.892,126.8,155.2,22.9,43.4,141.6,5.4,11.1,83.2,7.3,118.5,28.4,35.0
1356,active,0.3372,5.9554,1.9321,0.9501,10.9323,0.8907,0.4175,0.9065,0.6649,2.1104,0.2825,4.04,4.14,61.82,59.32,58.54,8.99,11.31,1.258,127.8,155.0,19.9,51.0,122.7,5.4,10.5,76.7,8.1,135.7,18.8,35.0
1357,active,0.5938,4.5518,0.5523,1.0613,12.1035,0.843,-0.196,0.4693,1.1299,1.8714,2.3455,3.43,4.1,62.69,60.54,58.65,14.14,19.89,1.407,122.4,149.2,20.7,49.0,130.4,5.8,12.3,91.1,7.5,127.1,17.4,35.0
1358,active,0.2546,2.5214,1.6842,0.7533,15.7177,0.8147,0.2802,0.236,0.7644,1.3639,3.3403,4.14,4.14,61.55,59.0,58.53,5.61,7.03,1.253,115.5,137.4,19.8,51.3,119.1,6.8,13.6,97.6,8.4,140.2,22.9,35.0
1359,active,0.5813,3.4787,1.8961,0.9058,6.6746,0.5329,-0.0557,0.2232,0.675,4.8936,4.7583,3.48,4.12,62.78,60.6,58.65,26.02,31.91,1.226,120.8,148.5,22.2,45.3,140.7,5.9,12.8,97.5,6.9,117.4,18.6,35.0
1360,active,0.5303,6.9207,1.0877,0.4334,3.4249,0.684,-0.2435,0.3061,1.4499,5.0431,5.9814,5.74,5.74,60.45,56.99,56.99,33.67,29.35,0.872,107.9,139.2,24.4,39.6,137.2,6.7,13.6,94.3,7.9,123.5,35.1,35.1
1361,active,0.2902,4.0617,0.74,1.0042,16.8587,0.6523,0.1192,0.914,0.8627,1.4698,6.5412,3.93,4.13,61.76,59.33,58.54,5.72,8.08,1.413,126.1,153.4,19.8,51.3,120.0,5.5,10.6,76.4,8.3,138.8,18.8,35.0
1362,active,0.5359,6.2828,1.7288,0.4306,4.94,0.2498,0.4541,0.9177,1.1221,5.7425,8.8496,6.05,6.05,59.87,56.25,56.25,23.27,16.73,0.719,122.2,150.7,22.4,44.7,128.2,5.7,10.8,76.6,8.5,132.5,32.1,35.0
1363,active,0.3187,2.481,1.5911,0.25,7.6373,0.7052,0.0739,0.2933,0.5451,1.0559,1.4835,4.69,4.69,61.11,58.24,58.24,12.37,11.57,0.935,113.6,137.4,20.9,48.5,122.5,6.8,13.7,96.8,8.4,137.1,27.1,35.0
1364,active,0.5128,2.9473,1.2346,0.999,5.5514,0.7563,0.5763,0.5773,1.2619,7.2756,4.0249,4.8,4.8,61.27,58.33,58.33,23.14,22.59,0.976,127.0,152.6,21.5,46.9,134.5,5.5,11.4,85.4,7.5,123.9,24.0,35.0
1365,active,0.5797,3.5183,0.8172,0.8368,13.4767,0.3695,0.204,0.7981,0.5999,1.7467,5.0896,4.66,4.66,61.3,58.45,58.45,12.91,12.72,0.985,123.0,150.8,21.1,48.1,124.5,5.7,11.1,79.2,8.2,134.4,23.4,35.0
1366,active,0.4316,5.142,1.4608,0.2963,15.0883,0.2761,-0.1531,0.1616,0.5893,3.1347,3.9111,4.96,4.96,60.69,57.68,57.68,8.87,6.45,0.727,108.0,130.6,21.2,47.6,118.3,7.6,14.6,100.8,9.0,142.9,30.2,35.0
1367,active,0.3939,2.6197,1.4907,0.5507,6.4046,0.8772,0.2128,0.5608,0.615,3.4188,6.111,4.56,4.56,61.43,58.63,58.56,16.88,17.22,1.02,121.5,148.2,21.1,47.9,128.0,5.9,11.9,86.3,7.9,130.5,23.9,35.0
1368,active,0.3262,5.5427,1.8876,0.921,8.4299,0.5893,0.1085,0.4057,0.5689,2.5346,3.0192,3.55,4.11,62.45,60.23,58.64,10.88,15.76,1.449,122.3,146.7,20.0,50.8,126.3,6.0,12.4,92.0,7.8,131.3,17.9,35.0
1369,active,0.456,3.7517,0.806,0.3005,12.5102,0.2072,0.4026,0.7485,0.5118,7.5208,1.7356,5.2,5.2,60.42,57.28,57.28,10.31,6.76,0.656,119.8,146.5,20.9,48.4,119.2,6.0,11.3,78.5,8.9,141.9,27.7,35.0
1370,active,0.4756,3.5558,0.4679,0.911,10.7272,0.733,-0.1857,0.0616,1.2904,2.0948,3.9278,4.06,4.12,62.02,59.51,58.59,13.35,16.19,1.213,111.9,134.7,21.0,48.1,126.9,7.1,15.0,108.7,7.9,131.2,23.9,35.0
1371,active,0.484,3.9931,1.4499,0.3181,6.6952,0.7197,0.5885,0.682,0.7546,8.5589,4.3534,6.28,6.28,59.45,55.72,55.72,17.87,9.78,0.547,117.7,143.7,22.0,45.6,122.1,6.2,11.6,80.2,9.1,139.9,34.6,35.0
1372,active,0.4963,2.6144,1.8359,0.8766,9.2721,0.7576,0.1556,0.9503,1.268,1.8049,5.3691,3.46,4.11,62.61,60.44,58.65,17.24,22.73,1.318,132.0,161.5,20.4,49.7,132.2,4.9,10.3,77.8,7.3,125.0,15.0,35.0
1373,active,0.264,3.0928,0.9369,0.8071,9.6795,0.4571,0.2341,0.5869,1.3525,1.468,1.4163,4.21,4.21,61.62,59.03,58.54,8.1,9.57,1.181,122.6,148.5,20.1,50.5,121.4,5.9,11.5,82.6,8.3,137.5,21.1,35.0
1374,active,0.2543,7.6194,1.309,0.8598,3.287,0.3954,-0.1152,0.2511,1.1484,6.3471,3.8483,3.81,4.15,62.32,59.95,58.65,14.18,18.26,1.288,116.5,141.0,21.2,47.7,128.9,6.5,13.5,98.9,7.7,129.1,21.3,35.0
1375,active,0.2704,2.3032,1.0584,0.7469,5.0276,0.8316,-0.0446,0.8475,0.5965,9.9479,2.726,3.69,4.14,62.36,60.06,58.63,13.4,17.8,1.328,127.9,157.3,20.6,49.3,128.6,5.2,10.7,78.7,7.7,129.0,17.3,35.0
1376,active,0.4138,3.6248,1.512,0.5248,7.6761,0.7666,-0.2203,0.2571,1.4635,3.6525,4.0494,4.09,4.12,62.06,59.52,58.64,16.93,19.79,1.169,115.2,140.7,21.2,47.7,129.0,6.5,13.7,99.3,7.7,128.9,23.0,35.0
1377,active,0.3017,2.0125,0.476,0.9255,7.6671,0.5056,0.372,0.4367,1.3645,2.9927,7.9448,4.16,4.18,61.75,59.18,58.54,11.15,13.03,1.169,121.3,145.5,20.3,50.0,124.6,6.1,12.3,90.1,8.0,133.6,21.7,35.0
1378,active,0.2547,2.9737,0.9704,0.3447,14.3987,0.2492,0.5073,0.6267,0.543,2.6433,3.7997,4.58,4.58,60.89,58.1,58.1,5.21,3.99,0.766,118.4,142.8,20.1,50.6,116.9,6.3,12.0,84.6,8.9,143.8,24.8,35.0
1379,active,0.5008,3.5106,0.6995,0.6445,4.1579,0.4259,0.2685,0.7016,1.1388,1.1098,5.2048,4.92,4.92,61.04,58.03,58.03,26.6,25.23,0.948,125.8,156.0,22.5,44.5,136.6,5.3,10.9,80.1,7.5,122.8,25.9,35.0
1380,active,0.4794,5.5039,1.6035,0.2748,4.1586,0.373,0.0618,0.9242,0.6587,1.7974,3.2515,6.23,6.23,59.65,55.93,55.93,25.56,18.13,0.709,114.5,145.9,23.8,41.2,128.4,6.1,11.4,77.7,8.7,133.5,36.3,36.3
1381,active,0.5964,6.2571,1.6096,0.8069,6.7595,0.4529,0.5578,0.1106,0.508,8.574,1.3902,5.28,5.28,60.7,57.5,57.5,20.88,17.95,0.86,114.2,134.9,21.7,46.5,129.9,7.1,14.6,106.9,8.0,129.3,30.2,35.0
1382,active,0.4842,4.5064,1.4167,1.081,5.544,0.2689,0.2726,0.321,0.9041,6.8893,5.9718,3.36,4.14,62.82,60.71,58.7,21.51,27.75,1.29,124.3,148.5,21.1,47.9,138.5,5.9,12.9,100.0,6.9,119.1,17.1,35.0
1383,active,0.291,3.7654,1.9819,0.511,12.5191,0.3666,0.2796,0.8123,0.7311,2.5973,3.4036,4.38,4.38,61.3,58.62,58.53,7.2,7.5,1.042,123.1,149.7,20.1,50.5,119.4,5.8,11.0,78.4,8.5,140.2,22.1,35.0
1384,active,0.5848,3.8676,1.5485,0.3103,3.6797,0.7741,0.2791,0.3983,1.0661,4.8107,8.2883,6.8,6.8,59.24,55.21,55.21,36.36,26.87,0.739,114.0,143.0,24.1,40.4,137.9,6.3,12.8,89.7,8.1,123.9,39.4,39.4
1385,active,0.3036,3.2789,1.2578,0.8638,5.8689,0.2487,-0.1348,0.2243,0.5632,2.76,3.9822,4.11,4.21,61.9,59.35,58.56,13.22,15.63,1.182,112.9,136.6,21.5,46.9,126.9,6.9,14.1,102.3,8.0,131.7,24.7,35.0
1386,active,0.5549,3.0836,1.3324,0.5025,18.9595,0.8056,-0.1966,0.6472,0.5345,2.2881,8.8926,4.29,4.29,61.62,58.97,58.56,10.22,11.53,1.128,120.7,148.3,20.6,49.3,122.6,5.9,11.6,82.4,8.2,136.2,22.0,35.0
1387,active,0.5448,5.8184,1.9084,0.8627,17.5727,0.2324,0.4018,0.265,1.0448,2.8498,4.2667,4.37,4.37,61.47,58.78,58.53,9.17,9.95,1.085,117.1,139.6,20.2,50.3,121.8,6.6,13.3,95.5,8.3,137.1,23.7,35.0
1388,active,0.456,5.8253,1.8228,0.381,9.6886,0.3096,0.0851,0.8393,1.4652,8.0787,2.9982,5.11,5.11,60.69,57.59,57.59,13.29,10.62,0.799,118.8,147.0,21.6,46.8,121.7,6.0,11.2,78.5,8.7,138.8,27.5,35.0
1389,active,0.267,5.2537,0.5888,1.175,4.658,0.7343,0.498,0.0636,1.1095,1.0246,3.6425,3.72,4.16,62.33,60.01,58.65,12.59,16.85,1.338,117.9,137.8,20.0,50.7,128.2,6.8,14.6,109.6,7.6,129.0,20.2,35.0
1390,active,0.2805,2.5968,1.296,0.7719,4.9098,0.5226,0.2492,0.3834,1.3582,4.4804,2.1205,4.09,4.15,61.99,59.46,58.6,14.19,16.88,1.19,121.0,145.4,20.5,49.4,127.8,6.1,12.7,93.3,7.7,129.9,21.2,35.0
1391,active,0.2977,7.0082,1.5191,0.5481,4.1345,0.6517,0.0574,0.2277,0.9368,3.2089,0.5129,4.28,4.28,61.76,59.12,58.59,15.08,16.82,1.115,116.7,141.2,21.0,48.2,127.4,6.5,13.3,96.7,7.9,130.8,23.8,35.0
1392,active,0.3414,7.2323,0.5048,1.1587,4.1905,0.2159,0.599,0.4915,0.9158,7.0566,6.1127,3.74,4.18,62.39,60.05,58.65,15.79,20.17,1.277,127.9,151.4,20.2,50.2,131.5,5.6,11.9,90.8,7.4,125.6,17.3,35.0
1393,active,0.3818,4.0791,0.8289,0.2818,4.051,0.2429,0.0482,0.6888,1.2788,2.5983,2.5633,6.34,6.34,59.42,55.65,55.65,21.41,13.11,0.612,110.7,140.0,23.5,41.8,123.4,6.6,12.1,81.4,9.2,139.5,38.3,38.3
1394,active,0.3889,4.6941,1.5941,1.1673,17.9863,0.2344,0.5969,0.4804,1.0246,1.7665,7.3283,4.1,4.14,61.65,59.12,58.54,6.36,8.11,1.275,120.1,143.0,19.7,51.4,120.5,6.3,12.5,90.7,8.3,138.4,21.4,35.0
1395,active,0.4814,3.5146,1.6417,1.1292,16.4824,0.3482,0.227,0.5644,1.3541,2.2246,4.6605,3.98,4.11,61.97,59.5,58.58,9.78,12.6,1.288,123.9,149.7,20.2,50.3,124.0,5.8,11.5,84.0,8.0,134.1,19.3,35.0
1396,active,0.2754,6.4581,1.8248,0.452,7.8264,0.5088,-0.1809,0.9005,1.3726,8.2229,6.433,4.28,4.28,61.57,58.94,58.57,9.75,10.98,1.126,122.8,151.4,20.7,49.0,121.8,5.6,10.8,77.0,8.4,137.3,21.7,35.0
1397,active,0.2755,3.2278,0.9678,0.617,14.6404,0.8048,0.2712,0.0349,1.3399,5.9244,5.8798,4.29,4.29,61.32,58.69,58.51,5.64,6.15,1.09,111.1,131.2,19.9,50.9,118.7,7.5,15.1,107.2,8.6,141.1,25.4,35.0
1398,active,0.3683,6.5005,0.9246,0.5743,17.4517,0.3434,0.532,0.153,0.7599,2.2657,1.813,4.5,4.5,61.04,58.29,58.29,5.95,5.29,0.889,111.4,131.5,20.0,50.6,118.0,7.5,14.8,104.9,8.7,142.2,26.5,35.0
1399,active,0.4325,3.4945,1.874,0.6647,3.1849,0.7177,0.4009,0.9762,0.5267,1.5808,3.068,4.95,4.95,61.19,58.17,58.17,28.81,27.8,0.965,131.7,162.7,22.2,45.2,138.5,4.9,10.0,74.6,7.3,120.3,23.3,35.0
1400,active,0.3079,5.3241,1.7362,1.0385,4.6847,0.7459,0.3857,0.5859,0.9225,4.2126,1.4068,3.41,4.14,62.72,60.58,58.64,15.11,20.98,1.388,130.3,156.3,20.1,50.6,131.5,5.3,11.1,84.9,7.3,125.5,14.9,35.0
1401,active,0.5061,4.6518,0.3743,0.36,6.7056,0.5989,-0.1463,0.2784,0.9872,7.7412,3.3184,6.1,6.1,59.82,56.17,56.17,21.64,14.93,0.69,105.0,131.5,23.3,42.5,124.1,7.5,14.4,97.4,9.0,137.9,37.9,37.9
1402,active,0.4662,2.1355,0.3714,0.5532,12.9398,0.7941,-0.064,0.2555,1.0845,4.7081,1.8828,4.68,4.68,61.11,58.25,58.25,11.55,10.79,0.934,111.9,135.4,21.0,48.1,122.0,7.0,14.1,99.4,8.5,137.8,27.5,35.0
1403,active,0.3612,2.8279,1.5542,0.5925,5.3805,0.4062,0.3055,0.8417,0.6543,4.276,8.479,4.62,4.62,61.34,58.51,58.51,17.13,17.11,0.999,126.4,155.1,21.1,47.9,128.0,5.4,10.6,77.3,7.9,130.7,22.9,35.0
1404,active,0.523,2.9324,0.7564,0.8181,15.5463,0.7485,-0.1361,0.0599,1.2325,7.527,1.753,4.25,4.25,61.71,59.09,58.57,11.24,12.88,1.146,111.5,133.7,20.8,48.8,123.9,7.2,14.9,106.8,8.1,134.6,24.9,35.0
1405,active,0.3979,3.4413,0.7014,1.0209,4.391,0.4342,-0.0502,0.0214,0.5607,2.0021,3.0412,3.38,4.16,62.76,60.64,58.67,21.37,27.4,1.282,115.8,139.9,22.0,45.6,137.9,6.6,14.6,110.3,7.1,120.2,20.4,35.0
1406,active,0.5759,5.1889,1.1088,0.6757,5.4646,0.8692,-0.2503,0.922,1.1607,4.5354,7.0802,3.07,4.11,63.11,61.18,58.71,26.23,33.79,1.288,133.6,170.6,22.0,45.6,143.8,4.4,9.7,73.2,6.7,114.5,12.9,35.0
1407,active,0.2812,4.7951,1.6969,0.7712,6.2117,0.5774,-0.2214,0.3001,0.7022,1.4077,5.4624,3.56,4.11,62.51,60.29,58.65,12.63,17.67,1.399,119.4,144.7,20.6,49.2,127.6,6.2,12.8,94.3,7.8,130.2,19.0,35.0
1408,active,0.4197,2.6747,0.8706,0.3102,10.0412,0.5715,-0.1262,0.2099,1.2149,8.8433,3.1294,5.22,5.22,60.51,57.36,57.36,13.5,10.17,0.753,109.0,133.4,21.7,46.3,120.9,7.2,14.1,97.1,8.9,140.3,31.6,35.0
1409,active,0.2628,6.0342,1.2494,0.6987,8.0483,0.6683,0.5454,0.5432,0.8437,9.5244,3.4243,4.48,4.48,61.21,58.47,58.47,7.95,7.81,0.982,119.4,143.0,20.2,50.3,120.2,6.3,12.3,88.3,8.5,139.3,23.8,35.0
1410,active,0.3536,4.1131,1.6793,0.7486,11.9398,0.3413,0.3882,0.805,0.9251,1.3287,3.0003,4.32,4.32,61.46,58.8,58.53,8.96,9.79,1.093,125.3,152.2,20.1,50.4,121.6,5.6,10.8,77.7,8.3,137.4,21.1,35.0
1411,active,0.5176,5.7898,1.0964,0.3725,4.891,0.2514,0.5058,0.1115,1.2505,1.7211,1.859,6.49,6.49,59.4,55.54,55.54,22.55,13.87,0.615,109.2,131.3,22.6,44.2,126.1,7.5,14.7,102.1,8.8,135.4,38.3,38.3
1412,active,0.5387,2.1669,1.3888,1.1211,3.9132,0.2927,0.0179,0.4779,0.6619,1.5758,5.5877,2.95,4.15,63.67,61.8,58.73,33.7,43.0,1.276,129.7,162.2,23.4,42.0,154.0,4.9,11.1,88.2,6.2,106.7,13.6,35.0
1413,active,0.41,2.6102,1.0554,0.5213,5.1212,0.4767,0.2335,0.9397,1.0285,1.9525,1.1213,4.99,4.99,60.96,57.92,57.92,19.71,18.04,0.915,125.5,155.9,21.8,46.1,129.7,5.3,10.5,75.4,8.0,129.6,25.5,35.0
1414,active,0.5454,6.0222,0.4591,0.2835,12.3526,0.3626,0.3789,0.8992,0.848,1.1586,3.3552,5.39,5.39,60.26,57.02,57.02,11.42,7.11,0.623,119.6,146.7,21.1,47.8,119.6,6.0,11.2,77.7,9.0,141.8,28.8,35.0
1415,active,0.5479,7.2063,1.4134,0.8464,5.5142,0.6758,0.4125,0.1867,1.4115,9.3764,2.5825,4.64,4.64,61.51,58.66,58.63,22.14,22.57,1.019,118.6,141.2,21.5,47.0,133.8,6.5,13.7,102.3,7.5,124.3,25.2,35.0
1416,active,0.2829,6.281,1.0566,1.1285,9.3405,0.4666,0.2344,0.0766,1.2802,1.1154,9.3834,3.75,4.12,62.1,59.77,58.57,8.08,11.66,1.443,115.3,135.9,19.8,51.1,123.4,7.0,14.5,106.7,8.0,134.6,21.1,35.0
1417,active,0.3596,6.2681,1.4928,0.29,11.8193,0.6396,0.516,0.9193,1.2209,2.0666,3.7148,4.95,4.95,60.58,57.58,57.58,7.88,5.19,0.659,121.0,147.3,20.5,49.5,117.8,5.9,11.1,77.7,8.9,143.3,26.0,35.0
1418,active,0.5231,2.1049,1.3828,0.8896,17.2101,0.7746,0.0284,0.173,0.5838,7.1285,6.7618,3.95,4.11,62.02,59.57,58.58,10.51,13.53,1.287,116.7,139.7,20.3,50.1,124.6,6.6,13.7,99.5,8.0,133.4,21.6,35.0
1419,active,0.4501,7.1372,0.3464,0.367,3.0643,0.5325,-0.2874,0.3603,0.6445,5.3341,2.8998,6.03,6.03,59.88,56.27,56.27,27.86,21.43,0.769,103.9,133.5,24.6,39.1,129.9,7.2,14.1,95.5,8.6,132.2,39.2,39.2
1420,active,0.5742,4.5102,1.5763,1.0476,17.7414,0.5641,-0.1673,0.2861,1.4788,1.3585,2.6012,3.66,4.1,62.37,60.08,58.62,10.48,14.94,1.426,116.6,140.0,20.4,49.8,125.7,6.6,13.7,100.2,7.9,132.1,20.0,35.0
1421,active,0.2709,3.078,0.7537,0.3901,8.869,0.3886,-0.092,0.6365,0.5557,1.8573,1.8688,4.69,4.69,60.92,58.06,58.06,8.63,7.31,0.847,116.9,143.3,21.0,48.2,119.3,6.3,11.9,83.4,8.8,141.4,26.2,35.0
1422,active,0.3245,4.6463,1.6666,0.2127,6.2824,0.8666,-0.2878,0.3465,0.7833,1.7108,3.4469,4.23,4.23,61.88,59.26,58.64,15.55,17.67,1.136,117.0,143.8,20.9,48.4,126.5,6.2,12.8,91.8,7.9,131.7,23.0,35.0
1423,active,0.5409,4.9865,1.2076,0.3805,10.412,0.516,-0.0466,0.8215,0.5517,1.0027,5.6084,5.3,5.3,60.55,57.34,57.34,15.14,11.74,0.775,117.7,147.3,22.1,45.5,123.1,5.9,11.2,77.7,8.7,137.5,29.0,35.0
1424,active,0.2665,5.0016,1.4582,0.8232,5.8662,0.8776,0.4446,0.1082,1.0267,3.0169,3.9013,4.25,4.25,61.65,59.03,58.55,10.88,12.37,1.137,115.9,137.1,20.2,50.1,124.0,6.9,14.1,102.8,8.1,134.4,23.7,35.0
1425,active,0.3644,4.2648,0.6159,0.2089,17.6578,0.6282,0.0549,0.1188,1.259,2.0699,7.022,4.81,4.81,60.72,57.8,57.8,6.67,4.6,0.69,108.2,129.2,20.5,49.5,116.8,7.7,15.1,104.9,9.0,144.4,29.2,35.0
1426,active,0.5982,7.8729,1.3633,1.1534,3.6054,0.7467,0.1888,0.2285,0.7784,4.4952,4.6907,2.96,4.1,64.63,62.72,58.99,33.31,45.16,1.356,131.2,158.9,21.9,46.0,156.3,5.1,12.4,101.5,5.8,103.6,9.8,35.0
1427,active,0.5157,3.3948,1.4469,0.5952,4.2578,0.7665,0.4508,0.1363,1.1463,3.7719,1.1077,5.69,5.69,60.31,56.88,56.88,28.3,23.56,0.833,115.1,138.4,22.6,44.1,135.2,6.7,14.0,102.1,7.8,124.8,32.9,35.0
1428,active,0.4313,5.0589,0.5753,0.4586,15.9305,0.2207,0.2709,0.7844,0.9046,2.8108,5.5509,4.74,4.74,60.84,57.95,57.95,7.75,6.11,0.788,120.0,146.4,20.6,49.2,118.7,6.0,11.4,79.7,8.8,141.9,25.2,35.0
1429,active,0.2891,7.8222,0.7169,0.3054,8.2168,0.4742,0.2547,0.4223,0.8271,7.6711,5.6452,4.74,4.74,60.85,57.97,57.97,8.1,6.49,0.801,115.3,139.0,20.5,49.4,118.9,6.7,12.9,90.8,8.7,141.5,26.6,35.0
1430,active,0.5533,5.8694,1.7044,0.9218,6.591,0.6549,-0.1597,0.5509,1.1579,5.5038,2.2176,2.95,4.1,63.81,61.93,58.81,22.76,32.42,1.424,128.1,158.5,21.4,47.1,141.3,5.1,11.3,87.2,6.8,116.4,12.5,35.0
1431,active,0.4342,4.0081,1.7645,0.83,9.6801,0.2003,0.0521,0.6053,0.7174,2.975,2.6348,4.48,4.48,61.42,58.67,58.55,12.98,13.43,1.035,118.9,145.6,21.4,47.2,124.9,6.1,11.9,85.4,8.2,134.2,24.4,35.0
1432,active,0.4174,7.982,0.555,0.5363,3.9674,0.6323,-0.2635,0.8951,0.6392,1.3035,8.2556,4.72,4.72,61.29,58.4,58.4,21.03,20.72,0.985,120.7,154.0,22.8,43.8,130.3,5.4,10.6,75.2,8.0,129.2,25.9,35.0
1433,active,0.505,7.663,0.8971,0.4288,6.0502,0.2254,-0.2365,0.3823,0.5658,2.8626,7.4166,6.03,6.03,59.88,56.27,56.27,20.28,13.81,0.681,106.0,134.5,23.9,40.8,124.3,7.1,13.2,89.2,9.0,137.9,37.2,37.2
1434,active,0.2506,2.7528,1.239,0.8733,4.1276,0.7759,0.3611,0.9765,0.5379,9.6007,3.8694,4.13,4.21,61.89,59.34,58.6,13.61,15.97,1.173,129.4,157.6,20.5,49.6,127.2,5.2,10.4,76.6,7.8,130.6,19.2,35.0
1435,active,0.5961,5.9267,0.4314,0.8447,9.2876,0.4359,0.1609,0.4585,0.6614,1.2536,8.3443,4.64,4.64,61.38,58.53,58.53,16.18,16.23,1.003,119.0,145.1,21.5,46.8,127.9,6.1,12.3,88.9,8.0,130.9,25.1,35.0
1436,active,0.5271,5.3683,1.3692,0.6202,10.9604,0.568,0.2038,0.4254,1.4368,9.5481,1.712,4.49,4.49,61.45,58.69,58.55,13.31,13.81,1.038,118.5,143.2,20.8,48.8,125.2,6.3,12.7,91.4,8.1,133.4,24.1,35.0
1437,active,0.3258,6.6789,1.3086,0.9892,5.7988,0.6912,0.0035,0.4611,1.0462,3.5223,4.0655,3.34,4.12,62.83,60.73,58.67,13.47,19.77,1.468,124.7,150.7,20.4,49.8,130.4,5.7,12.0,89.9,7.5,126.9,16.1,35.0
1438,active,0.5827,6.4894,1.7939,0.7799,18.2293,0.8529,0.2712,0.2288,1.246,2.0552,2.7386,4.34,4.34,61.54,58.87,58.54,9.59,10.63,1.108,115.3,137.4,20.2,50.2,122.0,6.8,13.8,99.3,8.3,136.8,23.9,35.0
1439,active,0.4259,2.9271,1.6334,0.4345,13.7601,0.6974,0.0116,0.526,1.484,7.1681,3.7544,4.46,4.46,61.38,58.64,58.54,10.38,10.76,1.037,118.3,143.9,20.6,49.2,121.9,6.2,12.3,87.1,8.4,137.4,24.0,35.0
1440,active,0.3321,6.6427,1.8027,0.3558,8.6324,0.2973,0.5793,0.5144,0.6847,8.5535,9.0469,5.01,5.01,60.53,57.49,57.49,8.87,5.92,0.667,116.3,139.7,20.6,49.2,118.6,6.6,12.7,88.8,8.9,142.4,28.1,35.0
1441,active,0.5297,3.6549,1.8178,1.1686,4.025,0.2344,0.2565,0.802,0.5996,1.0059,3.3231,2.95,4.13,63.77,61.89,58.76,32.03,41.59,1.298,140.5,173.0,22.0,45.6,151.9,4.3,9.7,78.7,6.1,107.6,9.6,35.0
1442,active,0.5019,7.3747,1.2015,0.9675,5.2774,0.3519,0.2984,0.1211,1.0888,4.5072,7.4213,3.93,4.17,62.3,59.85,58.6,21.01,24.82,1.181,119.5,142.0,21.2,47.7,135.9,6.4,14.0,106.2,7.2,121.6,21.1,35.0
1443,active,0.3348,6.2388,0.5544,1.1208,7.6027,0.4401,0.3103,0.4869,1.2111,1.3542,1.5695,3.68,4.12,62.25,59.96,58.58,11.03,15.16,1.374,123.1,147.1,20.0,50.6,126.6,6.0,12.3,91.7,7.8,131.0,18.7,35.0
1444,active,0.4906,7.3473,1.456,0.7706,11.1092,0.581,0.3576,0.8384,0.9184,7.6155,3.526,4.46,4.46,61.46,58.72,58.55,11.59,12.2,1.053,126.3,154.0,20.5,49.5,123.9,5.4,10.6,76.7,8.2,134.8,21.4,35.0
1445,active,0.3366,3.0657,0.3318,0.565,5.3896,0.7356,0.235,0.0298,0.6504,1.0641,1.3341,4.7,4.7,61.13,58.26,58.26,14.99,14.25,0.951,110.6,131.8,21.2,47.7,125.8,7.4,15.4,110.7,8.2,133.6,28.7,35.0
1446,active,0.3678,5.2746,0.5987,0.9408,9.3175,0.3733,0.5655,0.3079,0.8837,1.8478,1.221,4.42,4.42,61.4,58.68,58.53,10.19,10.65,1.045,117.4,139.2,20.3,50.0,122.8,6.7,13.4,97.1,8.2,136.1,24.1,35.0
1447,active,0.2815,4.5921,0.4319,0.7349,6.0677,0.4987,-0.2549,0.1332,1.0434,2.9011,2.4055,4.39,4.39,61.5,58.8,58.54,12.1,12.9,1.066,109.2,131.7,21.3,47.4,123.5,7.4,15.1,107.4,8.3,135.8,26.9,35.0
1448,active,0.403,3.1984,1.3169,1.0575,9.8567,0.5819,0.3908,0.0974,1.4304,1.046,1.236,4.0,4.13,62.02,59.54,58.58,12.18,15.1,1.24,117.0,138.1,20.2,50.2,126.5,6.8,14.2,105.1,7.8,131.3,21.9,35.0
1449,active,0.2846,6.5472,0.5331,0.288,9.758,0.773,0.1128,0.103,0.5961,2.1117,3.722,4.67,4.67,60.92,58.08,58.08,7.41,6.15,0.83,108.8,129.4,20.4,49.6,118.3,7.7,15.3,107.4,8.8,142.2,28.3,35.0
1450,active,0.4424,2.9098,1.2361,0.6697,5.3167,0.4334,-0.1896,0.704,1.4763,3.7699,4.5692,4.74,4.74,61.37,58.46,58.46,23.19,23.05,0.994,119.6,152.1,23.1,43.0,132.4,5.6,11.0,78.8,7.8,126.9,26.1,35.0
1451,active,0.3739,3.4928,0.7094,0.416,10.1188,0.4893,0.2839,0.3575,1.1941,5.0168,4.7157,4.8,4.8,60.87,57.95,57.95,10.21,8.54,0.836,114.4,137.5,20.7,48.9,120.8,6.8,13.4,94.8,8.6,139.4,27.5,35.0
1452,active,0.3438,7.7294,0.6027,0.735,6.6513,0.559,0.0625,0.6075,0.848,1.2262,4.6299,4.31,4.31,61.63,58.97,58.55,11.61,12.92,1.113,121.3,148.1,20.8,48.6,124.4,5.9,11.6,83.8,8.1,134.3,22.4,35.0
1453,active,0.3537,6.5446,0.6434,0.2331,5.2318,0.2304,-0.1823,0.8448,1.3104,1.8685,0.7097,6.19,6.19,59.53,55.85,55.85,17.58,9.88,0.562,111.4,141.7,23.1,42.8,119.1,6.4,11.4,76.0,9.5,144.5,36.7,36.7
1454,active,0.5019,5.8584,1.7914,0.9111,10.0373,0.5874,0.3056,0.1597,0.5297,6.4524,3.2601,3.85,4.13,62.2,59.81,58.6,14.37,18.04,1.255,118.0,139.7,20.3,49.9,128.6,6.6,14.0,104.6,7.6,128.8,21.0,35.0
1455,active,0.4402,2.2539,1.8618,0.949,15.3707,0.7166,-0.2649,0.4859,1.2343,7.1756,1.9321,3.24,4.1,62.9,60.86,58.68,10.92,17.58,1.61,125.2,152.0,20.0,50.8,127.4,5.6,11.6,86.5,7.7,130.0,15.0,35.0
1456,active,0.4125,2.8997,0.3191,0.3588,5.2502,0.6088,0.4743,0.2463,0.8706,5.9892,8.1493,5.96,5.96,59.78,56.22,56.22,18.73,12.08,0.645,111.3,134.2,22.0,45.6,124.1,7.2,14.0,97.6,8.8,137.3,35.2,35.2
1457,active,0.3693,5.0242,1.403,0.3261,6.8744,0.7992,0.5133,0.7111,1.2781,8.03,3.5373,5.44,5.44,60.22,56.94,56.94,12.9,8.3,0.643,119.7,146.0,21.2,47.7,120.7,6.1,11.4,79.6,8.9,140.4,29.2,35.0
1458,active,0.2945,5.8365,1.4685,1.0784,6.6933,0.8317,0.4335,0.6893,0.9197,2.2118,2.116,3.74,4.13,62.19,59.86,58.61,11.09,14.93,1.346,127.0,152.4,20.0,50.8,126.3,5.6,11.3,84.1,7.8,131.3,17.7,35.0
1459,active,0.3934,2.5852,1.015,0.2335,4.6419,0.5505,0.5102,0.366,0.579,1.3211,8.1177,6.43,6.43,59.26,55.45,55.45,19.83,10.98,0.554,111.5,135.4,22.3,44.8,123.0,7.0,13.4,92.0,9.1,139.4,37.9,37.9
1460,active,0.4868,7.1928,0.839,0.7825,5.1771,0.7977,-0.2052,0.311,0.6698,1.2449,4.5237,3.35,4.12,62.85,60.74,58.66,21.27,27.59,1.297,121.6,150.2,21.7,46.5,137.8,5.7,12.5,93.5,7.1,120.1,17.9,35.0
1461,active,0.2637,2.2735,1.993,1.0835,18.8406,0.4452,-0.2622,0.7356,1.1693,1.3083,5.7577,3.75,4.1,61.94,59.62,58.58,5.45,8.61,1.58,122.6,148.6,19.8,51.2,120.1,5.8,11.4,82.4,8.3,138.8,18.7,35.0
1462,active,0.3404,7.5194,1.9425,0.404,13.1297,0.6146,0.2189,0.2521,0.9624,4.054,3.749,4.36,4.36,61.36,58.68,58.53,7.67,8.16,1.064,115.7,138.5,20.1,50.6,119.7,6.7,13.3,94.9,8.5,139.8,24.2,35.0
1463,active,0.476,3.0489,0.5667,0.9169,7.9107,0.2133,0.0256,0.4731,1.4453,3.4722,6.2654,4.33,4.33,61.72,59.05,58.53,16.99,18.47,1.087,118.4,145.3,22.0,45.6,129.8,6.1,12.3,89.5,7.8,128.8,24.0,35.0
1464,active,0.3619,7.9886,1.9903,1.0057,12.1188,0.2973,0.4614,0.4413,1.4852,2.1414,7.2647,4.13,4.14,61.72,59.17,58.54,8.01,9.89,1.235,120.0,143.1,19.9,51.0,121.6,6.3,12.6,91.4,8.2,137.0,21.4,35.0
1465,active,0.3343,5.1297,1.0099,1.1401,9.4161,0.3321,-0.2568,0.9599,1.3259,4.343,6.5438,3.52,4.1,62.43,60.23,58.6,9.66,14.54,1.505,127.0,156.4,20.6,49.1,125.9,5.3,10.4,76.6,7.9,132.2,16.7,35.0
1466,active,0.4655,4.2214,0.4189,0.915,9.18,0.3896,0.0739,0.1343,1.3223,4.4437,2.3927,4.4,4.4,61.59,58.88,58.55,13.66,14.71,1.077,112.2,134.5,21.3,47.5,126.2,7.1,14.7,105.8,8.0,132.5,25.8,35.0
1467,active,0.5073,4.1581,1.5124,0.213,5.4532,0.2143,0.5533,0.8442,0.6989,6.7801,6.9009,6.95,6.95,58.76,54.68,54.68,21.79,10.68,0.49,116.0,143.0,22.7,43.8,122.8,6.3,11.5,78.5,9.3,140.4,39.2,39.2
1468,active,0.5356,7.3526,0.6009,1.0507,9.7232,0.6912,0.0742,0.6636,1.0587,6.6187,6.5902,3.93,4.12,62.19,59.74,58.62,14.1,17.6,1.248,125.8,153.7,20.8,48.8,128.7,5.5,11.1,81.9,7.7,128.9,18.7,35.0
1469,active,0.2664,2.9472,1.1433,0.4609,3.5857,0.6133,-0.0811,0.3534,0.8499,3.1753,5.0308,4.56,4.56,61.36,58.56,58.56,15.54,15.7,1.01,116.0,142.7,21.7,46.5,126.8,6.3,12.8,91.0,8.1,132.5,26.1,35.0
1470,active,0.5974,7.9483,0.5213,1.0062,10.8391,0.3626,-0.1426,0.5171,0.5137,3.2843,7.4489,4.42,4.42,61.66,58.94,58.56,14.06,15.27,1.086,117.7,144.9,21.7,46.3,126.4,6.1,12.1,86.9,8.1,132.4,24.0,35.0
1471,active,0.2998,2.7884,0.6762,0.3218,3.4659,0.8378,0.2638,0.1599,0.6929,2.5141,1.254,5.34,5.34,60.38,57.15,57.15,17.44,13.45,0.771,110.8,133.9,21.8,46.2,125.1,7.2,14.5,101.8,8.5,135.6,32.4,35.0
1472,active,0.3277,5.5432,1.1717,0.9043,18.3575,0.2166,0.0661,0.3638,1.4901,4.7729,1.6754,4.19,4.19,61.45,58.87,58.52,5.42,6.45,1.19,115.3,138.1,20.1,50.4,118.9,6.8,13.3,94.6,8.6,140.8,23.6,35.0
1473,active,0.2841,7.5291,1.2317,0.2802,5.9057,0.499,0.3092,0.2328,0.6511,5.7879,4.6514,4.83,4.83,60.8,57.87,57.87,10.22,8.34,0.816,112.4,134.4,20.7,49.0,120.4,7.1,14.1,99.4,8.7,140.0,28.4,35.0
1474,active,0.2692,6.5012,1.0213,0.4856,10.9688,0.3841,0.4243,0.4592,1.2579,5.1804,4.9735,4.51,4.51,61.06,58.3,58.3,6.42,5.79,0.902,117.2,140.6,20.1,50.4,118.3,6.5,12.6,89.5,8.7,141.9,24.8,35.0
1475,active,0.2891,5.6169,0.9431,0.576,4.357,0.8411,-0.0412,0.6245,1.4727,1.2639,5.3786,4.21,4.21,61.82,59.22,58.58,14.08,16.1,1.143,123.7,152.6,21.0,48.3,127.2,5.5,11.2,80.7,7.9,131.0,21.3,35.0
1476,active,0.4439,3.1301,0.5538,0.9142,19.0204,0.837,-0.1729,0.9217,0.5949,4.2324,3.8706,3.93,4.11,61.9,59.47,58.57,7.64,10.38,1.359,125.4,153.6,20.1,50.5,121.9,5.5,10.7,77.3,8.2,136.7,18.9,35.0
1477,active,0.4907,6.4781,1.0085,1.0326,7.1051,0.5217,0.4243,0.2669,1.3361,1.6792,8.7218,4.12,4.16,62.01,59.46,58.56,16.66,19.34,1.161,120.5,143.0,20.7,49.0,130.8,6.3,13.4,100.0,7.5,126.8,21.8,35.0
1478,active,0.4538,3.0355,1.4506,0.2322,7.3927,0.6913,0.2051,0.5544,0.5268,2.3182,4.9551,5.32,5.32,60.52,57.29,57.29,16.92,13.43,0.794,116.7,143.3,21.6,46.7,124.5,6.3,12.3,86.2,8.5,135.8,29.6,35.0
1479,active,0.2673,3.7487,0.7413,1.06,15.3296,0.6971,0.0224,0.8737,0.6929,1.2946,7.4724,3.86,4.11,61.83,59.45,58.57,5.51,8.18,1.485,125.0,151.9,19.8,51.3,120.3,5.6,10.9,78.5,8.3,138.4,18.5,35.0
1480,active,0.5991,7.4853,1.4781,0.4548,19.2407,0.4922,0.2961,0.4338,0.8031,9.3157,2.7619,4.7,4.7,60.99,58.13,58.13,8.72,7.61,0.873,116.1,139.7,20.4,49.7,119.7,6.6,12.9,91.0,8.6,140.4,26.0,35.0
1481,active,0.2563,7.5062,0.5319,0.288,17.3717,0.2248,0.1741,0.5008,0.7466,6.2187,4.0165,4.48,4.48,60.94,58.21,58.21,4.3,3.41,0.793,115.6,139.2,20.1,50.5,116.1,6.7,12.7,88.9,8.9,144.8,25.1,35.0
1482,active,0.2779,4.293,0.505,0.4243,11.3426,0.702,0.0942,0.877,0.7137,2.3502,0.4407,4.48,4.48,61.16,58.42,58.42,7.29,7.0,0.96,122.5,150.0,20.3,49.9,119.1,5.7,10.9,77.1,8.6,141.0,22.9,35.0
1483,active,0.4681,6.5238,1.6834,0.3163,6.4217,0.4154,0.1378,0.5681,1.2205,1.2225,4.7843,5.35,5.35,60.49,57.25,57.25,17.56,13.93,0.793,116.0,143.3,22.0,45.7,124.7,6.3,12.1,84.6,8.6,135.8,30.1,35.0
1484,active,0.2999,4.2295,1.4383,0.2543,7.3655,0.6375,0.2522,0.2056,0.6976,8.4044,6.3675,4.83,4.83,60.84,57.9,57.9,10.42,8.68,0.833,111.6,133.6,20.7,48.9,120.5,7.2,14.4,101.0,8.6,139.8,28.5,35.0
1485,active,0.3736,7.4223,1.2556,0.823,3.8208,0.3532,0.1541,0.1132,1.1971,4.6902,5.2658,4.02,4.17,62.1,59.6,58.62,18.7,21.81,1.166,117.1,140.8,21.5,47.0,132.8,6.5,13.8,102.8,7.4,125.1,22.9,35.0
1486,active,0.5356,7.2606,1.0868,0.9379,15.3524,0.2038,0.549,0.6343,0.5838,2.0786,3.765,4.54,4.54,61.26,58.48,58.48,9.39,9.27,0.987,122.2,147.1,20.3,50.0,121.5,6.0,11.6,83.6,8.4,137.6,23.0,35.0
1487,active,0.549,5.297,0.8453,0.4036,3.0099,0.3109,0.5853,0.5919,0.8343,8.1415,2.9376,8.0,8.0,58.02,53.38,53.38,33.58,18.74,0.558,114.5,140.7,24.2,40.2,131.3,6.5,12.2,84.1,8.9,132.0,45.4,45.4
1488,active,0.3463,2.8614,0.6554,0.6738,5.2393,0.8537,0.1294,0.2545,0.8162,5.6031,4.0325,4.42,4.42,61.62,58.89,58.55,16.11,17.17,1.066,116.3,140.3,21.1,47.8,128.3,6.5,13.7,99.3,7.8,130.1,24.7,35.0
1489,active,0.398,2.0893,1.4043,0.3564,3.7616,0.4238,-0.2616,0.1314,0.6521,1.1602,4.7218,5.48,5.48,60.45,57.14,57.14,26.26,22.39,0.853,105.1,133.1,24.1,40.5,131.3,7.3,14.6,101.0,8.3,129.8,35.9,35.9
1490,active,0.4326,7.9006,1.7099,0.831,9.3355,0.8936,0.5471,0.1536,0.6763,1.0549,2.6693,4.47,4.47,61.34,58.6,58.52,11.14,11.34,1.018,115.4,136.2,20.4,49.7,123.4,7.0,14.2,102.7,8.2,135.5,25.3,35.0
1491,active,0.3291,5.1695,0.8697,0.2045,11.7726,0.6608,0.3512,0.6888,0.9784,4.6318,4.0389,4.86,4.86,60.66,57.71,57.71,7.45,5.1,0.685,118.7,144.3,20.5,49.5,117.7,6.2,11.7,81.6,8.9,143.3,26.3,35.0
1492,active,0.5653,2.8094,1.6863,0.4788,3.293,0.211,-0.0349,0.2413,0.9317,5.6108,7.3506,7.51,7.51,58.68,54.28,54.28,40.55,28.45,0.702,102.3,134.5,26.7,33.9,137.6,7.1,13.5,91.0,8.5,126.0,47.3,47.3
1493,active,0.5333,3.338,0.5938,0.6036,13.4308,0.3142,0.0657,0.9718,1.0372,3.8076,3.3698,4.92,4.92,60.87,57.87,57.87,12.29,10.42,0.848,121.2,150.3,21.5,47.0,122.1,5.7,10.8,75.6,8.6,138.1,26.0,35.0
1494,active,0.3117,3.7833,1.3411,1.051,3.2615,0.4703,-0.0018,0.5238,1.3375,5.7031,5.4316,3.09,4.16,63.15,61.2,58.72,19.55,27.17,1.39,128.7,157.8,21.3,47.4,137.5,5.2,11.1,85.3,7.0,120.1,14.3,35.0
1495,active,0.3991,6.1005,1.7788,0.4283,3.3018,0.3314,-0.1457,0.6418,1.3795,3.1212,3.8837,5.56,5.56,60.34,56.99,56.99,25.87,21.56,0.833,112.7,143.9,23.8,41.1,129.8,6.2,11.9,82.3,8.4,131.5,33.8,35.0
1496,active,0.5356,2.463,1.0795,1.0805,5.0993,0.4794,0.152,0.8651,1.3116,3.0338,4.387,3.27,4.16,63.01,60.95,58.68,27.46,34.38,1.252,135.0,167.0,21.9,45.9,145.4,4.6,10.2,79.7,6.5,113.0,13.3,35.0
1497,active,0.2788,7.7993,0.5258,0.6645,7.8761,0.52,-0.0075,0.5884,0.8713,4.7086,5.0616,4.35,4.35,61.4,58.73,58.53,8.56,9.16,1.07,117.8,143.0,20.6,49.1,121.0,6.3,12.3,87.7,8.4,138.5,23.8,35.0
1498,active,0.302,2.6761,0.7776,0.7873,6.4492,0.2445,0.3513,0.4915,0.6279,1.3879,6.7692,4.46,4.46,61.41,58.67,58.55,12.11,12.58,1.039,120.5,145.4,20.7,49.1,124.3,6.1,12.2,87.9,8.1,134.5,23.6,35.0
1499,active,0.3747,3.0595,1.2591,1.1117,7.801,0.6817,-0.1988,0.5577,1.2033,1.3013,3.4811,2.97,4.1,63.41,61.53,58.74,13.64,22.18,1.626,127.8,155.9,20.4,49.8,132.5,5.3,11.4,86.3,7.3,124.6,12.8,35.0
1500,active,0.3586,6.869,0.876,0.5253,12.8749,0.8636,0.4432,0.7816,1.2637,7.6993,3.3514,4.59,4.59,61.02,58.22,58.22,7.5,6.62,0.883,122.7,149.1,20.2,50.1,119.1,5.8,11.0,78.2,8.7,141.0,23.4,35.0
1501,active,0.4737,4.5544,0.3933,0.8144,16.3565,0.7184,0.4317,0.313,1.1894,1.8225,0.2886,4.55,4.55,61.2,58.42,58.42,8.42,8.14,0.967,115.7,138.0,20.3,50.0,120.5,6.8,13.4,95.8,8.5,138.9,25.0,35.0
1502,active,0.3092,5.5695,0.7504,0.63,15.3338,0.5835,0.2243,0.9419,0.8087,4.8851,3.8915,4.26,4.26,61.37,58.75,58.52,5.82,6.49,1.115,122.7,149.0,20.0,50.9,118.8,5.8,11.2,79.4,8.6,140.8,21.6,35.0
1503,active,0.4124,2.7759,0.592,0.31,11.958,0.6069,0.3227,0.2097,1.4916,1.2652,3.7792,5.08,5.08,60.54,57.47,57.47,10.1,7.05,0.698,110.6,132.4,20.9,48.6,119.4,7.4,14.5,100.8,8.8,141.5,30.0,35.0
1504,active,0.573,4.4863,1.587,0.3413,9.7792,0.5174,0.3669,0.3215,1.4838,2.7253,0.7823,5.58,5.58,60.26,56.9,56.9,16.56,11.93,0.72,113.6,137.6,21.6,46.7,123.5,6.8,13.3,93.2,8.7,137.1,31.6,35.0
1505,active,0.2919,2.4699,1.283,0.6987,5.9662,0.7007,-0.1638,0.3813,1.2753,1.0319,8.9454,3.83,4.12,62.19,59.81,58.65,13.04,16.73,1.283,118.9,144.7,20.8,48.8,127.3,6.2,12.8,93.2,7.8,130.6,20.9,35.0
1506,active,0.3132,5.4672,1.8893,0.3078,15.3631,0.7618,0.2564,0.404,1.0124,1.1126,6.8882,4.44,4.44,61.15,58.43,58.43,6.24,6.0,0.962,116.0,139.1,20.0,50.6,118.1,6.7,13.0,91.7,8.7,142.0,24.7,35.0
1507,active,0.2643,4.2659,1.2334,0.6011,19.649,0.2266,0.1497,0.8818,1.2689,9.2974,2.8881,4.31,4.31,61.19,58.55,58.51,4.35,4.45,1.023,121.5,147.7,20.0,50.7,117.2,5.9,11.2,78.8,8.7,143.1,22.3,35.0
1508,active,0.3575,5.1852,0.6027,0.575,18.9944,0.3749,0.565,0.8091,0.5346,3.4856,0.951,4.49,4.49,61.03,58.29,58.29,5.48,4.81,0.878,122.5,148.4,20.0,50.8,117.6,5.9,11.1,78.3,8.7,142.7,22.8,35.0
1509,active,0.5584,6.4352,0.5427,0.2752,9.7638,0.2135,-0.0343,0.5912,1.3477,1.0743,1.6742,6.4,6.4,59.41,55.61,55.61,16.55,8.19,0.495,109.2,137.3,22.9,43.4,118.4,6.8,12.3,81.6,9.5,145.2,37.4,37.4
1510,active,0.3895,4.3238,1.4638,0.3341,6.8855,0.8596,-0.1928,0.9095,0.877,1.7765,5.6834,4.32,4.32,61.75,59.08,58.61,16.52,18.14,1.098,125.3,156.9,21.2,47.8,127.5,5.2,10.4,74.8,7.9,130.8,21.2,35.0
1511,active,0.3142,4.3577,1.9191,0.2351,3.4348,0.2039,0.1307,0.4866,0.5338,2.1672,4.1606,5.68,5.68,60.03,56.62,56.62,18.39,12.86,0.699,112.4,139.2,22.6,44.1,123.8,6.7,12.6,86.9,8.8,138.0,33.9,35.0
1512,active,0.4156,2.9173,1.3374,0.3686,5.6643,0.7271,0.2508,0.1339,1.0008,5.0591,8.3733,5.24,5.24,60.66,57.48,57.48,18.47,15.53,0.841,111.9,135.2,21.7,46.4,126.7,7.1,14.4,101.8,8.3,133.1,30.8,35.0
1513,active,0.441,3.791,0.4746,0.5341,8.6329,0.7309,0.0462,0.8225,1.1519,5.2937,6.37,4.77,4.77,61.12,58.21,58.21,13.87,12.97,0.935,121.9,150.9,21.3,47.5,124.2,5.7,11.0,78.1,8.3,135.2,24.7,35.0
1514,active,0.2502,5.2633,0.8036,0.7319,4.2713,0.5689,0.4857,0.4585,1.3439,4.0669,5.3975,4.42,4.44,61.36,58.65,58.5,11.88,12.27,1.033,119.6,143.0,20.5,49.5,124.3,6.3,12.7,92.1,8.2,134.7,24.0,35.0
1515,active,0.5323,6.3795,0.8361,0.7293,17.7142,0.6374,0.0217,0.4031,0.5287,6.8495,3.6468,4.42,4.42,61.38,58.67,58.53,8.9,9.36,1.052,116.7,141.3,20.6,49.2,121.3,6.5,12.7,90.5,8.4,138.0,24.3,35.0
1516,active,0.3307,3.1206,1.0939,0.8729,14.8541,0.7044,0.4962,0.0854,0.5949,2.6643,1.2867,4.29,4.29,61.4,58.77,58.52,6.98,7.71,1.105,112.6,132.6,20.0,50.8,120.1,7.3,14.8,106.4,8.4,139.2,24.9,35.0
1517,active,0.3888,2.1395,1.7987,0.7587,16.6597,0.2901,0.3618,0.2162,0.9981,4.3613,0.6808,4.25,4.27,61.51,58.89,58.53,8.02,9.1,1.135,115.8,137.7,20.0,50.6,120.9,6.8,13.7,98.3,8.3,138.2,23.7,35.0
1518,active,0.3205,6.4195,0.705,0.9058,3.9222,0.6217,0.2257,0.3031,0.6977,5.7317,2.1544,3.73,4.17,62.38,60.06,58.61,16.18,20.56,1.271,121.2,144.9,20.6,49.1,131.5,6.1,13.2,98.8,7.4,125.9,19.4,35.0
1519,active,0.3373,6.6708,1.4011,1.1324,3.1997,0.238,0.0391,0.9067,1.4406,3.6272,2.1884,3.02,4.17,63.23,61.32,58.7,19.34,27.3,1.412,133.3,164.5,21.5,47.0,138.0,4.8,10.0,77.1,7.0,119.8,12.7,35.0
1520,active,0.3946,3.3628,0.3364,0.8031,16.7985,0.4033,0.4447,0.9787,0.8294,1.1362,5.7033,4.39,4.39,61.28,58.59,58.51,7.25,7.46,1.029,125.0,152.0,20.1,50.5,119.9,5.6,10.7,76.2,8.5,139.7,21.6,35.0
1521,active,0.2524,3.7505,0.7066,0.6766,15.8222,0.2602,-0.144,0.115,0.8123,2.2441,3.9386,4.34,4.34,61.23,58.57,58.51,5.13,5.29,1.031,109.7,130.6,20.3,50.0,117.7,7.6,15.0,105.3,8.7,142.5,26.3,35.0
1522,active,0.4604,5.5244,0.9732,0.9584,5.0137,0.2208,-0.2225,0.7411,0.5323,1.2746,3.9399,4.24,4.24,61.92,59.3,58.6,21.08,23.32,1.106,120.7,152.8,23.2,42.8,133.9,5.5,11.0,79.5,7.6,124.9,23.2,35.0
1523,active,0.3112,6.369,0.7142,1.0679,3.3079,0.7783,-0.279,0.892,1.3095,2.0615,0.9818,2.97,4.1,64.63,62.71,58.85,17.33,29.19,1.684,135.6,169.9,21.1,48.0,139.3,4.5,9.7,74.8,6.9,118.0,8.5,35.0
1524,active,0.2686,3.2402,1.7185,0.2374,3.0386,0.5989,-0.0106,0.2074,1.0978,1.5808,0.8535,5.08,5.08,60.77,57.69,57.69,18.67,16.33,0.875,111.7,137.4,22.1,45.4,126.2,6.8,13.7,95.8,8.4,134.1,30.7,35.0
1525,active,0.5319,7.2923,1.5193,1.1328,4.9461,0.2513,0.3832,0.4356,0.5991,1.1802,5.0155,3.38,4.14,62.93,60.8,58.71,23.58,30.05,1.274,132.0,158.1,20.9,48.5,140.8,5.2,11.4,89.4,6.7,116.6,14.1,35.0
1526,active,0.4677,3.4042,0.3552,1.1652,5.8826,0.2585,0.2503,0.5558,1.2825,4.3841,2.55,3.56,4.15,62.7,60.47,58.66,20.58,26.13,1.27,128.8,156.2,21.2,47.6,136.8,5.3,11.3,86.5,7.1,120.7,16.3,35.0
1527,active,0.4678,5.2294,1.0374,0.9195,6.0315,0.209,0.4519,0.708,1.4677,5.1971,5.8663,4.36,4.36,61.76,59.07,58.55,18.87,20.43,1.083,127.2,153.5,21.0,48.2,131.9,5.5,11.3,84.2,7.5,126.0,21.0,35.0
1528,active,0.3732,3.4222,1.3191,0.4869,6.0892,0.7272,0.102,0.9102,1.0202,1.3879,4.5092,4.46,4.46,61.52,58.78,58.57,15.68,16.45,1.049,125.6,155.3,21.1,48.0,127.5,5.3,10.7,76.9,7.9,131.0,22.1,35.0
1529,active,0.3665,5.2829,0.8875,1.1501,6.8524,0.6392,0.1014,0.5658,0.7815,5.3191,3.534,3.26,4.12,62.85,60.8,58.65,13.52,20.01,1.48,127.2,153.7,20.2,50.1,130.9,5.5,11.5,87.3,7.4,126.3,15.1,35.0
1530,active,0.2626,3.6189,1.8995,0.5389,4.2044,0.7233,-0.2994,0.4294,1.3826,8.2186,5.3676,3.3,4.1,62.94,60.87,58.76,16.28,22.96,1.41,122.2,149.5,20.6,49.1,131.4,5.8,12.3,91.9,7.4,125.9,16.5,35.0
1531,active,0.5015,3.2412,1.8097,0.856,12.7185,0.5993,0.542,0.7101,1.0318,5.2169,1.228,4.67,4.67,61.18,58.32,58.32,12.02,11.45,0.953,123.1,148.5,20.6,49.3,123.5,5.8,11.4,82.6,8.3,135.6,23.7,35.0
1532,active,0.5524,3.0731,0.7979,0.2879,6.4477,0.4687,0.3304,0.6754,1.4454,1.8286,2.278,6.46,6.46,59.44,55.6,55.6,22.44,14.0,0.624,115.6,143.6,22.7,43.8,125.7,6.3,11.9,81.7,8.8,136.1,36.1,36.1
1533,active,0.5389,5.6464,0.6273,1.1334,3.7128,0.7241,0.5374,0.1832,0.5938,1.6841,3.3504,4.19,4.19,62.2,59.59,58.6,29.48,32.53,1.103,125.9,148.1,21.7,46.5,144.2,5.9,13.2,104.2,6.6,113.9,20.3,35.0
1534,active,0.3707,2.9242,0.9264,0.7626,19.8011,0.4205,0.453,0.1125,0.5947,1.5928,6.9792,4.4,4.4,61.21,58.52,58.51,5.8,5.8,1.0,112.0,132.4,20.0,50.8,118.5,7.4,14.7,104.3,8.6,141.4,25.6,35.0
1535,active,0.3575,7.4654,1.2102,1.1652,4.8051,0.4536,0.024,0.0025,1.356,5.0741,2.5758,3.15,4.13,63.01,61.02,58.69,15.67,22.79,1.454,118.0,140.6,20.8,48.6,133.7,6.5,14.3,108.8,7.3,123.7,17.9,35.0
1536,active,0.5708,2.7016,0.9125,1.0476,12.1965,0.7125,0.1311,0.8147,0.6449,5.7384,2.46,3.63,4.12,62.47,60.2,58.62,14.31,19.1,1.335,129.6,158.3,20.4,49.7,130.1,5.1,10.6,79.5,7.5,127.3,16.1,35.0
1537,active,0.3708,4.7944,0.3321,0.6632,8.3045,0.8363,0.4428,0.566,1.3532,6.5999,9.0179,4.72,4.72,61.04,58.16,58.16,11.45,10.41,0.909,119.9,144.6,20.7,49.0,122.5,6.2,12.1,86.5,8.4,137.1,25.2,35.0
1538,active,0.3472,5.805,1.2465,0.8093,19.4693,0.7585,-0.2727,0.9938,0.8961,1.4135,7.2196,3.89,4.11,61.82,59.41,58.57,5.76,8.33,1.446,124.3,151.8,19.9,51.1,120.0,5.6,10.9,77.8,8.3,138.9,18.9,35.0
1539,active,0.256,4.1205,1.1817,0.6603,10.9383,0.4865,0.1526,0.2352,1.2111,4.0439,3.3168,4.24,4.24,61.46,58.86,58.53,6.9,7.88,1.142,114.8,137.1,20.1,50.4,120.0,6.9,13.7,97.8,8.4,139.4,24.0,35.0
1540,active,0.2619,5.0212,0.423,0.2738,3.2014,0.821,-0.118,0.8149,0.524,1.444,6.9951,4.88,4.88,60.92,57.95,57.95,15.34,13.73,0.895,121.0,151.7,21.7,46.5,124.3,5.6,10.9,76.1,8.5,135.9,26.5,35.0
1541,active,0.3644,4.1745,1.8935,1.1843,4.8535,0.6908,-0.2948,0.5374,0.6791,1.7182,1.6698,2.98,4.1,64.63,62.7,58.98,20.86,32.66,1.566,129.9,161.7,21.2,47.7,140.5,4.9,10.9,84.4,6.8,116.6,8.8,35.0
1542,active,0.3798,6.425,1.4062,0.8676,12.195,0.7539,-0.2146,0.473,0.7979,1.2047,6.1567,3.53,4.1,62.43,60.23,58.61,9.26,14.13,1.526,121.7,147.2,20.0,50.7,125.0,6.0,12.2,89.4,7.9,132.8,17.9,35.0
1543,active,0.2838,5.6297,0.3643,1.1971,11.7406,0.5451,0.0812,0.022,1.0547,3.7495,5.7479,3.74,4.11,62.04,59.72,58.58,6.83,10.26,1.502,112.7,132.7,19.9,51.0,122.1,7.3,15.2,110.9,8.1,136.2,22.0,35.0
1544,active,0.3176,7.4167,1.9394,0.3585,13.2515,0.6581,0.1151,0.2462,0.737,2.1281,3.2748,4.33,4.33,61.39,58.73,58.53,7.11,7.74,1.089,114.2,136.4,20.0,50.6,119.3,6.9,13.8,97.8,8.5,140.2,24.4,35.0
1545,active,0.3194,3.4478,0.6143,1.0022,6.3809,0.8123,0.4735,0.069,1.0387,3.9371,2.1492,4.05,4.22,61.93,59.43,58.54,13.16,15.74,1.196,116.5,136.9,20.3,49.9,127.1,6.9,14.5,107.8,7.8,130.7,22.9,35.0
1546,active,0.2971,4.2144,1.8638,0.9198,4.2287,0.5398,-0.1074,0.208,1.2963,2.7394,3.5479,3.18,4.1,63.08,61.07,58.79,17.36,24.61,1.418,120.1,145.0,20.9,48.4,133.9,6.1,13.4,101.1,7.3,123.4,16.8,35.0
1547,active,0.5545,2.6715,1.0693,0.4005,6.764,0.8754,0.313,0.1724,1.0496,8.9274,4.6443,5.93,5.93,60.0,56.44,56.44,21.91,15.95,0.728,109.9,133.4,22.4,44.6,127.8,7.2,14.6,102.3,8.5,132.8,35.2,35.2
1548,active,0.3065,5.6861,0.5702,0.8463,8.5007,0.2752,0.5627,0.707,1.3744,2.1662,5.0815,4.38,4.38,61.36,58.67,58.53,9.05,9.48,1.048,122.9,147.7,20.2,50.3,121.8,5.9,11.6,83.5,8.3,137.3,22.3,35.0
1549,active,0.4278,5.04,0.5043,1.0963,3.1075,0.6664,0.4289,0.9283,0.5361,2.2345,3.7517,3.61,4.19,62.62,60.36,58.69,26.08,31.31,1.201,139.6,169.9,21.3,47.5,142.5,4.5,9.6,75.7,6.7,115.3,13.8,35.0
1550,active,0.4625,5.7911,0.4011,0.5592,5.693,0.8841,0.0916,0.0592,1.1976,1.0798,5.9332,4.88,4.88,61.04,58.06,58.06,18.54,17.25,0.93,108.8,130.9,21.8,46.1,128.4,7.5,15.8,112.7,8.1,131.0,30.4,35.0
1551,active,0.5191,2.9063,1.5631,0.3233,3.8083,0.6049,-0.2813,0.0941,0.7288,1.2567,7.619,5.42,5.42,60.74,57.45,57.45,36.39,33.38,0.917,106.9,138.3,24.7,38.8,140.6,6.7,14.3,100.2,7.6,120.2,34.5,35.0
1552,active,0.3099,2.0105,1.4673,0.7683,4.2378,0.7474,0.4812,0.931,0.6212,8.4649,7.8239,4.55,4.55,61.42,58.63,58.57,17.01,17.36,1.021,129.0,157.2,21.0,48.3,128.9,5.2,10.4,76.4,7.8,129.5,21.7,35.0
1553,active,0.4663,5.2838,0.621,0.8168,14.1717,0.7645,-0.2853,0.7438,0.9767,1.0808,3.8872,3.98,4.11,61.98,59.52,58.58,10.16,13.03,1.282,124.6,153.8,20.6,49.3,124.0,5.5,10.8,77.5,8.1,134.3,19.3,35.0
1554,active,0.3973,7.0566,0.4446,0.9452,9.2201,0.2969,-0.0343,0.869,0.6333,6.1424,4.45,4.13,4.13,61.81,59.26,58.57,10.75,12.87,1.197,125.4,154.6,21.0,48.2,124.5,5.4,10.4,75.5,8.1,134.1,20.3,35.0
1555,active,0.3715,2.2515,1.3816,0.3465,3.8409,0.2953,0.4532,0.5659,0.7245,1.2157,0.4655,5.92,5.92,59.82,56.27,56.27,21.25,14.76,0.695,117.9,144.3,22.2,45.1,126.3,6.2,11.9,83.8,8.6,134.9,33.4,35.0
1556,active,0.3726,5.3519,1.0452,0.9203,19.4336,0.7598,0.4752,0.2121,0.9184,1.7783,3.4767,4.23,4.23,61.42,58.83,58.52,5.54,6.46,1.166,114.5,135.5,19.8,51.2,119.1,7.0,14.0,100.4,8.5,140.3,23.9,35.0
1557,active,0.275,4.1706,1.4914,0.5778,3.2505,0.7524,-0.2485,0.8249,1.0581,6.896,5.4922,3.41,4.1,62.79,60.65,58.77,18.01,24.06,1.336,129.6,162.0,21.1,48.0,133.2,4.9,10.3,76.3,7.3,124.2,15.3,35.0
1558,active,0.5582,2.0296,1.2989,1.1135,3.8004,0.4629,0.3665,0.2512,0.693,4.8727,3.0715,2.99,4.15,63.15,61.27,58.83,35.96,43.75,1.217,132.1,157.8,21.9,45.9,155.4,5.2,12.5,102.4,5.9,104.7,13.5,35.0
1559,active,0.526,6.5671,1.6456,0.5295,4.2666,0.2057,0.5777,0.5786,1.2654,7.8085,7.07,6.39,6.39,59.49,55.68,55.68,24.7,16.49,0.668,117.8,142.8,22.6,44.1,128.7,6.3,12.2,86.5,8.6,132.6,35.6,35.6
1560,active,0.578,4.7565,1.4514,0.3531,4.2989,0.216,0.5453,0.7609,0.8212,2.2651,6.1391,7.33,7.33,58.58,54.28,54.28,28.7,16.44,0.573,117.9,145.9,23.5,42.0,128.6,6.1,11.3,77.7,8.9,134.1,40.7,40.7
1561,active,0.5133,6.5189,0.9677,0.2503,7.0131,0.4124,0.4024,0.8807,0.9233,5.2958,6.7628,6.04,6.04,59.73,56.12,56.12,17.02,10.11,0.594,119.1,147.2,22.0,45.7,122.4,6.0,11.1,76.4,9.0,139.2,32.5,35.0
1562,active,0.3709,4.3587,1.2913,0.9963,8.6556,0.2953,-0.1022,0.5947,1.1553,1.2723,5.103,3.83,4.12,62.13,59.76,58.6,12.38,15.92,1.286,122.7,150.5,21.1,47.9,127.1,5.7,11.4,83.2,7.9,131.1,20.0,35.0
1563,active,0.5674,7.5005,1.355,0.5031,3.051,0.7953,0.221,0.2225,0.9931,1.5706,5.7761,5.55,5.55,60.59,57.23,57.23,34.04,30.42,0.894,115.8,142.7,23.4,42.1,142.3,6.3,13.5,99.0,7.3,118.1,32.0,35.0
1564,active,0.285,7.7653,1.927,0.7988,3.8879,0.2052,0.1632,0.2039,1.2468,2.7722,2.9103,4.28,4.28,61.74,59.1,58.58,14.26,15.94,1.118,116.5,140.2,21.2,47.8,127.0,6.6,13.4,97.4,7.9,131.4,24.0,35.0
1565,active,0.5994,5.6252,1.5552,0.7568,6.3094,0.7061,-0.0373,0.4365,1.1974,5.6282,7.3581,3.84,4.13,62.46,60.06,58.64,25.13,29.5,1.174,123.0,152.3,22.0,45.6,139.0,5.6,12.0,89.6,7.0,119.0,19.4,35.0
1566,active,0.274,6.6921,1.9414,0.9353,16.3849,0.8054,0.5646,0.8249,1.2046,1.7197,2.7236,4.22,4.22,61.37,58.78,58.51,4.76,5.52,1.16,123.7,149.5,19.7,51.4,118.1,5.8,11.0,78.8,8.6,141.5,20.8,35.0
1567,active,0.4571,3.0303,0.4796,0.7204,3.0112,0.3253,0.1725,0.1747,1.2251,1.6336,2.9137,5.07,5.07,61.04,57.95,57.95,29.85,28.25,0.946,113.5,139.4,23.5,41.9,139.9,6.6,14.2,103.9,7.4,120.2,30.6,35.0
1568,active,0.5647,4.8377,1.859,0.7306,3.1973,0.6941,0.2126,0.4924,0.89,1.2827,6.6858,3.74,4.17,62.4,60.07,58.77,39.79,44.19,1.111,130.5,161.0,22.7,44.0,153.9,5.0,11.5,90.3,6.1,106.3,18.1,35.0
1569,active,0.4995,4.3455,0.855,0.2442,4.3161,0.7508,-0.2718,0.1866,1.2984,2.0536,7.3459,6.39,6.39,59.63,55.82,55.82,30.56,22.9,0.749,103.5,133.2,24.2,40.1,129.7,7.3,14.5,97.2,8.6,132.2,40.2,40.2
1570,active,0.2773,5.3363,0.7195,1.1852,11.4679,0.2001,0.1512,0.6462,0.6594,1.9947,6.9556,4.01,4.12,61.79,59.31,58.56,6.83,9.12,1.335,123.2,149.3,20.1,50.5,121.2,5.8,11.3,81.6,8.3,137.5,19.9,35.0
1571,active,0.3117,2.9209,1.581,0.3809,13.5662,0.7837,0.4486,0.6207,1.4763,1.4091,5.0407,4.7,4.7,60.88,58.02,58.02,7.1,5.66,0.797,119.3,144.2,20.3,50.1,118.2,6.2,11.8,83.3,8.8,142.2,24.9,35.0
1572,active,0.4694,6.5203,0.765,1.0712,13.7725,0.8522,-0.0078,0.7955,1.0739,2.1748,7.2669,3.68,4.1,62.3,60.0,58.6,9.52,13.75,1.444,126.5,154.1,20.1,50.5,125.1,5.4,10.9,80.2,7.9,132.6,17.0,35.0
1573,active,0.4793,7.0898,1.4961,0.349,3.5992,0.2522,-0.2686,0.8291,0.7773,7.2945,3.753,6.53,6.53,59.41,55.53,55.53,28.93,20.39,0.705,109.5,144.7,25.2,37.5,128.6,6.2,11.1,73.9,8.9,134.3,39.8,39.8
1574,active,0.4193,3.3574,1.6714,0.987,11.3824,0.4735,0.5837,0.6116,0.7684,2.0564,2.8606,4.39,4.39,61.47,58.77,58.54,10.86,11.59,1.067,123.6,148.4,20.3,50.0,123.7,5.9,11.6,84.4,8.1,134.9,22.1,35.0
1575,active,0.5836,2.6433,1.3735,0.3021,7.2917,0.5216,0.3038,0.834,1.1168,1.8183,5.2273,6.1,6.1,59.83,56.18,56.18,22.77,16.03,0.704,120.9,151.3,22.5,44.3,127.4,5.6,10.7,74.7,8.6,133.6,32.6,35.0
1576,active,0.4937,6.8906,1.2597,0.5419,7.8605,0.43,0.1112,0.0566,1.2841,1.1447,2.0341,4.89,4.89,61.0,58.02,58.02,15.23,13.77,0.904,109.9,132.4,21.6,46.6,125.3,7.4,14.9,105.5,8.3,134.4,29.5,35.0
1577,active,0.524,5.1341,0.5967,0.6788,3.5197,0.7378,-0.2335,0.6342,1.2257,8.3625,3.2809,4.57,4.57,61.68,58.86,58.7,33.87,34.87,1.03,121.5,157.6,23.9,40.9,142.5,5.2,11.0,79.7,7.1,116.9,24.6,35.0
1578,active,0.4071,7.1337,1.3725,0.6383,5.8609,0.7933,0.0145,0.8599,1.3728,6.4784,1.4769,3.99,4.13,62.11,59.64,58.63,16.43,19.64,1.195,127.5,157.5,21.0,48.3,130.1,5.2,10.5,77.4,7.6,127.6,18.9,35.0
1579,active,0.5873,6.4219,1.1197,0.7472,15.7521,0.5044,0.402,0.1108,0.6771,2.9997,4.9507,4.66,4.66,61.11,58.27,58.27,9.98,9.26,0.928,113.3,134.7,20.5,49.5,121.5,7.1,14.3,101.7,8.5,138.0,26.7,35.0
1580,active,0.5293,2.0203,1.8537,0.5459,7.8661,0.3873,0.0545,0.4268,1.2387,3.962,2.0165,5.11,5.11,60.9,57.79,57.79,20.9,18.8,0.9,116.4,144.6,22.5,44.5,129.0,6.2,12.2,86.5,8.1,130.6,28.7,35.0
1581,active,0.4808,6.8614,1.1323,0.6738,6.4557,0.7078,-0.2528,0.6746,0.5771,8.0342,3.189,3.88,4.12,62.23,59.82,58.64,18.16,21.87,1.204,124.0,155.2,21.7,46.5,132.2,5.4,10.9,79.8,7.5,125.7,19.7,35.0
1582,active,0.3219,3.4515,1.0144,0.8961,5.7705,0.6401,0.4919,0.9889,1.4109,4.5061,5.6557,4.27,4.27,61.67,59.03,58.54,13.93,15.39,1.105,129.6,157.4,20.5,49.4,126.9,5.2,10.3,76.1,7.9,131.3,19.9,35.0
1583,active,0.398,6.9081,1.1244,1.1983,3.2456,0.524,-0.2538,0.1397,1.0089,9.0441,3.5121,2.98,4.1,64.63,62.7,58.88,22.64,34.46,1.522,121.5,150.1,22.3,44.9,145.0,5.7,13.0,101.2,6.6,113.3,12.8,35.0
1584,active,0.5344,4.009,1.5114,0.3082,12.7662,0.5612,-0.242,0.8354,0.6654,3.5403,4.1434,4.91,4.91,60.96,57.97,57.97,14.37,12.81,0.891,119.3,149.7,21.7,46.4,123.0,5.8,10.9,76.1,8.5,137.1,26.5,35.0
1585,active,0.4599,7.1423,1.8907,0.6844,4.9964,0.7944,0.5935,0.5295,0.7776,2.4683,5.2696,5.4,5.4,60.53,57.26,57.26,19.12,15.45,0.808,118.9,142.3,21.6,46.8,127.5,6.4,12.7,91.6,8.2,132.2,29.2,35.0
1586,active,0.3801,2.8014,0.8945,0.3371,4.6028,0.5453,-0.1812,0.7885,1.4354,1.0118,2.8444,5.78,5.78,60.1,56.63,56.63,22.65,17.28,0.763,115.4,148.0,23.2,42.5,125.8,5.9,11.1,75.6,8.7,135.7,33.4,35.0
1587,active,0.2779,5.4763,0.5757,0.2755,6.5793,0.849,0.5836,0.1967,1.4155,1.45,5.039,5.1,5.1,60.38,57.3,57.3,9.36,5.81,0.621,111.2,132.3,20.7,48.9,118.5,7.4,14.3,100.3,8.9,142.8,30.4,35.0
1588,active,0.4602,2.3841,0.7189,0.454,4.171,0.5698,0.4117,0.7278,1.1537,2.2715,0.8453,6.03,6.03,59.85,56.24,56.24,25.6,19.01,0.743,120.7,149.2,22.7,43.8,130.8,5.8,11.3,80.2,8.3,130.1,33.1,35.0
1589,active,0.2687,7.6877,1.8553,0.649,5.4767,0.884,-0.1931,0.5547,1.4615,9.4983,5.1204,3.26,4.1,62.92,60.87,58.77,12.32,19.01,1.543,125.3,152.0,19.9,51.0,128.4,5.6,11.7,87.1,7.6,128.7,14.9,35.0
1590,active,0.2664,6.2929,1.595,0.5809,17.2483,0.6071,0.5639,0.6707,0.6972,5.4903,2.5996,4.41,4.41,61.07,58.38,58.38,4.44,4.06,0.914,121.3,146.6,19.9,51.1,116.9,6.0,11.4,80.5,8.8,143.5,22.7,35.0
1591,active,0.4449,2.9682,1.0795,0.7461,3.2438,0.2694,-0.0759,0.7064,1.4701,3.6587,6.5581,5.17,5.17,60.9,57.75,57.75,30.32,28.19,0.93,120.2,155.5,24.5,39.3,138.6,5.3,10.4,74.8,7.7,122.1,29.4,35.0
1592,active,0.3799,3.2113,0.7241,0.548,9.0954,0.5344,-0.1837,0.4663,0.6994,1.8179,4.5041,4.73,4.73,61.13,58.24,58.24,12.56,11.76,0.936,115.7,142.8,21.5,46.9,122.9,6.3,12.3,86.6,8.5,137.0,26.6,35.0
1593,active,0.4005,5.9605,0.8338,0.292,6.4531,0.6574,0.0978,0.1572,0.9865,1.2277,3.7835,5.26,5.26,60.53,57.34,57.34,15.05,11.69,0.777,109.5,132.9,21.6,46.6,123.0,7.3,14.5,101.1,8.6,137.6,31.7,35.0
1594,active,0.5588,7.4173,0.5739,0.276,17.4671,0.3991,0.2628,0.0915,0.9468,3.5029,3.7229,5.11,5.11,60.49,57.4,57.4,8.89,5.64,0.634,107.4,128.0,20.8,48.7,118.0,7.9,15.4,107.0,9.0,143.3,31.1,35.0
1595,active,0.5847,2.1527,1.1808,0.4405,17.466,0.447,-0.0921,0.4355,0.9472,2.0985,6.3669,5.05,5.05,60.71,57.64,57.64,11.61,9.12,0.786,113.3,139.2,21.5,47.0,120.4,6.7,12.8,88.4,8.8,140.4,28.9,35.0
1596,active,0.2889,5.4036,0.9659,0.4313,4.1485,0.6754,0.5351,0.4978,1.2818,3.1924,8.1205,5.29,5.29,60.39,57.19,57.19,13.8,9.94,0.72,117.5,141.8,21.2,47.8,122.2,6.4,12.4,87.5,8.7,138.5,29.4,35.0
1597,active,0.5264,4.9728,1.7435,0.5933,10.1927,0.7778,0.577,0.9131,1.4001,4.3191,5.1222,5.35,5.35,60.44,57.21,57.21,13.63,9.86,0.723,123.4,150.5,21.1,47.9,122.2,5.7,10.7,76.0,8.7,138.2,27.2,35.0
1598,active,0.5974,4.5369,1.5522,0.5913,6.5612,0.6701,0.184,0.9501,1.0437,1.1875,1.8687,4.75,4.75,61.39,58.48,58.48,24.85,24.76,0.996,128.3,160.2,22.0,45.7,135.1,5.0,10.2,75.0,7.5,123.3,23.0,35.0
1599,active,0.4385,7.4482,1.7072,0.7065,6.4821,0.552,0.5585,0.1088,0.9533,1.8846,2.0576,5.02,5.02,60.85,57.8,57.8,15.02,12.98,0.864,112.4,132.5,21.0,48.1,125.0,7.4,15.0,108.1,8.3,134.5,29.3,35.0
1600,active,0.255,5.2275,1.541,0.9484,8.4906,0.7775,0.082,0.4066,0.6086,3.9158,2.8767,3.66,4.1,62.25,59.98,58.63,8.69,12.85,1.479,121.2,145.2,19.8,51.3,123.9,6.1,12.5,92.1,8.0,133.9,18.6,35.0
1601,active,0.3876,6.6128,1.7079,0.9934,11.9148,0.7844,0.5652,0.2685,1.3044,1.9643,6.2532,4.32,4.32,61.49,58.83,58.52,8.62,9.52,1.104,117.0,138.5,20.1,50.6,121.7,6.7,13.5,97.9,8.3,137.1,23.5,35.0
1602,active,0.5327,3.8524,1.4121,0.2479,6.513,0.6301,0.3238,0.7844,1.0182,3.3703,2.5168,6.16,6.16,59.74,56.06,56.06,21.33,14.27,0.669,118.3,147.1,22.4,44.7,125.6,6.0,11.3,78.4,8.7,135.6,33.5,35.0
1603,active,0.4308,2.3218,1.9047,0.2013,9.1196,0.7504,0.0065,0.2156,1.4392,2.3598,4.7193,4.88,4.88,61.0,58.03,58.03,15.75,14.35,0.911,111.9,136.0,21.3,47.4,124.0,7.0,14.0,98.9,8.4,135.7,28.7,35.0
1604,active,0.2585,6.6735,1.0841,0.4154,5.3324,0.5862,0.0316,0.9672,0.7611,1.661,4.8295,4.63,4.63,61.14,58.32,58.32,10.73,10.2,0.951,122.5,151.3,21.0,48.3,121.9,5.6,10.8,76.1,8.5,137.9,23.8,35.0
1605,active,0.2973,4.4604,0.6866,1.0961,9.1508,0.8477,0.3371,0.7323,1.1858,4.9202,3.0283,3.81,4.12,62.09,59.73,58.59,9.02,12.48,1.384,127.5,154.1,19.9,51.0,124.2,5.4,10.8,79.8,7.9,133.8,17.5,35.0
1606,active,0.4306,4.6354,1.6078,0.3943,7.893,0.7297,-0.084,0.981,0.5394,4.1008,4.276,4.49,4.49,61.5,58.74,58.56,15.72,16.39,1.043,124.4,155.3,21.3,47.4,126.6,5.4,10.5,75.0,8.0,132.1,22.5,35.0
1607,active,0.5664,2.7411,0.7493,0.2001,9.734,0.8346,0.5872,0.1482,0.7581,7.7093,7.12,6.49,6.49,59.2,55.35,55.35,15.89,6.75,0.425,107.3,128.9,22.0,45.7,119.4,7.8,14.7,99.9,9.4,143.5,38.7,38.7
1608,active,0.3129,5.608,1.2371,0.3862,5.5322,0.7229,0.0852,0.219,1.423,1.0806,3.3727,4.63,4.63,61.24,58.4,58.4,13.25,12.91,0.974,112.1,134.8,21.0,48.2,124.2,7.1,14.5,103.0,8.3,135.1,27.2,35.0
1609,active,0.5898,4.6129,0.7243,0.3756,8.3599,0.7567,0.2364,0.9292,1.1403,3.1617,1.4296,5.67,5.67,60.21,56.8,56.8,18.17,13.26,0.73,120.8,150.5,22.0,45.7,124.8,5.7,10.8,75.5,8.6,135.9,30.1,35.0
1610,active,0.3525,5.8158,0.5164,1.1344,10.1575,0.239,-0.2831,0.9973,0.8173,3.6812,3.9343,3.93,4.13,61.99,59.55,58.58,9.65,12.62,1.308,124.7,154.2,21.0,48.3,123.9,5.4,10.5,75.7,8.1,134.7,19.4,35.0
1611,active,0.5809,5.3927,0.7702,0.7949,11.1034,0.389,0.3215,0.985,1.3155,1.3074,4.6427,4.78,4.78,61.24,58.31,58.31,14.17,13.6,0.96,124.9,153.0,21.0,48.3,125.4,5.5,10.8,77.5,8.1,133.4,23.2,35.0
1612,active,0.3029,6.841,0.5831,1.1138,3.1344,0.236,0.5149,0.513,0.6418,1.0873,4.0091,3.84,4.16,62.32,59.93,58.66,16.91,20.93,1.238,127.0,151.0,20.5,49.6,132.2,5.7,11.9,91.1,7.3,125.0,18.2,35.0
1613,active,0.3682,2.3879,0.9406,0.7999,4.0497,0.8198,0.3724,0.3311,0.6317,2.0977,9.2491,4.28,4.3,61.81,59.17,58.62,21.12,23.0,1.089,122.8,147.5,21.3,47.5,134.1,5.9,12.6,94.3,7.3,123.9,22.6,35.0
1614,active,0.3207,3.4786,1.5089,0.4257,8.9125,0.3748,-0.1463,0.1798,1.4522,1.3907,5.9216,4.65,4.67,61.06,58.22,58.16,11.3,10.44,0.924,110.7,134.2,21.2,47.6,121.1,7.2,14.1,98.7,8.6,139.3,28.3,35.0
1615,active,0.3737,6.4387,1.1745,0.4678,3.1412,0.7943,0.3317,0.5223,0.6635,2.4377,2.4574,5.31,5.31,60.6,57.38,57.38,20.98,17.67,0.842,119.2,145.7,22.0,45.7,129.3,6.1,12.1,86.9,8.1,130.5,29.1,35.0
1616,active,0.447,2.8188,1.272,0.3627,5.4584,0.4297,0.1108,0.713,1.4286,1.5419,3.8473,5.65,5.65,60.22,56.82,56.82,21.43,16.54,0.772,117.2,147.0,22.7,43.8,127.1,6.0,11.4,79.7,8.5,133.8,32.0,35.0
1617,active,0.5446,6.0733,0.7182,0.9986,4.7827,0.6617,0.4955,0.2025,1.2234,4.6481,7.8075,4.68,4.68,61.49,58.62,58.62,24.3,24.62,1.013,120.3,142.6,21.7,46.5,136.4,6.3,13.6,102.8,7.3,121.8,25.0,35.0
1618,active,0.4921,2.4824,1.8913,0.7642,3.69,0.4605,0.3467,0.7485,0.6718,5.9507,5.4809,4.48,4.48,61.67,58.91,58.64,33.61,34.75,1.034,131.6,162.0,22.4,44.8,144.5,4.9,10.6,81.0,6.8,114.5,21.6,35.0
1619,active,0.2676,3.7826,1.3109,0.7141,3.6145,0.744,0.5596,0.0059,0.6534,3.65,1.5079,4.63,4.63,61.23,58.39,58.39,14.88,14.45,0.971,113.1,132.7,20.8,48.7,126.4,7.3,15.2,111.2,8.0,132.5,27.3,35.0
1620,active,0.5679,3.3876,1.5541,1.0519,8.9188,0.794,-0.193,0.7369,0.5149,8.0242,3.1168,2.95,4.1,64.43,62.53,58.81,20.2,31.57,1.563,134.0,167.0,20.9,48.3,140.3,4.6,10.2,78.9,6.8,116.9,9.1,35.0
1621,active,0.3069,5.8148,1.5801,0.9867,9.1667,0.7857,0.0105,0.2337,1.408,1.9529,8.5436,3.43,4.1,62.54,60.4,58.63,9.65,15.0,1.554,119.6,142.5,19.8,51.2,125.7,6.3,13.3,98.7,7.8,131.8,18.1,35.0
1622,active,0.4066,4.0686,0.558,0.3635,3.7711,0.3102,0.4654,0.0733,1.1021,3.4148,8.233,6.18,6.18,59.6,55.92,55.92,21.92,14.4,0.657,108.5,130.3,22.4,44.6,126.3,7.6,15.1,105.5,8.7,135.3,37.6,37.6
1623,active,0.5594,2.8214,1.5753,0.8693,16.0504,0.6912,0.1162,0.0527,0.7862,6.2135,4.6618,3.92,4.11,62.12,59.69,58.6,12.24,15.57,1.272,114.7,136.2,20.3,50.0,126.3,7.0,14.7,108.0,7.8,131.4,22.1,35.0
1624,active,0.3365,2.0601,0.8084,0.7387,5.4881,0.4542,0.4091,0.3028,0.6276,1.9615,1.6615,4.42,4.42,61.48,58.76,58.56,15.22,15.96,1.049,118.9,142.1,20.9,48.6,127.8,6.4,13.2,96.5,7.9,130.7,24.4,35.0
1625,active,0.3645,6.6632,0.8478,0.5041,7.1466,0.3055,0.5643,0.3912,0.6899,3.1855,2.8698,5.08,5.08,60.59,57.51,57.51,11.81,8.89,0.753,115.9,138.8,20.9,48.6,121.3,6.7,13.1,92.5,8.7,139.2,28.5,35.0
1626,active,0.361,2.788,1.4264,0.5056,17.4476,0.2018,0.5015,0.4706,1.4261,7.7292,2.3934,4.58,4.58,60.97,58.18,58.18,6.53,5.54,0.848,116.7,139.9,20.1,50.4,118.1,6.6,12.8,90.1,8.8,142.3,25.3,35.0
1627,active,0.3736,4.4223,1.8495,0.5561,3.8171,0.366,0.103,0.5018,0.5129,1.3671,3.2321,4.61,4.66,61.35,58.52,58.4,21.62,21.67,1.002,119.2,147.0,22.3,45.0,132.0,6.0,12.1,87.8,7.8,127.1,26.2,35.0
1628,active,0.2857,6.8492,0.7212,0.6648,4.8933,0.7922,0.4824,0.2235,0.8895,1.9046,4.4584,4.66,4.66,61.13,58.28,58.28,11.66,10.99,0.943,115.4,137.2,20.6,49.2,123.1,6.9,13.8,99.2,8.3,136.2,26.3,35.0
1629,active,0.4661,5.6363,0.5662,1.0606,9.9987,0.2198,-0.1259,0.6768,0.9462,1.2534,3.2602,4.26,4.26,61.72,59.09,58.55,12.89,14.54,1.128,120.8,149.2,21.6,46.8,125.7,5.8,11.3,81.3,8.1,133.1,22.5,35.0
1630,active,0.2675,3.554,1.1796,1.0689,9.2489,0.617,0.3241,0.3848,1.1355,2.8575,2.3589,3.88,4.12,62.0,59.6,58.58,8.63,11.72,1.358,120.3,143.5,19.9,51.0,123.4,6.3,12.8,93.6,8.0,134.6,20.1,35.0
1631,active,0.571,4.1452,1.6647,0.6093,6.3317,0.7758,-0.2196,0.0249,1.1729,5.917,4.3351,3.11,4.1,63.15,61.19,58.76,27.37,34.93,1.276,118.6,146.1,21.9,46.0,142.9,6.0,13.9,105.2,6.7,115.2,17.2,35.0
1632,active,0.3197,5.7243,1.7209,0.3765,19.2824,0.4469,-0.0037,0.3039,1.1914,2.105,4.1854,4.4,4.4,61.15,58.46,58.46,5.5,5.33,0.969,113.7,136.4,20.2,50.3,117.4,6.9,13.5,94.7,8.8,143.0,25.3,35.0
1633,active,0.44,6.1979,1.7826,1.0846,9.9832,0.4107,-0.1995,0.505,1.1423,6.8825,9.149,3.42,4.11,62.69,60.54,58.64,12.79,18.55,1.45,123.0,150.0,20.8,48.8,128.8,5.7,11.8,87.4,7.7,128.8,16.9,35.0
1634,active,0.5152,4.5044,1.5761,1.003,12.4739,0.4257,-0.1092,0.0398,1.1454,6.3347,5.0366,3.89,4.11,62.19,59.77,58.6,12.62,16.18,1.282,112.7,134.9,20.9,48.3,127.0,7.1,14.8,108.3,7.9,131.0,22.6,35.0
1635,active,0.5319,3.2773,0.4186,0.5188,6.1166,0.4991,0.2216,0.2868,0.8111,2.9507,1.9884,5.57,5.57,60.36,57.0,57.0,22.27,17.91,0.804,112.8,138.1,22.5,44.5,129.3,6.8,13.7,96.8,8.3,131.0,32.6,35.0
1636,active,0.5586,4.8449,1.8286,1.0103,3.8299,0.2707,0.2021,0.8183,0.532,4.7072,7.3646,3.62,4.17,62.6,60.33,58.67,33.5,38.65,1.154,133.9,166.3,22.8,43.7,149.0,4.7,10.1,79.4,6.4,110.5,16.1,35.0
1637,active,0.5709,3.9282,0.5085,0.8103,3.5635,0.6649,0.084,0.3287,1.3673,2.4373,0.6252,4.65,4.65,61.64,58.78,58.69,34.55,35.3,1.022,119.0,148.0,23.5,41.8,146.4,5.9,13.2,98.4,6.8,113.3,25.9,35.0
1638,active,0.5093,6.865,1.4048,1.0718,14.2818,0.691,0.3162,0.0206,1.2653,6.1969,0.3883,4.03,4.12,61.94,59.44,58.59,10.18,12.83,1.26,114.0,134.2,20.1,50.5,124.3,7.2,15.0,109.7,8.0,133.6,22.9,35.0
1639,active,0.2746,6.7795,0.3342,0.8701,12.8361,0.3677,0.3924,0.3769,1.2462,1.2666,3.3643,4.24,4.24,61.42,58.81,58.52,5.75,6.61,1.15,117.0,139.6,19.9,51.0,119.0,6.6,13.1,93.4,8.5,140.4,23.1,35.0
1640,active,0.5276,3.9951,1.1961,1.0226,9.3949,0.8528,0.1615,0.3028,0.9847,9.254,8.4412,3.77,4.11,62.37,60.02,58.62,16.1,20.39,1.266,120.8,144.9,20.6,49.1,131.2,6.1,13.1,98.2,7.4,126.1,19.5,35.0
1641,active,0.5277,4.3093,1.6034,0.6463,12.3746,0.6215,0.1191,0.6111,1.1884,1.3698,2.9221,4.43,4.43,61.57,58.84,58.56,13.08,14.03,1.073,121.8,148.7,20.8,48.8,125.0,5.8,11.6,83.5,8.1,133.5,22.4,35.0
1642,active,0.58,4.4156,0.5464,0.2507,7.3087,0.6264,0.2707,0.5672,0.6495,7.3471,2.1653,6.31,6.31,59.54,55.78,55.78,20.59,12.69,0.616,113.5,140.6,22.6,44.2,124.3,6.5,12.5,85.3,8.9,137.5,36.0,36.0
1643,active,0.573,7.601,1.9118,1.1164,3.2819,0.7678,-0.2356,0.8869,1.1065,1.1292,3.0592,2.96,4.1,64.63,62.72,59.1,40.94,52.7,1.287,136.0,177.4,23.3,42.3,160.1,4.1,9.4,74.2,5.8,101.3,7.6,35.0
1644,active,0.4082,6.9552,1.7496,0.2171,3.1436,0.6586,-0.0527,0.5524,0.5885,5.6225,2.1205,5.3,5.3,60.73,57.51,57.51,25.22,22.4,0.888,116.0,146.3,22.9,43.4,131.5,6.0,11.9,84.1,8.1,128.5,30.4,35.0
1645,active,0.493,5.079,1.6458,0.6332,8.2,0.3956,0.4078,0.344,0.6049,7.8562,3.12,4.85,4.85,61.08,58.12,58.12,15.86,14.7,0.927,117.9,141.7,21.0,48.1,126.0,6.4,12.9,93.2,8.2,133.0,26.4,35.0
1646,active,0.3944,3.8227,1.1083,0.8718,4.014,0.5285,0.0669,0.6242,0.567,4.1154,4.8865,3.7,4.15,62.51,60.2,58.66,21.62,26.4,1.221,127.1,156.7,21.7,46.4,137.2,5.3,11.1,84.1,7.1,120.7,18.2,35.0
1647,active,0.406,3.6316,0.4204,1.0286,3.3592,0.6606,0.0911,0.2493,1.3764,6.4117,2.608,3.01,4.15,63.21,61.3,58.76,25.08,32.99,1.315,124.4,150.2,21.5,46.8,143.4,5.7,13.2,102.8,6.6,114.7,15.6,35.0
1648,active,0.2553,4.8189,1.2059,0.8258,3.7492,0.6044,-0.296,0.7864,1.0162,1.3386,6.575,3.38,4.11,62.83,60.71,58.7,14.45,20.67,1.43,128.4,159.5,21.0,48.2,131.1,5.1,10.4,77.4,7.5,126.5,15.2,35.0
1649,active,0.5737,4.6164,0.6373,1.062,12.0222,0.8285,0.2353,0.9869,0.6586,1.2939,2.3948,4.11,4.13,62.0,59.45,58.59,13.62,16.28,1.195,129.0,157.8,20.6,49.3,127.6,5.2,10.4,76.4,7.7,130.1,18.5,35.0
1650,active,0.418,4.0871,1.8243,0.9343,18.4946,0.8236,-0.2795,0.2488,0.8621,5.4414,2.961,3.31,4.1,62.68,60.61,58.65,8.36,14.31,1.712,119.5,142.8,19.6,51.7,124.6,6.3,13.2,97.7,7.9,133.0,17.1,35.0
1651,active,0.2501,3.7507,0.3864,1.0593,4.0808,0.371,0.3711,0.1389,0.7477,2.0935,3.3125,3.74,4.16,62.33,59.99,58.66,13.39,17.6,1.314,118.1,139.1,20.2,50.2,128.8,6.7,14.3,107.1,7.6,128.6,20.4,35.0
1652,active,0.374,4.3295,0.8668,0.6789,5.5443,0.7874,0.0668,0.3523,0.6837,1.6746,4.0605,4.21,4.21,61.91,59.31,58.58,16.52,18.79,1.137,118.7,143.9,21.1,48.0,129.7,6.2,13.1,95.6,7.7,128.2,22.7,35.0
1653,active,0.5516,7.0502,1.1654,0.3802,19.0184,0.4879,0.0595,0.4831,0.8495,2.3432,4.0485,4.85,4.85,60.82,57.87,57.87,8.41,6.56,0.78,114.7,139.3,20.8,48.8,118.7,6.6,12.7,88.7,8.8,142.0,27.1,35.0
1654,active,0.3354,7.6626,1.9685,0.9608,5.3128,0.3557,-0.1354,0.4875,0.6686,1.2062,5.0484,3.3,4.11,62.84,60.77,58.66,14.82,21.22,1.432,123.2,150.1,21.0,48.3,131.2,5.7,11.9,89.2,7.5,126.4,16.8,35.0
1655,active,0.4265,3.1512,0.9084,0.2296,3.9516,0.6987,0.3997,0.1591,0.8809,1.0176,4.5229,6.6,6.6,59.16,55.26,55.26,23.28,13.88,0.596,106.1,128.5,22.9,43.5,125.7,7.8,15.4,105.5,8.9,136.6,40.8,40.8
1656,active,0.589,6.7924,1.127,0.803,14.5863,0.8201,-0.0799,0.4005,0.541,4.0239,5.0724,4.06,4.11,61.98,59.46,58.6,11.2,13.91,1.242,118.2,143.1,20.5,49.4,125.3,6.3,12.9,93.1,7.9,132.8,21.6,35.0
1657,active,0.4984,4.7406,1.4357,1.0917,6.852,0.8396,0.5723,0.5386,0.5046,9.7063,5.8675,4.31,4.31,61.78,59.12,58.56,18.17,19.9,1.095,126.4,150.9,20.8,48.7,131.5,5.7,11.7,88.1,7.5,126.1,21.1,35.0
1658,active,0.5318,4.7064,1.7605,0.9529,6.5267,0.6312,-0.0036,0.7373,0.8749,1.8872,2.5922,3.07,4.11,63.16,61.22,58.74,22.81,30.48,1.336,131.5,162.4,21.3,47.4,139.6,4.9,10.5,81.0,6.9,118.0,13.0,35.0
1659,active,0.4058,6.6917,0.6235,1.0304,5.1527,0.7473,0.2664,0.0471,1.3051,1.8446,3.3097,3.73,4.15,62.4,60.08,58.6,17.05,21.5,1.261,118.0,139.6,20.7,49.0,132.5,6.6,14.5,109.0,7.4,124.9,20.5,35.0
1660,active,0.5167,3.4169,1.3756,0.353,19.1966,0.217,0.1692,0.7305,1.0744,4.522,3.8292,4.97,4.97,60.64,57.63,57.63,8.55,5.98,0.699,118.2,144.8,20.9,48.5,118.3,6.2,11.5,80.0,8.9,142.8,26.9,35.0
1661,active,0.557,6.722,0.4575,0.7127,8.0962,0.6136,0.1333,0.9597,1.125,2.2906,4.2301,4.68,4.68,61.37,58.5,58.5,16.5,16.48,0.999,124.6,154.1,21.5,47.0,128.0,5.4,10.7,77.3,8.0,130.7,23.2,35.0
1662,active,0.4956,3.7792,1.8258,0.9663,5.6004,0.5038,-0.2512,0.6711,1.1859,6.4524,6.0325,2.94,4.1,64.14,62.26,58.78,26.02,36.62,1.407,129.9,163.9,22.3,44.8,144.8,4.8,10.5,81.4,6.7,113.7,12.0,35.0
1663,active,0.4765,2.4291,1.8346,0.5391,4.0701,0.626,-0.1295,0.0882,0.9157,4.5787,3.4383,3.92,4.13,62.31,59.87,58.71,31.2,35.06,1.124,114.7,142.4,23.0,43.2,143.2,6.4,14.3,106.4,6.9,115.7,23.6,35.0
1664,active,0.512,6.4256,0.3232,1.0323,15.6697,0.4121,0.4451,0.1315,0.7476,2.1571,3.7455,4.29,4.29,61.52,58.88,58.53,8.93,9.98,1.118,115.3,136.5,20.2,50.3,122.1,6.9,14.0,101.6,8.3,136.7,24.0,35.0
1665,active,0.4383,2.3632,0.4408,0.7969,9.8322,0.2626,0.2769,0.097,0.946,7.6128,4.1887,4.62,4.62,61.3,58.47,58.47,13.01,12.87,0.989,113.5,135.7,21.0,48.2,124.8,7.0,14.3,102.6,8.2,134.2,26.4,35.0
1666,active,0.4442,6.5439,1.2225,0.228,5.9459,0.8562,-0.0551,0.2848,0.6027,3.478,7.2373,5.07,5.07,60.83,57.75,57.75,18.03,15.83,0.878,112.9,139.3,21.9,46.0,126.4,6.7,13.3,93.4,8.3,133.4,29.7,35.0
1667,active,0.5461,3.6902,1.8749,0.4595,15.9767,0.2588,0.4896,0.8617,0.5403,3.2205,0.8809,5.09,5.09,60.61,57.52,57.52,10.61,7.74,0.73,122.2,149.2,20.8,48.8,120.0,5.8,10.9,76.7,8.8,140.5,26.1,35.0
1668,active,0.4533,5.3861,1.9623,0.7831,19.909,0.4924,0.4359,0.4568,0.6531,9.766,5.3157,4.37,4.37,61.35,58.67,58.52,6.84,7.26,1.061,118.8,142.3,20.0,50.8,119.6,6.4,12.5,89.1,8.5,139.8,23.0,35.0
1669,active,0.5512,6.9274,1.4598,1.1951,11.6723,0.319,0.2745,0.0814,1.2727,2.4463,2.3211,3.77,4.12,62.31,59.96,58.58,12.45,16.56,1.33,117.0,138.2,20.3,50.0,127.7,6.8,14.3,106.6,7.7,129.8,20.6,35.0
1670,active,0.5258,4.487,1.0022,0.5967,14.457,0.3413,0.5982,0.4796,1.0845,1.0553,9.3532,5.03,5.03,60.62,57.57,57.57,10.29,7.53,0.732,117.2,140.6,20.7,49.0,120.2,6.5,12.6,88.9,8.7,140.2,27.6,35.0
1671,active,0.3501,3.5659,1.0921,0.6031,7.9249,0.8024,-0.0046,0.7006,1.1512,3.4943,4.0266,4.22,4.22,61.75,59.15,58.57,12.23,14.04,1.148,123.3,151.3,20.8,48.8,125.4,5.6,11.2,81.2,8.0,132.9,21.2,35.0
1672,active,0.4382,3.2361,1.2037,0.2325,8.013,0.8675,-0.2334,0.7,1.4476,5.0468,3.661,4.94,4.94,61.0,57.99,57.99,16.94,15.48,0.914,118.9,149.2,21.6,46.6,124.8,5.8,11.4,79.2,8.4,134.8,26.8,35.0
1673,active,0.3563,4.183,1.4027,0.3292,6.3328,0.2962,0.1309,0.432,1.0082,1.7382,5.2255,5.36,5.36,60.41,57.17,57.17,15.17,11.32,0.746,112.7,138.2,21.9,45.8,122.6,6.8,13.0,90.2,8.8,138.4,31.3,35.0
1674,active,0.5399,4.0792,1.394,0.5733,17.3469,0.534,0.0638,0.036,1.2416,9.0728,4.9684,4.6,4.6,61.18,58.37,58.37,9.67,9.24,0.956,109.4,130.5,20.7,48.9,121.0,7.6,15.3,107.9,8.5,138.7,27.7,35.0
1675,active,0.3408,2.666,0.3012,1.0167,4.4871,0.7377,0.0229,0.1404,1.0377,2.1366,3.4616,3.25,4.15,62.95,60.9,58.68,17.88,24.66,1.379,118.5,141.6,20.9,48.4,135.1,6.4,14.4,109.5,7.2,122.3,18.1,35.0
1676,active,0.2596,2.3385,0.745,0.9159,14.3302,0.667,0.3793,0.5613,1.1193,3.4431,1.144,4.13,4.14,61.54,58.99,58.53,5.66,7.03,1.242,120.4,144.5,19.8,51.2,119.4,6.2,12.1,86.9,8.4,139.8,21.6,35.0
1677,active,0.494,4.0488,1.2711,0.757,5.1805,0.831,-0.056,0.0612,1.3601,3.8654,7.1074,3.36,4.12,62.87,60.76,58.73,24.65,31.02,1.258,118.6,144.2,21.7,46.5,141.1,6.2,14.2,107.8,6.8,116.7,18.7,35.0
1678,active,0.342,5.3635,1.8773,1.141,11.7575,0.3946,0.336,0.7188,0.8246,9.9654,0.7263,3.65,4.11,62.21,59.94,58.58,8.68,12.73,1.467,127.1,153.0,19.7,51.5,124.0,5.5,11.1,81.6,7.9,133.8,17.0,35.0
1679,active,0.2821,6.6576,0.6354,0.5817,18.6491,0.3823,-0.0205,0.0407,1.0817,3.0593,6.7388,4.35,4.35,61.17,58.51,58.51,4.68,4.66,0.996,109.6,130.0,20.1,50.4,117.2,7.6,15.1,106.2,8.8,143.3,26.4,35.0
1680,active,0.3533,3.8578,0.9363,0.5485,9.3756,0.5707,-0.1046,0.3267,1.4169,8.9649,5.6679,4.64,4.64,61.18,58.35,58.35,11.44,10.96,0.958,114.4,139.5,21.1,47.9,122.1,6.6,13.0,91.9,8.5,137.7,26.5,35.0
1681,active,0.3446,7.0374,0.3806,0.804,12.1021,0.7811,0.4968,0.2567,0.6609,2.5264,6.4811,4.38,4.38,61.3,58.61,58.52,7.28,7.55,1.037,115.2,136.7,20.1,50.5,120.0,6.9,13.7,98.5,8.5,139.4,24.5,35.0
1682,active,0.375,7.3109,0.7781,0.8314,5.7523,0.8643,0.1916,0.3876,1.4386,3.3311,6.5014,4.13,4.15,61.98,59.42,58.56,14.17,16.76,1.183,119.8,143.9,20.7,49.0,128.0,6.2,12.9,95.0,7.7,129.7,21.7,35.0
1683,active,0.5747,2.1274,1.875,0.8696,15.047,0.8593,-0.2007,0.1803,0.8189,3.6433,7.0411,3.07,4.1,63.15,61.22,58.71,14.19,21.85,1.54,120.3,144.2,20.0,50.7,130.7,6.2,13.6,102.3,7.4,126.2,15.6,35.0
1684,active,0.4185,5.0952,0.8258,0.6479,8.8654,0.6359,0.4062,0.5197,1.0666,1.0057,3.9989,4.72,4.72,61.11,58.22,58.22,12.53,11.65,0.93,120.2,145.1,20.8,48.8,123.7,6.1,12.1,86.7,8.3,135.6,25.0,35.0
1685,active,0.4441,6.5584,1.8545,0.5387,9.2912,0.684,0.0452,0.5501,0.6487,1.3401,5.5145,4.28,4.28,61.74,59.1,58.57,13.73,15.4,1.122,120.8,147.3,20.7,48.8,125.7,5.9,11.9,86.2,8.0,132.6,22.1,35.0
1686,active,0.3243,2.18,0.7516,0.6438,8.3688,0.3334,0.5106,0.7193,0.5917,1.541,3.3659,4.72,4.72,61.02,58.15,58.15,10.83,9.72,0.898,122.2,147.9,20.6,49.3,122.0,5.9,11.4,81.7,8.5,137.6,24.4,35.0
1687,active,0.4801,2.4607,0.9508,0.567,4.3449,0.6698,0.5019,0.8418,0.5301,7.4664,2.8086,5.78,5.78,60.04,56.57,56.57,26.21,20.52,0.783,125.6,154.6,22.5,44.3,132.6,5.4,10.5,76.0,8.1,128.0,30.5,35.0
1688,active,0.505,2.8685,1.7243,0.7423,3.2355,0.3181,0.2112,0.9632,0.8365,3.8664,3.8463,4.59,4.59,61.56,58.73,58.64,35.56,36.21,1.018,130.5,164.2,23.4,42.1,146.7,4.8,10.1,76.5,6.8,113.3,22.9,35.0
1689,active,0.4496,7.0118,1.7307,1.1229,7.796,0.4741,0.5824,0.7183,0.7642,2.639,6.0874,4.22,4.22,61.84,59.23,58.57,14.18,16.22,1.144,128.0,153.5,20.4,49.7,127.7,5.5,11.0,82.3,7.7,130.0,19.6,35.0
1690,active,0.274,4.6906,1.3355,0.2007,7.5555,0.6277,0.4252,0.9202,1.4731,1.7159,2.2396,5.0,5.0,60.55,57.52,57.52,8.99,6.11,0.68,122.0,149.4,20.6,49.1,118.5,5.8,10.8,75.3,8.9,142.6,26.2,35.0
1691,active,0.3383,5.1687,0.9571,0.5928,4.891,0.4084,-0.1791,0.9106,0.7078,2.4558,7.1812,4.55,4.55,61.38,58.59,58.54,16.28,16.47,1.012,122.3,154.0,22.2,45.3,127.3,5.4,10.5,74.5,8.1,132.2,24.3,35.0
1692,active,0.5259,5.8504,0.9161,0.7204,18.5016,0.4338,0.4268,0.6256,0.9252,1.3086,2.9429,4.57,4.57,61.14,58.34,58.34,8.2,7.71,0.94,120.4,145.4,20.3,50.0,120.2,6.1,11.8,84.1,8.5,139.6,23.8,35.0
1693,active,0.5709,2.8798,1.1697,0.7709,12.6663,0.6402,0.2054,0.4682,1.0307,1.6879,4.7472,4.45,4.45,61.58,58.84,58.55,14.16,15.11,1.067,120.7,146.5,20.8,48.7,126.3,6.0,12.2,88.1,8.0,132.0,22.8,35.0
1694,active,0.4698,2.8128,1.5961,1.0204,5.9316,0.3192,-0.1299,0.4361,0.8349,6.6667,4.7348,3.39,4.12,62.71,60.59,58.67,21.67,27.57,1.272,121.8,150.6,22.3,45.0,137.6,5.7,12.0,90.6,7.2,120.7,18.8,35.0
1695,active,0.2826,5.5819,1.3149,0.2778,3.2816,0.4081,-0.0409,0.4416,0.772,6.809,4.703,5.26,5.26,60.46,57.28,57.28,16.69,13.1,0.785,112.3,139.3,22.4,44.7,124.0,6.6,12.8,88.6,8.7,137.2,31.7,35.0
1696,active,0.2601,3.1265,0.642,0.7834,17.9041,0.7618,0.039,0.0998,1.2798,2.4985,3.301,4.15,4.15,61.47,58.92,58.52,4.93,6.12,1.241,112.1,132.9,19.8,51.1,118.3,7.3,14.7,104.3,8.5,141.3,24.2,35.0
1697,active,0.4977,4.2069,0.38,0.3908,3.344,0.8209,-0.1729,0.5231,0.5162,3.8861,3.4425,5.51,5.51,60.51,57.17,57.17,31.38,27.55,0.878,114.9,148.5,24.1,40.5,136.5,5.8,12.1,84.5,7.8,124.2,32.7,35.0
1698,active,0.3959,6.6586,1.717,0.2662,13.5401,0.785,-0.0677,0.7393,0.893,6.7152,4.4575,4.4,4.4,61.37,58.67,58.54,8.88,9.34,1.052,120.9,148.0,20.4,49.8,120.4,5.9,11.4,80.5,8.5,139.1,22.7,35.0
1699,active,0.529,3.8314,0.6916,1.0039,15.2055,0.3808,-0.1901,0.6858,1.0902,3.6554,3.4671,4.31,4.31,61.67,59.01,58.57,11.55,12.97,1.123,121.7,150.5,21.2,47.6,124.1,5.7,11.1,79.0,8.2,134.8,22.2,35.0
1700,active,0.4013,4.8145,1.4277,0.2187,6.434,0.8123,0.0633,0.6898,1.3747,2.1575,3.7633,5.01,5.01,60.9,57.85,57.85,16.34,14.42,0.882,120.0,148.6,21.4,47.2,124.8,5.8,11.4,80.4,8.4,134.9,26.8,35.0
1701,active,0.4222,4.7929,1.3074,0.4466,3.3495,0.8444,-0.1542,0.8578,1.4886,8.0728,3.4241,4.44,4.44,61.77,59.03,58.68,27.97,29.43,1.052,125.8,161.0,22.6,44.1,138.3,5.0,10.4,75.4,7.2,120.2,22.3,35.0
1702,active,0.3968,3.7011,1.9124,0.2615,5.8914,0.7567,0.5608,0.6045,0.8305,2.2414,6.6658,5.95,5.95,59.68,56.13,56.13,16.12,9.19,0.57,116.6,141.8,21.7,46.4,121.4,6.4,12.0,83.4,9.0,140.6,33.4,35.0
1703,active,0.4325,7.0947,1.7343,0.3985,3.0717,0.367,0.4293,0.2578,0.7951,3.2678,2.9322,5.85,5.85,60.05,56.54,56.54,24.94,19.21,0.77,113.8,137.4,22.4,44.6,130.4,6.8,13.8,98.3,8.3,130.1,34.1,35.0
1704,active,0.434,3.3642,0.4792,1.1796,9.6909,0.4881,0.5971,0.234,1.4215,7.5747,7.3077,4.23,4.23,61.8,59.18,58.56,13.01,14.92,1.147,119.5,141.1,20.3,50.0,126.7,6.5,13.4,99.4,7.8,131.1,22.1,35.0
1705,active,0.5106,7.5319,1.7325,0.6962,16.2046,0.2569,0.0787,0.7429,1.058,6.2507,6.9455,4.52,4.52,61.24,58.47,58.47,8.85,8.71,0.984,120.6,147.6,20.7,48.8,120.7,5.9,11.3,80.2,8.5,139.1,23.6,35.0
1706,active,0.4079,4.8344,0.3082,0.4983,12.2402,0.5142,0.0843,0.4312,1.0571,8.7019,1.425,4.72,4.72,60.93,58.06,58.06,9.48,8.15,0.86,115.3,140.0,20.9,48.5,120.2,6.6,12.8,89.7,8.7,140.2,26.8,35.0
1707,active,0.3132,2.7154,0.3351,0.7865,3.4941,0.3035,0.2305,0.7838,0.6625,2.1366,3.2096,4.32,4.33,61.69,59.02,58.58,19.0,20.48,1.078,126.4,155.3,21.6,46.7,131.6,5.3,10.8,79.8,7.6,126.9,22.0,35.0
1708,active,0.3601,4.6393,1.3802,0.2376,18.7178,0.7095,-0.0363,0.4403,0.7436,2.111,6.8159,4.5,4.5,61.09,58.34,58.34,6.34,5.84,0.921,115.9,140.2,20.3,50.0,117.9,6.6,12.7,88.8,8.7,142.4,24.9,35.0
1709,active,0.5507,7.1704,1.8576,0.7783,3.2363,0.6652,-0.1723,0.7502,1.0822,9.0362,8.0458,2.94,4.1,64.62,62.72,58.98,37.98,49.88,1.313,133.7,171.9,23.3,42.5,158.4,4.4,10.0,79.3,5.9,103.0,10.2,35.0
1710,active,0.5933,7.2391,1.3201,0.9789,15.1891,0.7299,0.1935,0.939,0.921,1.4064,4.2181,4.01,4.12,62.0,59.51,58.59,10.91,13.75,1.26,126.6,154.0,20.2,50.2,125.1,5.4,10.8,79.3,7.9,132.8,18.7,35.0
1711,active,0.5195,3.7882,0.4267,0.7631,16.1987,0.762,0.0108,0.4322,1.4544,4.7818,3.4102,4.41,4.41,61.47,58.75,58.55,9.97,10.67,1.07,117.4,142.4,20.6,49.1,122.3,6.4,12.7,90.2,8.3,136.8,23.8,35.0
1712,active,0.5062,4.9719,0.5315,0.7001,3.3127,0.7333,0.3526,0.3323,1.0258,2.8558,4.7821,5.39,5.39,60.72,57.45,57.45,29.02,26.03,0.897,117.9,143.2,22.8,43.8,137.7,6.3,13.3,97.5,7.5,122.0,30.3,35.0
1713,active,0.4971,4.1692,0.6542,0.2536,15.3614,0.7824,-0.1702,0.3271,1.113,8.4288,2.2766,5.03,5.03,60.66,57.61,57.61,10.88,8.29,0.762,111.4,136.1,21.1,47.9,119.1,7.0,13.5,93.1,8.9,141.9,29.5,35.0
1714,active,0.5587,7.2223,1.2108,0.5477,5.7275,0.2536,-0.1751,0.122,0.9329,1.8479,5.788,6.09,6.09,59.97,56.32,56.32,24.28,18.03,0.743,103.6,130.8,24.2,40.0,127.7,7.5,14.4,98.2,8.7,134.0,38.3,38.3
1715,active,0.4287,5.1141,0.7041,0.2509,4.6721,0.3638,-0.2317,0.9717,1.4922,1.0988,5.4589,6.78,6.78,59.04,55.04,55.04,24.88,14.9,0.599,110.3,144.1,24.3,39.9,122.2,6.2,11.0,71.9,9.5,141.7,40.6,40.6
1716,active,0.2533,2.5804,1.7977,0.5798,3.7808,0.8446,0.4268,0.4698,1.1229,1.1955,5.8048,4.61,4.61,61.23,58.4,58.4,14.55,14.27,0.981,120.1,144.6,20.8,48.6,125.7,6.2,12.4,89.7,8.1,133.3,24.9,35.0
1717,active,0.5228,3.3726,1.8951,0.3166,8.3093,0.6225,0.1728,0.547,0.9441,4.5084,3.3125,5.03,5.03,60.96,57.89,57.89,19.15,17.38,0.908,118.2,144.9,21.5,46.9,127.3,6.1,12.3,87.6,8.1,132.0,27.4,35.0
1718,active,0.393,5.265,0.4087,0.8942,5.1785,0.6725,-0.0681,0.7014,0.9264,7.8817,1.3301,3.79,4.14,62.39,60.02,58.66,17.34,21.62,1.247,127.0,157.4,21.4,47.2,132.2,5.2,10.7,79.3,7.5,125.6,18.1,35.0
1719,active,0.4275,6.9918,1.7923,0.7142,19.9196,0.5995,-0.0923,0.6999,1.3891,1.1194,4.2752,4.11,4.13,61.71,59.17,58.55,7.14,9.02,1.263,121.4,147.5,20.1,50.6,120.3,5.9,11.5,82.5,8.3,138.7,20.7,35.0
1720,active,0.3564,5.5346,1.3565,0.9909,8.5149,0.2882,0.019,0.958,0.8146,1.258,6.254,3.99,4.13,61.98,59.51,58.58,10.96,13.79,1.258,126.3,155.3,20.8,48.7,125.2,5.4,10.5,76.2,8.0,133.0,19.2,35.0
1721,active,0.5351,4.437,1.3981,0.633,13.7776,0.352,0.3581,0.8302,0.5877,7.1741,6.9613,4.66,4.66,61.16,58.31,58.31,11.3,10.71,0.948,123.6,150.7,20.6,49.2,122.6,5.7,11.0,78.6,8.4,136.7,23.4,35.0
1722,active,0.5551,4.4257,0.8183,1.1752,15.7113,0.7642,0.5795,0.9657,0.9256,1.6978,8.5325,4.31,4.31,61.62,58.97,58.55,10.49,11.8,1.125,127.7,154.3,20.2,50.3,123.7,5.4,10.6,77.6,8.1,134.6,20.2,35.0
1723,active,0.3469,3.2652,0.4484,0.4918,10.7151,0.6939,0.3636,0.8736,0.7322,4.9712,3.9271,4.72,4.72,60.93,58.05,58.05,9.05,7.69,0.85,122.8,150.0,20.5,49.4,120.1,5.7,10.9,77.1,8.6,140.1,24.1,35.0
1724,active,0.2823,4.9485,0.3268,0.9923,4.6539,0.8544,-0.0106,0.4792,0.5204,3.2092,0.8156,3.45,4.13,62.66,60.5,58.65,13.23,18.87,1.426,123.6,149.5,20.4,49.7,129.6,5.8,12.2,91.2,7.6,127.8,17.1,35.0
1725,active,0.3506,2.5678,1.7182,0.9776,11.7102,0.204,0.3228,0.0835,0.5181,5.458,0.9185,4.11,4.14,61.83,59.29,58.55,9.63,11.85,1.231,114.3,135.1,20.2,50.3,123.2,7.1,14.6,106.0,8.1,135.1,23.2,35.0
1726,active,0.3067,4.4945,0.7736,0.9291,6.1682,0.3522,0.5816,0.4689,1.1087,7.5724,2.7498,4.39,4.39,61.5,58.8,58.55,12.46,13.29,1.067,121.1,144.2,20.4,49.7,125.2,6.2,12.5,91.7,8.0,133.4,23.1,35.0
1727,active,0.4899,6.1939,0.5546,0.5126,19.8757,0.7119,0.087,0.364,0.5129,2.2685,3.2376,4.48,4.48,61.16,58.43,58.43,6.97,6.72,0.964,114.4,137.5,20.3,50.0,119.0,6.8,13.4,94.6,8.6,140.9,25.4,35.0
1728,active,0.3814,4.6914,0.9143,1.1247,13.0389,0.41,-0.0599,0.2495,1.4556,2.9953,8.256,3.84,4.12,62.04,59.66,58.58,8.71,11.97,1.374,115.2,137.7,20.4,49.7,123.7,6.8,13.9,101.2,8.1,134.6,21.8,35.0
1729,active,0.5987,7.3089,0.9984,0.6577,10.638,0.3278,-0.037,0.3631,1.3671,1.6131,6.5402,5.15,5.15,60.73,57.6,57.6,15.25,12.59,0.826,112.4,138.4,22.1,45.4,123.5,6.7,13.0,90.5,8.6,137.0,30.0,35.0
1730,active,0.3157,3.8795,1.9232,0.708,6.4088,0.2721,0.3366,0.1631,1.4757,5.7738,2.6181,4.29,4.29,61.64,59.0,58.55,13.12,14.5,1.105,116.7,139.0,20.5,49.4,125.4,6.7,13.7,100.0,8.0,133.0,23.9,35.0
1731,active,0.4188,2.6809,0.403,0.3128,4.5138,0.7074,0.5972,0.1924,1.465,5.4219,4.9866,6.54,6.54,59.17,55.3,55.3,21.07,11.71,0.556,109.1,130.8,22.4,44.6,123.9,7.5,14.5,100.4,9.0,138.5,39.3,39.3
1732,active,0.3366,5.2072,0.8586,0.8949,19.7079,0.5179,-0.1733,0.6181,0.8616,2.5482,4.8421,4.07,4.14,61.61,59.11,58.53,5.37,7.08,1.318,119.9,145.4,20.1,50.5,119.3,6.1,11.9,84.5,8.5,140.0,21.4,35.0
1733,active,0.2982,5.1971,0.3317,1.0902,13.3992,0.6009,-0.1737,0.7095,1.4157,1.8467,3.1952,3.72,4.12,62.04,59.74,58.56,6.48,9.97,1.539,123.3,149.7,20.0,50.7,121.8,5.8,11.4,82.5,8.2,136.7,18.4,35.0
1734,active,0.2911,3.9655,0.978,0.8094,10.7224,0.754,-0.1954,0.436,0.7644,1.6802,3.6806,3.75,4.11,62.1,59.77,58.57,8.09,11.68,1.444,121.0,146.7,20.1,50.4,123.2,6.0,12.1,87.9,8.1,135.0,19.4,35.0
1735,active,0.5442,6.0036,0.989,0.3156,4.875,0.7763,0.1199,0.4439,0.8708,2.8246,7.4841,5.91,5.91,60.13,56.58,56.58,25.36,19.79,0.78,114.0,142.2,22.9,43.3,130.8,6.4,12.7,89.0,8.3,129.7,33.7,35.0
1736,active,0.256,7.6316,0.752,0.7528,3.1103,0.2702,0.3321,0.8409,1.1573,1.5357,6.3056,4.29,4.29,61.66,59.02,58.57,13.42,14.87,1.108,127.6,155.6,20.7,48.9,126.5,5.3,10.5,77.1,7.9,131.8,20.7,35.0
1737,active,0.3052,6.0994,0.5072,0.5115,10.0346,0.2334,0.2196,0.4765,1.2395,1.8332,3.6526,4.6,4.6,61.01,58.21,58.21,7.61,6.7,0.88,116.7,141.1,20.6,49.3,119.2,6.5,12.5,88.1,8.7,141.1,25.4,35.0
1738,active,0.4305,4.4389,0.6904,0.5163,18.973,0.7813,0.3087,0.3753,0.6697,4.4435,4.1353,4.58,4.58,61.03,58.24,58.24,6.89,6.08,0.882,114.9,137.7,20.2,50.1,118.6,6.8,13.3,93.8,8.7,141.6,25.7,35.0
1739,active,0.3337,4.7488,1.8035,1.007,9.2868,0.8135,0.1245,0.4107,1.0453,4.2517,5.8963,3.39,4.11,62.66,60.54,58.64,10.84,16.61,1.532,124.3,149.0,19.7,51.4,126.9,5.8,12.2,90.8,7.7,130.3,16.0,35.0
1740,active,0.5026,5.791,1.9176,0.3807,3.335,0.6984,0.1544,0.2898,1.3033,8.2014,6.6748,5.04,5.04,61.12,58.04,58.04,32.75,31.43,0.96,118.0,145.9,22.8,43.8,140.6,6.1,13.0,95.3,7.2,118.7,28.2,35.0
1741,active,0.4978,3.1129,1.2627,0.3474,5.0481,0.3034,-0.1062,0.0767,1.1419,1.3911,8.7682,6.71,6.71,59.19,55.22,55.22,26.95,17.52,0.65,100.7,127.7,24.6,39.2,126.5,7.9,15.0,100.1,9.1,136.5,43.4,43.4
1742,active,0.2618,7.0475,0.8209,0.3226,7.8348,0.6049,-0.159,0.8887,0.5937,1.0328,5.6257,4.61,4.61,61.05,58.24,58.24,8.52,7.7,0.904,122.0,151.2,20.8,48.7,119.4,5.6,10.6,74.1,8.7,140.9,23.8,35.0
1743,active,0.4812,2.997,1.9776,0.2781,9.3553,0.7499,0.5047,0.8896,1.0246,9.3123,4.4304,5.7,5.7,60.01,56.59,56.59,14.34,8.78,0.612,120.1,147.3,21.4,47.1,120.9,5.9,11.1,77.0,8.9,140.5,30.5,35.0
1744,active,0.3594,5.6876,1.199,0.7645,5.3824,0.6512,0.2281,0.6494,1.0262,9.2904,6.8754,4.21,4.21,61.87,59.27,58.6,15.59,17.75,1.139,124.8,151.8,20.8,48.8,128.7,5.6,11.4,83.8,7.7,129.1,20.7,35.0
1745,active,0.5953,4.1842,0.8118,0.4483,10.9655,0.8909,0.562,0.7258,1.3007,9.1128,4.8328,5.74,5.74,59.96,56.52,56.52,14.48,8.73,0.603,119.4,145.6,21.5,47.0,121.3,6.1,11.4,79.4,8.9,140.1,31.0,35.0
1746,active,0.3303,4.2972,0.6323,1.111,4.5496,0.3655,0.3717,0.6725,0.9645,1.7604,2.2846,3.21,4.14,62.95,60.92,58.67,16.45,23.3,1.416,132.6,159.3,20.2,50.3,134.2,5.1,10.9,84.1,7.1,122.8,13.5,35.0
1747,active,0.4119,4.9151,0.8992,0.8491,4.4348,0.8883,-0.1286,0.5198,1.1559,4.8171,2.8,3.11,4.11,63.14,61.18,58.72,20.85,28.41,1.363,127.6,157.5,21.2,47.6,138.7,5.2,11.5,87.2,6.9,118.8,14.5,35.0
1748,active,0.5838,7.2175,1.1345,0.2956,10.641,0.2554,0.3646,0.4271,1.4615,1.6035,7.0785,5.61,5.61,60.12,56.75,56.75,13.41,8.31,0.62,112.9,137.0,21.5,47.0,120.7,6.9,13.2,91.2,8.9,140.6,31.9,35.0
1749,active,0.5232,3.4538,1.1793,0.6063,3.2117,0.4253,0.5925,0.8661,1.1922,1.9643,8.2958,6.46,6.46,59.4,55.56,55.56,32.22,23.73,0.736,125.3,153.5,23.2,42.5,136.0,5.5,10.6,77.1,8.1,125.5,35.0,35.0
1750,active,0.3794,2.2034,1.2236,0.7029,6.3272,0.5093,-0.1153,0.0556,1.3826,2.1466,8.0067,4.33,4.33,61.78,59.1,58.56,16.72,18.39,1.1,111.5,135.3,21.8,46.2,129.1,7.0,14.7,106.3,7.8,129.4,26.1,35.0
1751,active,0.2523,4.0794,0.6695,0.5973,5.2871,0.6826,-0.0734,0.0672,0.9524,2.1755,4.8523,4.37,4.37,61.49,58.81,58.55,11.65,12.5,1.073,110.8,133.1,21.0,48.3,123.7,7.3,15.0,106.7,8.2,135.4,26.4,35.0
1752,active,0.3257,7.8398,0.4683,0.95,7.9954,0.5965,0.5197,0.6614,1.4549,1.8318,7.5422,4.19,4.19,61.66,59.08,58.54,9.57,11.18,1.168,125.1,150.5,20.1,50.5,123.1,5.7,11.2,82.0,8.1,135.5,20.5,35.0
1753,active,0.5851,5.1077,1.0812,0.3818,4.783,0.4218,0.0212,0.4033,0.7208,5.9882,3.4165,6.61,6.61,59.38,55.46,55.46,27.96,19.16,0.685,107.5,136.7,24.4,39.5,130.1,6.9,13.2,89.8,8.7,132.0,40.4,40.4
1754,active,0.3161,2.9164,1.0783,0.2247,5.2412,0.5189,0.1896,0.5951,0.5861,5.6199,3.8335,5.25,5.25,60.46,57.29,57.29,14.24,10.7,0.751,117.1,144.0,21.5,46.9,122.5,6.2,12.0,83.6,8.7,138.3,29.3,35.0
1755,active,0.5139,7.6223,1.0902,0.2776,4.4445,0.3627,0.0941,0.0696,0.5734,1.2417,6.4572,6.39,6.39,59.47,55.66,55.66,23.28,15.01,0.645,103.4,127.9,23.6,41.6,126.3,7.9,15.3,104.0,8.9,136.0,40.6,40.6
1756,active,0.5159,6.8781,1.4294,0.5307,9.768,0.5485,0.2673,0.4554,1.4635,2.2071,3.8366,4.74,4.74,61.16,58.25,58.25,13.69,12.96,0.947,118.0,142.8,20.9,48.4,124.4,6.3,12.6,90.1,8.3,134.8,25.7,35.0
1757,active,0.5815,7.0911,1.1563,1.0152,3.199,0.4115,-0.1872,0.5776,1.382,3.7087,6.4779,3.07,4.15,63.3,61.35,58.84,35.26,43.27,1.227,127.9,164.3,24.2,40.1,154.2,4.8,10.5,81.4,6.3,106.9,14.3,35.0
1758,active,0.3002,7.2367,1.0437,0.7673,6.984,0.4726,-0.0261,0.0589,0.7239,7.4401,3.9356,4.24,4.27,61.63,59.01,58.55,10.39,11.82,1.138,111.0,132.5,20.8,48.7,123.3,7.3,15.0,107.6,8.2,135.7,25.5,35.0
1759,active,0.517,3.0627,1.9815,0.8193,10.3356,0.2058,0.2536,0.9366,0.6847,2.8953,5.2178,4.64,4.64,61.36,58.51,58.51,15.13,15.11,0.999,124.4,152.7,21.2,47.6,126.3,5.5,10.8,78.0,8.1,132.4,23.2,35.0
1760,active,0.4275,5.2027,0.6099,0.6734,8.5485,0.5,-0.2247,0.6432,0.979,9.5822,7.4477,4.57,4.57,61.4,58.59,58.54,14.08,14.29,1.015,118.2,146.6,21.7,46.5,124.7,6.0,11.7,82.8,8.3,134.6,24.9,35.0
1761,active,0.2811,4.535,1.5058,0.567,10.7752,0.2559,-0.2914,0.3016,1.1003,7.4959,2.422,4.6,4.6,61.13,58.32,58.32,8.81,8.28,0.94,112.1,136.2,21.0,48.1,119.5,7.0,13.5,94.2,8.7,140.9,26.9,35.0
1762,active,0.3395,6.807,0.5302,0.2386,10.9687,0.6859,0.269,0.0209,0.7625,7.5182,8.407,4.92,4.92,60.65,57.67,57.67,8.02,5.53,0.69,107.0,126.8,20.6,49.2,118.0,8.0,15.9,110.9,8.9,143.0,30.4,35.0
1763,active,0.499,5.2468,0.7352,0.3905,14.2138,0.2921,0.2786,0.9793,1.1476,6.0766,5.4258,4.99,4.99,60.66,57.63,57.63,9.66,7.1,0.735,121.7,149.6,20.9,48.5,119.6,5.8,10.8,75.4,8.8,141.2,25.9,35.0
1764,active,0.5626,2.4986,0.9447,0.6675,13.4898,0.4106,0.5257,0.7119,0.6473,3.3252,8.3119,5.15,5.15,60.66,57.54,57.54,12.77,9.93,0.778,122.3,148.8,21.0,48.3,122.3,5.8,11.1,78.9,8.6,137.7,26.5,35.0
1765,active,0.3248,3.4275,1.1337,0.561,10.6886,0.277,0.3729,0.5291,1.4713,2.8975,3.7193,4.51,4.51,61.16,58.4,58.39,8.56,8.19,0.957,120.6,145.8,20.3,50.0,120.3,6.1,11.8,83.7,8.5,139.4,23.9,35.0
1766,active,0.3207,4.985,0.98,1.0866,3.6501,0.8352,0.233,0.6606,0.8112,1.6344,3.3645,2.96,4.13,63.55,61.67,58.71,17.83,26.77,1.501,132.8,160.0,20.3,50.1,137.5,5.0,11.1,86.9,6.9,119.5,11.5,35.0
1767,active,0.5024,7.589,1.1459,0.8255,5.4483,0.3939,0.2033,0.8106,0.9378,6.3213,3.2058,4.43,4.43,61.65,58.92,58.6,19.78,20.95,1.059,127.1,156.8,21.7,46.4,132.3,5.2,10.6,77.7,7.6,126.0,21.8,35.0
1768,active,0.539,4.2516,0.8077,0.9558,4.112,0.8127,0.4312,0.5853,0.9615,7.8452,0.512,4.81,4.81,61.35,58.39,58.39,29.81,29.48,0.989,128.5,156.4,22.3,44.8,141.3,5.3,11.2,84.7,7.0,117.5,23.7,35.0
1769,active,0.2586,5.0988,1.8829,0.8983,7.7446,0.4524,0.0748,0.1944,0.83,6.8899,4.9276,3.81,4.11,62.1,59.73,58.61,9.48,12.94,1.365,116.4,138.7,20.2,50.3,124.0,6.7,13.8,100.9,8.0,134.1,21.2,35.0
1770,active,0.369,5.5444,1.882,1.1822,8.4832,0.8407,0.2857,0.3316,1.2412,2.7921,3.8301,3.11,4.11,62.99,61.02,58.65,12.43,19.56,1.574,124.0,146.8,19.7,51.6,129.9,6.0,12.9,98.5,7.4,127.1,15.3,35.0
1771,active,0.3101,7.775,0.8247,0.5183,13.4181,0.423,-0.2904,0.6766,0.9935,2.7183,2.5576,4.47,4.47,61.16,58.43,58.43,6.7,6.48,0.967,118.4,145.1,20.6,49.2,118.3,6.1,11.6,81.2,8.7,142.1,24.1,35.0
1772,active,0.3207,4.2811,0.6396,0.5985,9.8803,0.6775,-0.1582,0.0661,1.3895,2.1296,3.1554,4.41,4.41,61.38,58.67,58.54,9.63,10.1,1.049,110.1,132.1,20.7,48.8,121.4,7.4,15.0,106.0,8.4,138.1,26.5,35.0
1773,active,0.3959,6.5661,0.8058,0.2493,3.7413,0.3823,0.4513,0.4371,0.896,6.5037,5.7299,6.07,6.07,59.55,55.94,55.94,19.52,12.02,0.616,113.9,138.6,22.2,45.1,124.0,6.7,12.9,89.2,8.9,138.0,35.7,35.7
1774,active,0.3669,5.8593,0.521,0.7218,4.4403,0.6178,0.5288,0.6734,1.4909,3.5245,3.6019,4.82,4.82,61.0,58.06,58.06,16.74,15.37,0.918,123.5,149.0,21.1,47.9,127.3,5.8,11.5,84.0,8.1,132.0,25.2,35.0
1775,active,0.3816,2.6119,0.9458,0.9986,9.4879,0.8678,0.5427,0.1093,1.0292,4.2808,2.6434,4.28,4.28,61.62,58.98,58.52,11.81,13.12,1.111,115.8,136.4,20.3,50.0,124.9,6.9,14.3,105.0,8.0,133.5,24.1,35.0
1776,active,0.4669,2.6396,1.8779,0.5518,4.088,0.7241,0.4492,0.1318,1.3748,5.5042,4.9905,5.53,5.53,60.42,57.08,57.08,26.72,22.61,0.846,114.0,136.6,22.4,44.8,133.5,6.9,14.4,104.6,7.9,126.4,32.5,35.0
1777,active,0.4559,6.5222,1.5922,1.07,3.1376,0.3717,0.1101,0.5163,1.2658,3.4484,2.9417,2.95,4.14,64.11,62.22,58.82,27.48,37.97,1.382,132.6,162.9,22.0,45.6,148.3,4.9,10.9,87.4,6.4,110.6,11.2,35.0
1778,active,0.5447,2.7819,0.5401,1.0668,4.3137,0.3328,0.3901,0.8644,0.7363,2.6018,4.265,3.98,4.17,62.33,59.85,58.64,30.8,34.58,1.123,138.0,169.0,21.9,45.8,145.8,4.5,9.8,76.9,6.5,112.6,16.0,35.0
1779,active,0.4255,6.5571,0.3864,0.7978,7.5301,0.6211,-0.013,0.1936,1.4953,2.8534,7.9312,4.32,4.35,61.64,58.98,58.55,13.88,15.2,1.095,113.8,137.4,21.3,47.5,126.4,6.8,14.0,100.9,8.0,132.4,25.3,35.0
1780,active,0.4309,3.9015,1.0893,0.5786,4.2285,0.3285,-0.201,0.3043,0.6668,2.415,1.2351,5.4,5.4,60.59,57.31,57.31,24.54,21.16,0.862,109.0,138.3,24.0,40.6,131.4,6.7,13.3,92.2,8.2,129.3,33.6,35.0
1781,active,0.2791,7.2585,0.8308,0.4422,15.6891,0.3397,-0.1547,0.6531,0.6825,5.442,5.3226,4.42,4.42,61.12,58.42,58.41,5.38,5.09,0.946,118.0,143.6,20.3,49.9,117.3,6.3,11.9,83.2,8.8,143.3,24.1,35.0
1782,active,0.4228,2.6311,1.2016,0.6189,5.2422,0.7624,-0.2175,0.818,0.5746,2.2631,4.1107,3.61,4.13,62.59,60.33,58.69,21.65,26.8,1.238,128.0,161.3,21.8,46.1,136.8,5.0,10.5,78.0,7.2,121.1,17.3,35.0
1783,active,0.42,7.6621,0.6613,0.7181,16.572,0.5566,0.1337,0.5491,1.1118,7.435,5.573,4.35,4.35,61.37,58.7,58.53,7.01,7.54,1.076,119.5,144.6,20.2,50.2,119.8,6.2,12.0,85.3,8.5,139.7,22.9,35.0
1784,active,0.2679,7.2944,1.212,0.225,13.961,0.8542,0.1689,0.2803,1.3397,3.4632,6.4047,4.45,4.45,61.06,58.34,58.34,5.3,4.78,0.902,114.2,136.8,20.0,50.7,117.2,6.9,13.4,94.3,8.8,143.3,25.4,35.0
1785,active,0.5274,3.107,0.4912,1.068,4.3329,0.2681,-0.0204,0.9198,1.3396,9.8527,6.7099,3.62,4.18,62.5,60.23,58.6,29.57,34.46,1.165,130.3,165.7,23.6,41.6,145.6,4.7,9.8,74.7,6.8,114.1,18.4,35.0
1786,active,0.4327,2.8849,0.3583,0.5309,10.1073,0.6197,-0.0384,0.209,1.3823,1.9817,3.1621,4.92,4.92,60.88,57.88,57.88,13.41,11.59,0.864,111.5,135.8,21.5,47.0,122.4,7.0,13.8,96.8,8.6,137.9,29.2,35.0
1787,active,0.3071,2.7284,0.8878,0.4874,13.6576,0.8871,-0.0513,0.8925,0.9369,5.2192,5.2669,4.31,4.31,61.38,58.74,58.53,7.02,7.67,1.093,124.3,152.8,20.2,50.2,119.6,5.5,10.6,74.9,8.5,139.9,21.4,35.0
1788,active,0.5333,3.4652,0.9559,0.2687,16.5164,0.7271,-0.1406,0.2162,0.6987,3.1171,1.4986,4.96,4.96,60.76,57.74,57.74,10.49,8.3,0.791,110.2,134.0,21.1,47.9,119.7,7.2,14.1,97.5,8.8,140.9,29.3,35.0
1789,active,0.5098,6.3019,0.3627,0.6866,17.1308,0.6568,0.3558,0.9438,1.1271,1.2526,4.9483,4.53,4.53,61.15,58.38,58.38,8.37,7.97,0.952,124.0,151.1,20.3,49.9,120.3,5.6,10.8,76.8,8.5,139.4,22.8,35.0
1790,active,0.3087,7.4191,1.9452,0.9878,5.2868,0.3937,0.1734,0.4307,1.3796,5.2831,4.0391,3.44,4.12,62.6,60.44,58.63,13.43,18.92,1.409,123.7,148.4,20.3,50.1,129.3,5.9,12.3,92.2,7.6,128.1,17.3,35.0
1791,active,0.5325,4.1369,1.1818,0.3524,8.8464,0.8166,-0.0353,0.0984,1.4121,8.0725,4.7274,5.1,5.1,60.84,57.74,57.74,18.42,16.18,0.878,108.9,132.8,21.9,45.9,126.4,7.3,15.0,105.0,8.3,133.3,31.1,35.0
1792,active,0.5076,4.362,1.8694,0.5677,3.9519,0.7375,0.1486,0.6885,1.1727,4.4935,5.858,4.11,4.17,62.15,59.59,58.65,31.61,34.67,1.097,130.3,162.3,22.1,45.4,143.3,4.9,10.6,80.4,6.7,115.1,19.2,35.0
1793,active,0.2592,3.0063,1.7759,1.0086,4.8272,0.3526,0.0069,0.7366,1.2355,4.6992,3.0045,3.64,4.13,62.49,60.22,58.66,13.46,18.3,1.36,127.2,155.8,20.8,48.7,128.8,5.3,10.8,79.9,7.7,128.8,16.9,35.0
1794,active,0.3604,3.3396,1.6345,1.1142,15.1623,0.2196,-0.0602,0.1952,0.9999,2.8058,2.6481,3.9,4.12,61.93,59.52,58.56,7.67,10.54,1.374,114.4,136.6,20.3,49.8,122.3,6.9,14.0,101.4,8.2,136.3,22.3,35.0
1795,active,0.5626,2.6206,1.0745,0.3326,11.5757,0.375,0.2434,0.9299,0.5911,1.7773,0.4325,5.56,5.56,60.2,56.85,56.85,15.02,10.26,0.683,119.6,148.5,21.8,46.3,122.2,5.9,11.0,76.1,8.8,138.9,29.9,35.0
1796,active,0.5847,7.5957,1.0606,1.1303,4.8302,0.4234,0.5221,0.6464,0.8387,4.5174,3.675,4.54,4.54,61.7,58.9,58.63,25.26,26.36,1.044,128.5,153.9,21.6,46.7,138.2,5.4,11.5,88.1,7.1,119.8,21.6,35.0
1797,active,0.3536,2.5332,1.5894,0.2259,9.431,0.761,0.5868,0.5955,0.6975,2.0125,3.2219,5.37,5.37,60.16,56.93,56.93,10.24,5.64,0.551,116.6,141.0,20.9,48.4,118.4,6.5,12.2,84.7,9.1,143.4,29.9,35.0
1798,active,0.418,5.632,1.8226,0.2132,4.0166,0.2482,0.1148,0.6811,0.9768,2.5453,3.4049,6.34,6.34,59.47,55.7,55.7,22.89,14.74,0.644,112.6,142.1,23.4,42.1,124.8,6.4,11.8,80.1,9.0,137.7,37.4,37.4
1799,active,0.3365,2.8539,0.8778,0.3374,7.9287,0.4155,-0.2676,0.9242,0.7768,7.154,4.4884,5.05,5.05,60.68,57.61,57.61,12.94,10.32,0.798,117.3,147.2,21.9,45.9,121.2,6.0,11.1,76.8,8.8,139.9,28.3,35.0
1800,active,0.3769,2.3005,0.8585,0.8084,17.2394,0.5145,-0.1807,0.4245,1.2098,3.2623,6.2803,4.17,4.19,61.62,59.05,58.55,7.79,9.33,1.198,115.9,140.0,20.4,49.6,120.9,6.6,13.1,93.1,8.4,138.3,23.2,35.0
1801,active,0.2878,3.6854,0.7906,0.2774,8.576,0.4491,0.4758,0.2822,0.6838,7.0004,0.8944,5.04,5.04,60.52,57.47,57.47,8.94,5.9,0.66,112.7,134.9,20.7,49.0,118.6,7.1,13.7,96.1,8.9,142.5,29.2,35.0
1802,active,0.4833,5.9246,1.4456,0.9094,6.2892,0.5074,0.261,0.5311,1.0897,2.3786,2.7073,3.8,4.13,62.33,59.96,58.67,18.97,23.09,1.217,126.2,152.4,20.8,48.7,133.6,5.6,11.8,88.8,7.3,123.8,18.4,35.0
1803,active,0.4306,3.7942,1.4806,0.7335,9.6395,0.4696,-0.1663,0.8022,0.5199,1.4209,6.7632,4.12,4.13,61.93,59.38,58.58,13.62,16.09,1.181,124.3,154.3,21.2,47.6,126.6,5.4,10.7,77.1,7.9,131.7,20.5,35.0
1804,active,0.4722,6.9034,0.9044,1.0592,10.6709,0.3614,0.1338,0.1942,1.2614,1.8209,3.4234,3.95,4.13,62.04,59.59,58.58,11.54,14.6,1.265,116.5,139.2,20.6,49.2,126.1,6.7,13.8,100.8,7.9,132.0,22.1,35.0
1805,active,0.5355,5.437,1.5579,0.781,7.1616,0.8111,0.1569,0.5981,0.6599,4.0807,1.8691,4.08,4.13,62.15,59.61,58.64,19.91,23.03,1.157,126.2,154.4,21.1,48.0,133.0,5.4,11.3,83.9,7.4,124.4,19.4,35.0
1806,active,0.2728,7.9029,0.7462,0.4437,9.8726,0.7308,0.3691,0.0797,1.1441,1.2243,2.7206,4.56,4.56,61.02,58.23,58.23,6.74,5.9,0.875,110.8,131.1,20.2,50.2,118.4,7.5,14.9,105.3,8.7,141.8,27.1,35.0
1807,active,0.4425,5.9666,0.3938,0.4124,7.0834,0.7307,-0.2416,0.5718,0.7078,2.7277,6.532,4.96,4.96,60.92,57.9,57.9,16.09,14.34,0.891,116.2,145.4,22.0,45.8,124.3,6.1,11.9,82.5,8.5,135.8,27.8,35.0
1808,active,0.2528,6.4749,0.5178,0.784,7.0035,0.4433,0.4302,0.4087,1.2384,6.1619,1.4606,4.32,4.32,61.47,58.81,58.53,8.4,9.23,1.099,118.6,141.7,20.1,50.4,121.4,6.4,12.8,92.0,8.3,137.7,23.0,35.0
1809,active,0.514,7.8728,1.2322,1.1536,3.7108,0.4269,0.5014,0.1868,1.2225,3.5319,8.637,3.54,4.18,62.67,60.45,58.69,25.94,31.43,1.212,126.1,147.7,21.1,47.9,142.9,5.9,13.5,107.0,6.6,114.8,17.6,35.0
1810,active,0.2772,5.8853,0.5609,0.4361,3.804,0.4401,0.1678,0.6088,0.5373,5.2083,2.6616,4.83,4.83,60.96,58.02,58.02,13.96,12.51,0.896,119.6,146.8,21.4,47.2,124.2,6.0,11.7,82.7,8.4,135.7,26.4,35.0
1811,active,0.4438,7.1465,1.8474,0.7228,14.3314,0.8863,-0.1373,0.4787,1.194,3.7734,5.2574,3.64,4.1,62.33,60.06,58.61,9.97,14.37,1.441,122.9,148.9,19.9,51.0,124.6,5.8,11.8,86.4,7.9,133.2,17.9,35.0
1812,active,0.4449,4.1068,0.989,0.6994,7.9673,0.3051,0.0336,0.5352,0.6645,1.3363,5.8685,4.66,4.66,61.23,58.38,58.38,14.86,14.43,0.971,118.1,145.3,21.8,46.1,126.1,6.1,12.0,85.4,8.2,133.3,25.9,35.0
1813,active,0.4171,4.3898,1.6487,0.4172,7.8087,0.3984,0.5385,0.3299,1.1789,2.5756,2.1448,5.35,5.35,60.31,57.09,57.09,13.47,9.33,0.693,113.9,136.4,21.2,47.8,121.6,6.9,13.5,94.9,8.8,139.3,30.8,35.0
1814,active,0.5702,6.658,0.9305,0.6821,5.618,0.2826,-0.1976,0.9343,1.477,3.5924,5.4591,5.83,5.83,60.19,56.68,56.68,25.96,20.78,0.8,115.2,149.4,24.3,40.0,129.4,5.8,10.7,73.3,8.5,131.9,33.6,35.0
1815,active,0.2705,5.43,1.2951,0.6676,8.8326,0.7721,0.4655,0.1134,1.153,6.4488,5.974,4.42,4.42,61.24,58.53,58.52,7.64,7.67,1.004,112.6,133.0,20.1,50.4,120.0,7.3,14.6,104.6,8.5,139.6,25.9,35.0
1816,active,0.3524,7.0499,1.8009,0.9651,9.8135,0.2385,0.3912,0.0613,0.7855,2.1139,7.5139,4.07,4.13,61.87,59.35,58.56,9.74,12.13,1.245,114.7,135.1,20.0,50.7,123.5,7.1,14.6,107.0,8.0,134.7,22.8,35.0
1817,active,0.4388,7.1693,1.1036,0.5448,7.7166,0.8346,0.1976,0.6083,1.2982,5.3006,5.4881,4.65,4.65,61.25,58.4,58.4,13.43,13.07,0.973,119.6,145.5,20.9,48.3,124.8,6.1,12.1,86.7,8.2,134.2,24.8,35.0
1818,active,0.3076,7.7426,1.174,0.4027,13.1119,0.3079,0.1655,0.9316,1.3582,2.4276,7.0113,4.54,4.54,61.01,58.25,58.25,6.47,5.68,0.878,122.7,150.4,20.4,49.8,118.0,5.7,10.7,75.1,8.8,142.5,23.3,35.0
1819,active,0.5594,3.1718,0.7354,0.6626,6.1623,0.2602,0.2346,0.9808,1.3179,2.4291,0.9262,5.46,5.46,60.56,57.26,57.26,23.6,20.0,0.847,123.3,154.5,22.8,43.6,131.7,5.4,10.5,75.1,8.1,128.3,28.7,35.0
1820,active,0.3024,6.2369,1.0278,0.5742,10.8307,0.4896,-0.105,0.6728,1.4958,2.1426,4.55,4.41,4.41,61.31,58.6,58.52,7.87,8.12,1.032,121.2,148.8,20.6,49.2,120.0,5.8,11.1,78.6,8.6,139.8,23.0,35.0
1821,active,0.3732,5.1836,1.4527,0.8051,6.5207,0.635,0.5033,0.1393,1.1316,2.1211,8.8177,4.57,4.57,61.34,58.53,58.53,14.0,14.04,1.003,114.7,135.3,20.7,49.0,125.8,7.0,14.5,105.9,8.1,132.9,26.1,35.0
1822,active,0.5249,4.1832,0.7166,0.284,4.4073,0.4529,0.0081,0.0058,0.6927,5.0905,1.5571,6.99,6.99,58.92,54.8,54.8,27.64,16.91,0.612,99.1,124.5,24.6,39.2,127.4,8.3,16.1,107.7,9.1,135.8,45.6,45.6
1823,active,0.3483,2.0394,1.4555,0.5461,13.5835,0.8477,-0.234,0.2405,0.6537,1.4037,3.9269,3.94,4.1,61.96,59.53,58.59,9.05,11.94,1.319,115.1,138.2,20.1,50.4,122.7,6.8,13.9,100.1,8.1,135.7,22.1,35.0
1824,active,0.33,2.182,1.7823,0.9363,3.1841,0.2224,0.1935,0.8674,0.5675,3.683,0.9648,3.67,4.17,62.51,60.22,58.65,22.15,26.99,1.219,131.4,161.8,21.6,46.6,137.2,4.9,10.3,78.1,7.1,120.7,17.0,35.0
1825,active,0.5538,5.4342,0.5792,0.2633,6.6185,0.8442,-0.2904,0.8446,0.66,7.3768,4.4306,5.33,5.33,60.66,57.42,57.42,22.35,19.21,0.86,118.2,152.0,22.8,43.7,128.0,5.6,10.9,75.0,8.3,132.2,29.5,35.0
1826,active,0.5164,6.223,1.1097,0.7758,5.1244,0.5476,-0.2801,0.1658,1.1936,2.049,5.3052,4.45,4.45,61.79,59.04,58.67,25.97,27.47,1.058,111.5,139.7,23.2,42.6,136.3,6.6,13.9,100.1,7.5,122.6,27.0,35.0
1827,active,0.3481,5.3465,0.6555,0.498,3.9158,0.5092,0.0481,0.1354,1.4656,1.3298,4.67,5.1,5.1,60.77,57.67,57.67,18.31,15.89,0.868,109.1,132.9,22.2,45.0,126.8,7.3,14.8,104.2,8.4,133.3,31.4,35.0
1828,active,0.4796,5.5823,1.1972,0.7448,12.6825,0.4717,0.0662,0.53,1.0448,2.732,2.8131,4.43,4.43,61.44,58.72,58.55,10.58,11.18,1.057,119.0,144.9,20.8,48.7,122.9,6.1,12.1,86.3,8.3,136.2,23.6,35.0
1829,active,0.3738,2.9639,0.7331,1.1309,9.4302,0.8566,0.0884,0.5415,1.4745,2.8919,7.8375,3.41,4.11,62.65,60.51,58.62,11.63,17.32,1.489,127.1,153.8,20.0,50.6,128.3,5.5,11.4,85.0,7.6,129.0,15.6,35.0
1830,active,0.467,7.9547,0.9465,0.8267,4.8896,0.8077,0.4325,0.9654,1.3049,2.1248,1.8453,4.62,4.62,61.42,58.58,58.58,18.91,19.12,1.011,128.6,156.6,21.3,47.5,130.9,5.3,10.6,78.1,7.7,127.5,22.3,35.0
1831,active,0.4257,7.0834,1.4292,0.9094,3.715,0.5523,-0.0168,0.1656,1.3967,1.2117,1.3394,3.35,4.11,62.93,60.82,58.74,23.43,29.96,1.279,119.8,145.5,21.9,45.9,140.2,6.1,13.5,102.8,6.9,117.8,18.3,35.0
1832,active,0.4233,7.6438,1.5454,0.9108,3.9136,0.46,-0.0648,0.8037,0.6563,8.556,6.1649,3.25,4.14,63.02,60.97,58.72,21.75,28.72,1.32,129.9,161.5,21.8,46.1,138.8,4.9,10.4,79.3,7.0,119.1,14.7,35.0
1833,active,0.5504,3.5693,1.5889,0.3636,6.4839,0.5813,-0.2952,0.0537,1.3889,2.141,6.4518,5.42,5.42,60.7,57.41,57.41,28.4,25.29,0.89,106.5,134.9,23.6,41.7,131.8,7.1,14.4,100.0,8.1,128.4,33.7,35.0
1834,active,0.3854,3.8674,0.6016,0.3372,4.352,0.8263,0.2899,0.0897,1.3151,6.3233,0.8415,5.68,5.68,60.1,56.69,56.69,19.15,13.86,0.724,108.4,130.7,22.1,45.4,125.5,7.5,15.2,106.2,8.6,135.4,34.7,35.0
1835,active,0.5265,7.2249,1.5165,1.0979,9.5542,0.7418,-0.2415,0.5051,0.7793,2.4537,5.2695,2.96,4.1,63.94,62.05,58.77,15.49,25.51,1.647,127.2,155.5,20.5,49.6,134.9,5.3,11.5,88.3,7.1,122.0,11.9,35.0
1836,active,0.3236,7.2826,1.3065,0.5468,10.0475,0.5146,0.0376,0.2362,1.154,4.7993,6.7166,4.39,4.39,61.35,58.66,58.53,8.41,8.82,1.049,113.8,136.7,20.5,49.4,120.6,6.9,13.7,97.2,8.5,138.9,25.2,35.0
1837,active,0.4279,2.0161,0.4249,0.9866,5.2319,0.8708,-0.11,0.784,1.3201,4.011,7.5061,2.96,4.11,63.76,61.87,58.72,21.36,30.88,1.446,134.2,167.1,21.2,47.6,140.7,4.6,10.3,79.2,6.8,116.9,11.1,35.0
1838,active,0.3097,2.4841,0.4643,0.3031,17.5991,0.305,-0.1604,0.0703,0.7223,3.5922,3.0253,4.69,4.69,60.79,57.94,57.94,6.05,4.38,0.724,107.3,128.3,20.7,49.0,116.7,7.8,15.3,106.0,9.0,144.6,29.2,35.0
1839,active,0.2676,6.6287,1.5572,1.073,17.6858,0.6079,0.2274,0.7913,0.8964,1.0222,5.2318,3.87,4.12,61.78,59.39,58.55,4.99,7.51,1.505,125.4,151.8,19.5,51.9,119.3,5.6,10.9,78.3,8.3,139.5,18.5,35.0
1840,active,0.5325,7.4291,1.0033,0.7815,3.4835,0.5686,0.1544,0.9926,1.1622,9.1525,7.9098,4.35,4.35,61.9,59.21,58.7,28.86,30.83,1.068,131.0,163.9,22.6,44.2,142.5,4.8,10.1,76.0,6.9,116.1,20.4,35.0
1841,active,0.475,2.9539,1.7676,0.4264,16.4655,0.3187,0.3312,0.4102,1.0534,1.0528,1.8329,4.72,4.72,60.99,58.11,58.11,9.33,8.15,0.874,118.6,143.5,20.5,49.5,120.1,6.3,12.1,85.7,8.6,140.0,25.3,35.0
1842,active,0.3085,7.5012,1.7004,0.6981,3.3497,0.8178,-0.2688,0.0519,0.7336,5.1554,5.2411,2.95,4.1,64.36,62.46,58.94,19.16,30.34,1.584,119.4,144.5,20.8,48.8,138.7,6.2,14.1,108.7,6.9,118.3,13.5,35.0
1843,active,0.3883,3.379,1.9634,0.9993,9.7323,0.7238,0.3053,0.7518,1.1749,1.9359,2.9719,3.8,4.11,62.16,59.8,58.6,12.46,16.12,1.294,129.2,156.9,20.1,50.5,126.7,5.2,10.6,78.3,7.8,130.9,17.5,35.0
1844,active,0.4322,6.5257,0.9603,0.5973,8.2652,0.8233,0.0813,0.7335,1.4706,6.8886,1.7785,4.43,4.43,61.53,58.81,58.54,12.67,13.5,1.066,123.8,152.2,20.8,48.7,125.1,5.6,11.0,79.0,8.1,133.5,22.1,35.0
1845,active,0.2822,5.3973,1.7398,1.0893,6.212,0.7937,0.3266,0.0748,0.843,5.9922,7.8947,3.44,4.12,62.58,60.43,58.62,11.48,16.93,1.475,119.5,140.8,19.8,51.3,127.7,6.5,13.9,104.7,7.6,129.5,18.2,35.0
1846,active,0.5249,4.9778,1.0248,0.563,8.2454,0.4848,0.1558,0.2585,0.7139,1.3217,3.1396,4.96,4.96,60.98,57.96,57.96,16.69,15.07,0.903,113.8,138.3,21.7,46.4,126.7,6.7,13.6,96.9,8.2,132.7,28.4,35.0
1847,active,0.2664,7.9983,0.5506,0.4234,13.1925,0.6312,0.198,0.8821,0.8911,2.7969,1.5824,4.38,4.38,61.17,58.49,58.49,5.34,5.25,0.983,121.8,148.1,20.0,50.7,117.8,5.9,11.2,78.9,8.7,142.4,22.5,35.0
1848,active,0.5589,4.8875,0.3564,0.5776,3.5832,0.5948,-0.0657,0.8364,0.7731,9.3534,4.3891,5.48,5.48,60.56,57.24,57.24,32.69,29.12,0.891,119.8,155.5,24.5,39.4,138.9,5.3,10.7,75.7,7.7,121.9,31.2,35.0
1849,active,0.3515,4.5975,0.3331,0.9287,10.5968,0.2625,0.2741,0.0231,0.5403,2.6119,1.8185,4.25,4.25,61.59,58.97,58.55,9.33,10.65,1.141,112.4,132.9,20.4,49.8,122.6,7.3,15.0,108.1,8.2,136.2,24.8,35.0
1850,active,0.5024,6.5076,1.1718,0.3982,17.94,0.6834,0.4135,0.5945,1.3005,1.0171,5.0042,4.79,4.79,60.8,57.89,57.89,7.62,5.79,0.76,119.0,144.0,20.4,49.7,118.5,6.2,11.8,83.2,8.8,142.1,25.6,35.0
1851,active,0.387,6.9348,0.4168,0.3374,10.3982,0.4895,-0.2549,0.4503,1.3928,7.0889,5.2081,5.21,5.21,60.48,57.33,57.33,11.75,8.34,0.71,111.2,137.0,21.6,46.7,118.5,6.9,13.0,88.6,9.1,143.2,30.7,35.0
1852,active,0.277,6.0702,1.2559,0.5569,5.0783,0.8504,-0.1393,0.3426,0.8051,1.2896,8.3221,3.96,4.12,62.06,59.6,58.64,12.58,15.69,1.247,118.6,144.0,20.6,49.2,126.4,6.2,12.8,93.1,7.9,131.5,21.4,35.0
1853,active,0.3345,4.4494,1.7892,1.011,3.1023,0.378,0.2809,0.0982,1.0359,3.2706,3.9032,2.95,4.15,63.79,61.9,58.73,22.31,31.92,1.431,126.7,150.3,20.6,49.2,141.5,5.7,13.1,104.2,6.6,115.7,13.1,35.0
1854,active,0.3667,3.1218,1.2842,0.8431,7.5219,0.7976,-0.0178,0.8092,0.6596,1.3093,4.2145,3.5,4.11,62.56,60.38,58.63,13.76,19.05,1.384,129.3,158.6,20.4,49.6,129.6,5.1,10.6,78.6,7.6,127.8,15.8,35.0
1855,active,0.3518,5.3055,1.0587,1.17,11.1284,0.6905,0.4244,0.3956,0.6053,9.7946,7.5736,3.88,4.13,61.97,59.56,58.56,8.94,11.95,1.337,120.8,143.8,19.9,51.0,123.8,6.2,12.7,93.5,8.0,134.3,20.4,35.0
1856,active,0.5716,4.9603,1.9565,0.4076,16.6423,0.3631,0.3243,0.4291,0.8567,4.7167,1.5974,4.84,4.84,60.92,57.97,57.97,10.47,8.89,0.849,117.0,141.3,20.6,49.2,120.6,6.5,12.6,88.7,8.6,139.4,26.4,35.0
1857,active,0.5803,6.0165,0.7168,0.4368,8.8026,0.3897,-0.1344,0.3303,1.2334,9.8813,3.1662,5.98,5.98,59.91,56.33,56.33,19.06,12.83,0.673,106.6,133.1,23.1,43.0,122.5,7.3,13.7,92.8,9.0,139.5,36.5,36.5
1858,active,0.4499,6.4477,1.534,0.6496,8.6306,0.8118,0.3223,0.1508,0.5203,1.0356,2.9304,4.54,4.54,61.36,58.58,58.54,13.2,13.37,1.013,114.5,136.5,20.7,49.0,124.8,6.9,14.2,102.3,8.1,134.0,25.8,35.0
1859,active,0.5082,6.7566,1.0948,0.4595,8.8895,0.3062,-0.1257,0.7589,0.5005,5.7141,4.1943,5.16,5.16,60.62,57.49,57.49,14.63,11.65,0.796,116.8,146.4,22.3,44.8,123.1,6.0,11.3,78.0,8.7,137.8,29.2,35.0
1860,active,0.5391,6.8036,1.2357,0.5758,7.1102,0.5076,0.4181,0.4315,0.5953,5.844,5.4245,5.38,5.38,60.56,57.31,57.31,18.17,14.7,0.809,117.1,141.5,21.6,46.6,126.6,6.4,12.8,91.1,8.3,133.2,29.5,35.0
1861,active,0.5281,4.9272,1.1589,0.2986,15.8132,0.7234,0.5852,0.1,0.7423,3.192,5.3097,5.33,5.33,60.22,57.01,57.01,9.1,4.79,0.526,108.6,128.9,20.8,48.7,117.7,7.8,15.1,104.6,9.1,144.0,32.0,35.0
1862,active,0.5694,5.524,1.2795,0.5086,8.5868,0.2547,0.2355,0.8838,1.3027,1.4373,4.9789,5.5,5.5,60.34,57.03,57.03,16.92,12.61,0.745,120.0,149.0,22.1,45.5,124.3,5.8,11.0,76.7,8.6,136.3,29.5,35.0
1863,active,0.3861,7.3589,0.5764,0.9836,4.6924,0.3944,0.3753,0.9626,1.4205,2.2438,5.9684,4.06,4.17,62.12,59.6,58.6,16.59,19.67,1.186,131.5,160.0,20.7,49.0,130.9,5.0,10.3,76.9,7.5,126.5,17.7,35.0
1864,active,0.2727,3.7701,1.8568,0.5016,12.9677,0.5841,0.2381,0.2836,1.338,1.3415,6.6047,4.29,4.29,61.42,58.78,58.53,6.91,7.67,1.11,115.2,137.4,20.0,50.8,119.5,6.8,13.6,96.9,8.5,140.0,23.9,35.0
1865,active,0.5754,3.0075,1.4011,0.9705,13.9302,0.7395,-0.2853,0.3,1.0008,2.109,5.4036,3.26,4.1,62.96,60.91,58.65,13.73,20.52,1.495,120.0,145.4,20.5,49.5,130.5,6.1,13.1,97.9,7.5,126.8,16.7,35.0
1866,active,0.4545,2.0619,1.0124,0.8131,11.2925,0.4248,-0.1613,0.6432,0.6936,8.1652,3.8639,4.24,4.24,61.76,59.14,58.55,12.79,14.58,1.14,122.4,151.7,21.3,47.4,125.7,5.6,11.0,79.0,8.0,132.9,21.9,35.0
1867,active,0.4567,6.1396,1.0018,0.4371,3.0473,0.2042,0.5673,0.0211,0.7604,3.2457,2.5534,6.47,6.47,59.31,55.47,55.47,25.41,16.56,0.652,109.0,129.8,22.8,43.7,128.7,7.7,15.3,107.5,8.6,133.1,39.5,39.5
1868,active,0.4618,6.1993,1.1373,0.5824,13.1333,0.7808,-0.0304,0.2823,0.6568,7.4924,7.395,4.36,4.36,61.52,58.84,58.55,9.77,10.71,1.096,114.8,138.3,20.5,49.4,122.1,6.7,13.5,96.6,8.3,136.8,24.4,35.0
1869,active,0.5221,5.573,1.4118,0.8063,11.1326,0.37,-0.0085,0.5344,0.7693,8.3469,3.3728,4.47,4.47,61.52,58.77,58.56,13.1,13.85,1.057,119.5,146.7,21.4,47.2,125.3,6.0,11.8,84.4,8.1,133.6,23.8,35.0
1870,active,0.3655,3.3888,1.8029,0.6444,14.1731,0.2648,0.4119,0.7614,0.8468,5.486,1.2942,4.47,4.47,61.23,58.49,58.49,8.03,7.96,0.991,122.8,148.9,20.2,50.3,120.0,5.8,11.2,79.9,8.5,139.6,22.6,35.0
1871,active,0.4188,7.2321,0.4281,0.7065,9.2892,0.2021,0.2981,0.4255,1.2429,3.518,6.5395,4.63,4.63,61.15,58.32,58.32,10.64,10.06,0.945,116.5,140.2,20.8,48.7,122.2,6.6,13.0,92.4,8.4,137.3,25.7,35.0
1872,active,0.3452,3.7179,1.8389,0.6766,14.8164,0.4345,-0.2142,0.7031,0.8051,8.2462,2.5336,4.07,4.13,61.76,59.25,58.56,8.07,10.18,1.261,123.5,151.6,20.4,49.7,121.5,5.6,10.8,77.6,8.3,137.4,20.4,35.0
1873,active,0.5243,6.2348,1.3146,0.8842,10.0554,0.2382,0.1169,0.4137,1.1119,9.5962,3.151,4.46,4.46,61.58,58.83,58.57,13.67,14.58,1.067,117.4,142.4,21.3,47.4,126.2,6.4,12.7,92.0,8.1,132.4,24.3,35.0
1874,active,0.4662,7.1902,0.9264,1.0758,3.8242,0.2927,-0.2077,0.2044,0.9379,2.8606,5.4105,3.14,4.13,62.92,60.94,58.74,24.21,31.1,1.285,117.5,145.5,23.1,42.9,141.8,6.1,13.2,99.9,7.0,117.1,19.5,35.0
1875,active,0.3346,3.8516,1.3933,1.1746,4.6283,0.7815,0.4982,0.3883,0.6892,4.691,6.1056,3.39,4.14,62.72,60.59,58.62,17.28,23.19,1.342,128.4,152.2,20.2,50.2,134.0,5.6,12.0,92.9,7.2,123.0,15.7,35.0
1876,active,0.5466,4.2887,0.4516,0.9133,10.9894,0.8676,0.4369,0.4568,1.4655,2.93,6.3753,4.7,4.7,61.28,58.4,58.4,14.23,13.88,0.975,119.9,144.1,20.9,48.6,125.7,6.2,12.5,90.4,8.1,133.0,24.6,35.0
1877,active,0.3041,6.594,1.5203,0.4962,4.0527,0.8055,0.1787,0.2716,0.7113,3.1756,3.298,4.38,4.38,61.59,58.89,58.56,15.56,16.63,1.069,116.8,140.5,20.9,48.4,127.5,6.5,13.5,98.1,7.9,130.9,24.6,35.0
1878,active,0.4409,2.6535,0.8836,0.5864,6.0485,0.4685,0.3397,0.8187,0.7793,9.5826,1.9772,5.05,5.05,60.85,57.78,57.78,18.54,16.41,0.885,124.6,153.3,21.6,46.7,128.1,5.5,10.8,77.5,8.1,131.3,25.9,35.0
1879,active,0.5709,6.0197,0.6972,0.8946,16.2807,0.4403,0.5434,0.7244,0.6073,8.4945,2.7981,4.7,4.7,61.12,58.25,58.25,9.85,9.09,0.923,121.8,146.8,20.4,49.6,121.5,6.0,11.6,83.1,8.4,137.9,23.9,35.0
1880,active,0.5232,5.4267,1.4967,1.1041,3.9382,0.8165,0.4887,0.5283,1.3929,5.5094,1.8765,4.13,4.18,62.19,59.63,58.7,28.98,32.13,1.109,131.5,157.6,21.6,46.6,143.4,5.2,11.4,89.0,6.7,114.7,18.5,35.0
1881,active,0.3577,7.9738,0.9454,0.7353,16.8959,0.3437,-0.2073,0.0076,1.0647,1.9429,4.4222,4.36,4.36,61.3,58.62,58.53,6.25,6.58,1.053,109.1,130.1,20.5,49.6,118.6,7.6,15.2,106.8,8.6,141.5,26.4,35.0
1882,active,0.4033,7.5779,1.4437,0.2339,6.639,0.5843,0.3035,0.1486,0.6398,1.681,3.125,5.26,5.26,60.48,57.3,57.3,13.7,10.18,0.743,111.1,133.6,21.2,47.6,121.9,7.2,14.3,99.8,8.7,138.8,31.0,35.0
1883,active,0.4881,4.306,1.2078,0.716,18.8373,0.6541,0.3795,0.76,0.6762,2.2469,3.0607,4.5,4.5,61.2,58.45,58.45,7.57,7.39,0.976,122.1,148.0,20.2,50.2,119.8,5.9,11.3,80.6,8.5,139.8,22.8,35.0
1884,active,0.5389,4.3741,1.92,0.485,18.6836,0.8063,-0.1023,0.259,0.7234,2.304,4.132,4.17,4.17,61.8,59.22,58.57,10.57,12.6,1.192,116.3,140.3,20.3,50.0,122.9,6.6,13.3,95.2,8.1,135.6,22.7,35.0
1885,active,0.481,2.6749,0.8887,0.9726,8.2766,0.8808,0.5005,0.4858,0.9911,1.8729,1.3028,4.37,4.37,61.6,58.91,58.54,16.49,17.6,1.067,123.7,148.2,20.8,48.7,129.1,5.9,12.0,89.1,7.7,129.0,22.5,35.0
1886,active,0.2619,5.0909,1.4823,1.0832,10.3703,0.8467,0.5353,0.3348,0.79,3.489,3.8047,4.02,4.14,61.74,59.25,58.53,7.13,9.25,1.297,117.0,138.2,19.8,51.3,121.3,6.8,13.7,99.6,8.2,137.3,22.2,35.0
1887,active,0.3717,4.8803,1.8545,1.0367,13.2854,0.8975,0.1415,0.4121,1.1763,1.0166,1.2784,3.54,4.1,62.45,60.24,58.62,9.24,14.15,1.531,123.7,148.3,19.7,51.6,124.7,5.9,12.0,89.1,7.9,132.8,17.0,35.0
1888,active,0.4629,4.9356,0.5722,0.871,4.7912,0.3078,0.18,0.8253,0.7481,2.9608,1.0492,4.5,4.5,61.62,58.85,58.6,22.02,23.0,1.045,127.1,157.8,22.2,45.2,134.1,5.2,10.4,76.9,7.5,124.4,22.4,35.0
1889,active,0.3564,6.8656,0.6414,0.2039,13.3855,0.4932,-0.2818,0.383,0.5607,1.267,3.2664,4.83,4.83,60.74,57.8,57.8,7.58,5.51,0.727,110.8,134.7,21.0,48.3,117.4,7.1,13.6,93.9,9.0,143.9,28.6,35.0
1890,active,0.383,7.8953,0.5882,0.4385,4.8212,0.5135,0.5312,0.4411,1.3649,1.5099,0.9621,5.52,5.52,60.22,56.89,56.89,15.45,10.71,0.693,116.1,139.9,21.5,47.1,123.0,6.6,12.8,90.0,8.7,137.7,30.8,35.0
1891,active,0.5013,7.4636,0.3264,1.0555,7.9973,0.4119,0.2611,0.3834,1.2331,8.7788,1.7584,4.12,4.14,62.03,59.48,58.56,15.26,17.98,1.178,121.1,145.4,20.8,48.7,129.2,6.1,12.7,93.8,7.6,128.4,21.2,35.0
1892,active,0.5939,3.8442,1.5513,0.6291,4.9556,0.6251,0.5852,0.053,1.2183,5.1387,2.7418,6.44,6.44,59.51,55.68,55.68,27.67,19.43,0.702,111.7,133.3,22.8,43.5,131.8,7.3,14.6,104.5,8.3,129.3,37.8,37.8
1893,active,0.5098,7.5887,1.251,0.4585,11.3146,0.6878,0.1776,0.4808,1.4995,4.034,9.3122,4.68,4.68,61.13,58.27,58.27,11.82,11.09,0.938,118.9,144.6,20.8,48.7,122.8,6.2,12.1,86.0,8.4,136.7,25.2,35.0
1894,active,0.5925,5.1043,0.9832,0.425,5.3671,0.5148,-0.2313,0.6778,0.9775,3.83,6.4295,6.2,6.2,59.87,56.16,56.16,28.79,22.15,0.769,112.6,147.4,24.5,39.3,130.8,5.9,11.2,76.0,8.5,130.7,36.2,36.2
1895,active,0.5545,4.8237,1.5355,0.2501,3.0291,0.4567,0.1881,0.2657,0.7107,8.6342,2.6811,7.24,7.24,58.85,54.59,54.59,37.04,25.78,0.696,108.1,136.9,24.8,38.6,136.3,6.9,13.7,94.0,8.3,126.2,43.8,43.8
1896,active,0.4885,3.1313,0.8083,1.1676,19.1493,0.4735,0.3338,0.8503,0.5539,7.1304,1.2138,4.03,4.12,61.83,59.34,58.57,8.26,10.63,1.287,125.9,152.4,20.0,50.8,122.6,5.6,10.9,79.6,8.1,135.7,19.1,35.0
1897,active,0.5663,3.8835,1.895,0.6924,3.7175,0.7068,0.4553,0.4792,0.8051,4.5727,3.3608,5.85,5.85,60.29,56.76,56.76,35.01,29.99,0.857,121.3,147.8,23.2,42.7,141.3,5.9,12.3,91.4,7.4,119.0,31.6,35.0
1898,active,0.358,5.8998,1.0381,0.5368,15.2852,0.6753,0.3819,0.3029,0.6943,1.7095,5.3408,4.54,4.54,61.06,58.28,58.28,6.62,5.95,0.899,114.2,136.2,20.2,50.3,118.6,6.9,13.6,96.5,8.7,141.5,25.7,35.0
1899,active,0.3022,3.4465,0.4256,0.716,3.9543,0.5334,0.1348,0.2179,0.5774,1.886,6.4302,4.38,4.38,61.65,58.95,58.6,16.06,17.32,1.078,116.7,141.0,21.3,47.4,128.6,6.5,13.5,97.9,7.8,129.9,24.6,35.0
1900,active,0.2655,2.79,0.6539,1.0066,7.6238,0.8066,0.3447,0.9723,0.6224,2.1807,2.7607,3.9,4.13,62.01,59.59,58.57,9.78,12.87,1.316,127.1,153.7,20.0,50.7,124.4,5.5,10.9,80.1,7.9,133.6,18.3,35.0
1901,active,0.4337,2.6097,0.8494,0.8394,10.7983,0.6965,0.0358,0.6329,1.0642,2.0131,7.7906,4.16,4.17,61.84,59.27,58.57,12.47,14.62,1.172,123.3,150.8,20.7,48.8,125.8,5.7,11.4,82.5,7.9,132.3,20.9,35.0
1902,active,0.2603,4.9638,1.6304,0.4089,3.7815,0.6428,0.179,0.2843,1.1164,4.4248,2.71,4.51,4.51,61.42,58.65,58.56,14.69,15.08,1.027,116.1,139.9,20.9,48.6,125.7,6.6,13.5,97.1,8.1,133.0,25.3,35.0
1903,active,0.492,3.0971,0.7996,1.0705,19.6048,0.5161,0.3977,0.9084,1.2134,2.759,0.8391,4.17,4.17,61.67,59.11,58.55,8.49,10.19,1.2,126.7,153.8,20.0,50.7,122.1,5.5,10.6,77.0,8.2,136.5,19.6,35.0
1904,active,0.4189,2.7831,1.3965,0.3633,5.3434,0.8704,-0.1817,0.9117,1.2135,9.7216,5.6412,4.41,4.41,61.68,58.96,58.62,21.76,23.05,1.059,125.4,158.8,21.8,46.1,131.8,5.1,10.4,74.8,7.6,126.6,22.3,35.0
1905,active,0.2866,6.0708,0.3034,1.0097,3.2502,0.8828,0.3663,0.8101,0.831,3.2948,2.4008,3.83,4.17,62.32,59.93,58.66,16.07,20.1,1.251,131.0,158.8,20.5,49.4,131.1,5.1,10.5,79.5,7.4,126.2,16.9,35.0
1906,active,0.3255,7.4371,0.8535,1.032,14.3487,0.6001,0.4323,0.283,0.7339,7.1156,2.2598,4.18,4.18,61.56,58.99,58.54,6.25,7.63,1.221,116.2,137.9,19.8,51.1,119.9,6.8,13.6,97.7,8.4,139.1,22.8,35.0
1907,active,0.3337,5.4057,1.8478,0.7049,14.0152,0.4893,0.5843,0.2906,1.4183,2.3085,8.1855,4.45,4.45,61.16,58.44,58.44,6.7,6.46,0.964,116.4,138.6,20.0,50.6,119.1,6.7,13.2,94.1,8.6,140.8,24.6,35.0
1908,active,0.3239,5.8943,1.2546,1.0465,17.0434,0.8003,-0.099,0.5402,1.2141,3.9577,7.3244,3.71,4.1,62.03,59.73,58.58,5.91,9.37,1.585,121.9,147.1,19.7,51.5,121.1,6.0,11.9,86.1,8.2,137.3,18.7,35.0
1909,active,0.3443,5.943,0.5999,0.4876,15.0663,0.6165,0.0603,0.0272,0.7036,1.0662,4.7063,4.48,4.48,61.15,58.41,58.41,6.57,6.27,0.954,108.5,128.6,20.3,49.9,118.6,7.8,15.7,110.3,8.7,141.5,27.3,35.0
1910,active,0.2718,7.4583,1.5416,0.8356,4.5967,0.347,0.1583,0.2496,1.4876,3.661,0.9492,3.99,4.16,62.05,59.57,58.59,12.57,15.57,1.239,116.7,139.4,20.6,49.1,126.6,6.6,13.7,100.9,7.8,131.3,22.1,35.0
1911,active,0.3726,5.0104,0.7294,0.3877,6.4356,0.2659,-0.2184,0.928,1.3761,5.9412,2.4968,5.58,5.58,60.1,56.75,56.75,16.35,11.3,0.691,114.7,145.5,22.7,43.8,121.0,6.1,11.1,75.3,9.1,141.3,32.6,35.0
1912,active,0.2668,5.4236,1.3917,0.2625,16.5672,0.6767,-0.1629,0.8961,0.9937,8.4496,8.4757,4.35,4.35,61.22,58.56,58.52,5.16,5.29,1.025,121.6,148.7,20.1,50.5,117.4,5.8,11.0,77.5,8.7,142.9,22.3,35.0
1913,active,0.4261,2.9399,0.8046,1.0719,8.4975,0.3035,0.5467,0.4989,1.3257,2.2961,6.2171,4.23,4.23,61.77,59.16,58.55,13.9,15.73,1.132,123.5,147.4,20.4,49.6,127.4,5.9,12.1,89.8,7.8,130.6,21.4,35.0
1914,active,0.2522,3.4597,0.8362,0.9053,9.3551,0.5378,0.2974,0.9024,0.5262,3.1685,2.8455,4.11,4.12,61.73,59.2,58.56,7.6,9.56,1.258,125.6,152.4,20.0,50.8,121.6,5.6,10.9,78.6,8.2,137.0,19.7,35.0
1915,active,0.4307,3.9587,0.9718,0.7787,18.7492,0.7375,-0.1464,0.8381,1.4721,3.0996,2.1494,4.03,4.12,61.76,59.27,58.56,7.32,9.49,1.296,123.4,150.9,20.2,50.3,121.4,5.7,11.1,79.3,8.3,137.5,20.2,35.0
1916,active,0.2662,7.4925,1.991,0.2926,11.1505,0.3182,0.3861,0.6799,0.5777,6.1559,1.9513,4.56,4.56,61.0,58.21,58.21,6.45,5.56,0.862,120.5,146.0,20.1,50.5,117.8,6.1,11.5,81.1,8.8,142.5,23.9,35.0
1917,active,0.3309,7.2382,1.4418,0.3634,3.091,0.7006,0.4524,0.1155,1.3222,3.3153,3.1613,5.42,5.42,60.29,57.02,57.02,17.46,13.06,0.748,110.2,131.2,21.6,46.7,124.8,7.5,15.1,106.6,8.6,135.8,33.0,35.0
1918,active,0.2758,3.1735,0.7713,0.5129,5.5391,0.4343,-0.0936,0.4199,1.3264,1.9892,3.4827,4.72,4.76,61.03,58.15,58.08,13.55,12.48,0.921,114.3,140.3,21.6,46.7,123.0,6.6,12.8,90.1,8.5,137.2,27.9,35.0
1919,active,0.3684,7.259,0.4606,0.381,13.209,0.6383,0.1462,0.6138,0.7216,1.5521,5.6095,4.61,4.61,61.01,58.2,58.2,7.54,6.62,0.878,118.7,144.2,20.4,49.7,118.9,6.2,11.9,83.7,8.7,141.4,24.7,35.0
1920,active,0.4226,7.3132,0.703,0.5033,12.0196,0.5674,0.336,0.7669,0.8906,1.4746,1.1205,4.67,4.67,61.02,58.17,58.17,9.07,8.06,0.889,122.2,148.8,20.5,49.5,120.3,5.8,11.2,79.0,8.6,139.7,24.1,35.0
1921,active,0.4678,2.0618,0.5814,0.8967,7.0372,0.3243,-0.2592,0.2091,0.556,9.6312,6.4326,4.45,4.45,61.59,58.85,58.58,19.58,20.55,1.05,111.6,138.6,22.9,43.5,130.9,6.7,13.7,97.9,7.9,128.3,27.4,35.0
1922,active,0.2615,2.2133,0.897,0.9574,4.632,0.8448,0.2481,0.5012,1.4302,1.7408,3.5338,3.62,4.14,62.44,60.18,58.62,13.25,18.0,1.358,124.9,150.0,20.2,50.2,129.1,5.7,12.0,90.0,7.6,128.3,17.5,35.0
1923,active,0.4198,6.27,0.8037,0.7184,7.7599,0.7885,-0.2457,0.7644,1.1284,7.4604,5.2109,3.83,4.12,62.22,59.83,58.62,14.04,17.79,1.267,124.8,154.7,21.0,48.3,128.3,5.4,10.9,79.4,7.7,129.6,18.9,35.0
1924,active,0.5676,6.3593,0.8591,0.7466,4.3615,0.7212,-0.156,0.1243,0.9412,8.7606,5.5173,4.32,4.32,61.99,59.31,58.68,29.25,31.52,1.078,113.0,140.8,23.2,42.6,141.6,6.5,14.3,105.0,7.0,117.3,25.9,35.0
1925,active,0.3015,2.5089,1.4808,0.6154,12.2627,0.5643,0.0864,0.5693,1.4959,4.9293,4.2743,4.23,4.23,61.53,58.93,58.53,7.79,8.97,1.151,119.7,144.9,20.2,50.2,120.7,6.1,12.1,86.3,8.4,138.4,22.3,35.0
1926,active,0.5172,6.0506,0.8105,0.5877,6.4365,0.8713,0.5408,0.4113,0.9163,3.0655,4.2761,5.67,5.67,60.16,56.75,56.75,18.68,13.59,0.728,117.3,141.4,21.8,46.2,125.8,6.4,12.6,89.5,8.5,134.6,31.4,35.0
1927,active,0.4799,6.9379,1.8793,1.1712,7.0049,0.6916,-0.1934,0.8628,0.647,2.1781,4.2363,2.98,4.1,64.63,62.7,58.91,19.5,31.33,1.607,133.3,165.5,20.9,48.5,139.6,4.7,10.2,79.4,6.8,117.4,8.4,35.0
1928,active,0.2965,7.5425,1.3482,0.3247,12.925,0.8132,0.5099,0.1256,1.1243,1.7915,2.9899,4.65,4.65,60.83,58.0,58.0,5.77,4.27,0.74,111.4,132.1,20.1,50.4,117.1,7.4,14.5,101.7,8.9,143.6,27.3,35.0
1929,active,0.5186,5.7422,0.3495,0.5315,8.8671,0.7508,0.4496,0.2451,0.5275,4.5789,6.2051,5.3,5.3,60.45,57.25,57.25,14.33,10.69,0.746,113.0,135.4,21.3,47.5,122.9,7.0,13.9,98.0,8.6,137.6,30.7,35.0
1930,active,0.5208,7.3606,0.9674,1.1902,14.9347,0.6292,0.4788,0.4206,1.3931,1.3152,3.6844,4.13,4.13,61.78,59.23,58.55,9.77,11.81,1.209,121.0,144.2,20.1,50.6,123.5,6.2,12.5,91.5,8.0,134.7,21.2,35.0
1931,active,0.5281,2.0782,0.5954,0.2957,12.1612,0.7059,-0.2385,0.5437,0.9118,1.5405,6.1782,5.29,5.29,60.54,57.34,57.34,15.07,11.7,0.776,112.8,140.5,21.9,45.9,121.7,6.5,12.6,86.5,8.8,139.3,30.6,35.0
1932,active,0.3661,5.6503,1.8117,0.759,6.4856,0.6698,-0.159,0.3023,0.7856,5.5004,3.4739,3.3,4.1,62.86,60.79,58.69,15.55,22.01,1.415,121.0,146.6,20.6,49.1,131.4,6.0,12.8,95.8,7.4,125.9,17.1,35.0
1933,active,0.364,4.1188,1.809,0.5169,12.7581,0.5699,0.034,0.1044,1.2465,3.7352,6.4535,4.36,4.36,61.42,58.74,58.53,9.38,10.04,1.07,112.1,134.0,20.5,49.5,121.3,7.2,14.5,103.1,8.4,138.1,25.6,35.0
1934,active,0.3443,6.544,0.3772,0.4582,14.3416,0.8712,0.1997,0.4084,1.4698,3.8721,3.0659,4.54,4.54,61.07,58.3,58.3,6.59,5.94,0.901,114.9,138.0,20.2,50.1,118.3,6.8,13.2,93.2,8.7,141.9,25.4,35.0
1935,active,0.302,5.0509,0.3487,0.5986,9.357,0.7521,-0.1076,0.6542,0.6481,9.6911,1.0066,4.31,4.32,61.47,58.82,58.54,8.79,9.68,1.101,119.7,146.2,20.5,49.3,121.2,6.0,11.8,84.0,8.4,138.1,22.9,35.0
1936,active,0.3792,5.3213,0.6778,0.5508,9.9329,0.7184,0.151,0.1388,1.4932,1.403,8.3936,4.51,4.51,61.24,58.47,58.47,10.14,10.03,0.989,111.5,133.0,20.6,49.2,121.9,7.3,14.8,105.2,8.4,137.5,26.8,35.0
1937,active,0.4569,7.8095,1.0099,0.8893,3.6492,0.8719,0.124,0.2451,1.211,4.1749,1.4821,3.34,4.16,62.86,60.76,58.73,23.87,30.24,1.267,123.8,149.4,21.4,47.3,141.3,5.8,13.0,100.1,6.8,116.4,17.1,35.0
1938,active,0.4311,7.6012,1.3651,0.4895,3.4568,0.7074,0.5057,0.4981,0.6425,6.1664,9.4399,5.73,5.73,60.11,56.66,56.66,22.0,16.62,0.755,119.1,144.4,22.1,45.4,128.5,6.2,12.1,86.8,8.3,132.0,31.7,35.0
1939,active,0.452,6.3063,0.7528,0.7453,3.1511,0.2761,0.4775,0.1686,0.7296,2.0383,3.1526,5.09,5.09,60.96,57.85,57.85,25.41,23.41,0.921,118.1,140.8,22.1,45.5,135.3,6.5,13.7,101.9,7.6,123.8,28.5,35.0
1940,active,0.5041,3.7633,0.4474,0.6251,3.1504,0.635,-0.2978,0.852,1.0426,1.9738,7.3504,4.98,4.98,61.13,58.08,58.08,36.05,34.84,0.966,121.4,161.2,24.8,38.7,141.7,5.0,10.2,72.1,7.4,118.9,28.1,35.0
1941,active,0.4219,2.2639,0.5848,1.1071,13.0029,0.2597,0.0392,0.8138,1.0432,6.1037,6.1292,4.03,4.12,61.92,59.42,58.56,10.15,12.75,1.256,125.0,153.2,20.7,48.9,124.5,5.5,10.8,78.3,8.0,133.9,19.6,35.0
1942,active,0.536,7.0739,1.0032,0.9749,3.9388,0.2208,0.5403,0.7384,0.7473,4.6884,3.8209,4.57,4.57,61.6,58.78,58.58,26.68,27.45,1.029,132.2,159.3,21.7,46.3,139.3,5.1,10.6,81.7,7.0,118.9,21.1,35.0
1943,active,0.4934,2.3425,0.9379,0.4388,5.8324,0.6752,-0.1091,0.3526,1.4224,9.4527,8.5332,5.5,5.5,60.5,57.17,57.17,24.02,20.24,0.843,111.3,139.9,23.1,42.9,129.7,6.6,13.2,92.0,8.3,130.7,32.8,35.0
1944,active,0.2699,3.5935,1.6558,0.5499,3.8525,0.8972,-0.0851,0.6874,0.7003,1.2305,8.1026,3.59,4.11,62.61,60.37,58.71,17.01,22.26,1.309,127.7,157.4,20.7,49.0,131.5,5.2,10.9,81.1,7.4,125.8,16.4,35.0
1945,active,0.3946,3.4337,1.3451,0.4979,11.6148,0.4582,-0.2166,0.2496,0.9786,1.6431,7.4951,4.54,4.54,61.24,58.46,58.46,10.9,10.76,0.987,111.2,134.9,21.2,47.8,121.8,7.1,14.1,98.9,8.5,138.1,27.2,35.0
1946,active,0.5613,2.6488,1.1955,1.0972,9.5648,0.8756,0.1084,0.7169,0.7113,2.4032,4.9403,3.18,4.11,63.13,61.12,58.67,17.91,25.29,1.412,132.4,161.5,20.5,49.6,135.6,4.9,10.7,81.9,7.1,121.4,12.6,35.0
1947,active,0.506,5.33,0.4093,0.5544,10.2683,0.4522,0.0167,0.6463,1.053,2.3882,5.6731,5.0,5.0,60.82,57.78,57.78,13.39,11.25,0.84,116.8,144.1,21.7,46.5,122.7,6.2,11.9,83.5,8.6,137.5,27.7,35.0
1948,active,0.3958,4.0978,1.3865,0.5139,16.4769,0.6794,-0.0826,0.1067,1.336,4.3474,5.341,4.25,4.25,61.5,58.89,58.53,7.76,8.82,1.137,112.7,134.9,20.3,49.9,120.5,7.1,14.3,101.3,8.4,138.9,24.8,35.0
1949,active,0.4429,2.3762,0.7404,0.8716,5.0666,0.2668,0.5798,0.3202,1.0341,2.417,4.0181,4.77,4.77,61.13,58.21,58.21,21.53,20.62,0.958,120.9,143.7,21.4,47.1,132.5,6.2,13.0,96.5,7.7,126.3,26.3,35.0
1950,active,0.336,6.9288,0.4046,1.0223,6.8633,0.5987,-0.0139,0.1206,0.5406,1.3562,4.9756,3.66,4.13,62.3,60.01,58.59,11.64,15.91,1.367,115.0,137.1,20.6,49.2,127.1,6.9,14.5,106.7,7.8,130.8,21.4,35.0
1951,active,0.2986,6.1824,1.6651,0.5489,17.9305,0.615,0.5014,0.8554,0.6035,3.0571,5.5623,4.42,4.42,61.09,58.39,58.39,4.77,4.41,0.925,122.9,149.1,19.9,51.0,117.2,5.8,11.0,77.4,8.7,143.1,22.3,35.0
1952,active,0.5012,4.1543,1.1975,0.211,5.2224,0.718,0.5319,0.7315,0.8473,1.5153,1.963,6.92,6.92,58.82,54.75,54.75,21.81,10.85,0.497,115.0,141.6,22.7,43.8,123.1,6.4,11.9,80.7,9.2,140.0,39.2,39.2
1953,active,0.5035,5.5867,1.3003,0.7032,14.667,0.6083,0.1705,0.4199,1.0639,1.982,9.2945,4.28,4.28,61.59,58.95,58.56,9.79,11.06,1.13,118.7,143.0,20.3,49.9,122.8,6.3,12.6,91.0,8.2,135.8,22.9,35.0
1954,active,0.4734,3.7894,1.8278,0.8274,7.9141,0.3539,0.4619,0.2261,0.5874,4.0278,2.6446,4.56,4.56,61.46,58.65,58.55,16.82,17.21,1.023,117.5,139.6,20.9,48.4,128.5,6.6,13.7,101.0,7.8,129.7,25.0,35.0
1955,active,0.5074,2.8705,1.3517,1.0705,5.5787,0.2445,0.0026,0.3697,1.4114,2.5306,3.3544,3.83,4.15,62.34,59.95,58.61,24.35,28.43,1.168,119.3,146.9,22.8,43.7,139.3,6.0,12.7,95.3,7.1,119.4,21.8,35.0
1956,active,0.4986,7.5152,1.4804,0.2711,7.0352,0.5016,0.5817,0.7171,1.0165,3.8799,7.5539,6.09,6.09,59.58,55.95,55.95,15.19,7.73,0.509,117.9,143.9,21.7,46.4,120.3,6.2,11.5,79.4,9.2,142.0,33.4,35.0
1957,active,0.4242,3.475,0.8349,0.9795,8.0959,0.8507,0.0026,0.2925,1.273,1.0131,6.9839,3.51,4.12,62.61,60.41,58.64,14.41,19.79,1.373,121.2,146.0,20.5,49.4,130.6,6.1,13.0,96.7,7.5,126.8,18.2,35.0
1958,active,0.48,3.49,1.0561,1.1826,15.7552,0.4002,0.2159,0.7599,1.4597,1.3999,2.1845,3.87,4.12,62.05,59.65,58.57,9.47,12.71,1.342,126.2,153.1,20.1,50.4,124.4,5.5,11.0,80.4,8.0,133.5,18.3,35.0
1959,active,0.4817,5.4755,1.5543,0.737,9.3239,0.213,0.2563,0.5243,0.9027,6.5777,4.7448,4.63,4.63,61.25,58.42,58.42,13.74,13.44,0.978,119.2,144.6,21.2,47.8,125.1,6.2,12.2,87.6,8.2,134.1,25.1,35.0
1960,active,0.3452,4.2828,0.8631,1.1123,6.4838,0.62,0.0694,0.3577,1.2605,4.976,4.7048,3.26,4.11,62.82,60.77,58.63,13.73,20.15,1.468,124.1,149.4,20.4,49.8,131.0,5.8,12.3,93.1,7.4,126.2,16.4,35.0
1961,active,0.5927,2.3693,1.5507,0.3559,15.9684,0.4806,0.0142,0.6093,0.5878,1.3776,6.2744,5.06,5.06,60.7,57.63,57.63,12.23,9.66,0.79,116.2,143.3,21.4,47.1,121.1,6.3,12.0,83.4,8.7,139.5,28.2,35.0
1962,active,0.5138,2.574,1.5751,0.5002,18.6952,0.2673,-0.1446,0.1573,0.884,2.4983,3.2879,4.85,4.85,60.88,57.93,57.93,9.9,8.24,0.832,108.7,131.4,21.2,47.6,119.6,7.5,14.6,101.4,8.8,141.1,29.3,35.0
1963,active,0.4343,3.052,0.781,0.402,3.4914,0.651,-0.204,0.1318,1.0161,4.3888,2.9459,5.7,5.7,60.22,56.79,56.79,29.41,24.5,0.833,105.4,133.9,24.1,40.4,132.8,7.2,14.8,102.0,8.2,128.3,37.0,37.0
1964,active,0.474,6.6278,0.6023,0.9432,14.7676,0.2709,-0.2544,0.7432,0.8691,9.465,6.0325,4.36,4.36,61.48,58.79,58.54,9.56,10.37,1.085,120.4,148.6,21.1,47.9,121.8,5.8,11.2,79.1,8.4,137.7,22.9,35.0
1965,active,0.4728,3.9771,0.8915,1.0846,14.2417,0.3238,0.3945,0.5297,0.8677,2.7424,2.3742,4.11,4.12,61.83,59.29,58.57,9.99,12.21,1.222,122.8,147.4,20.1,50.4,124.0,5.9,11.9,87.2,8.0,134.1,20.5,35.0
1966,active,0.5615,7.7614,1.5579,0.7723,4.4312,0.7036,0.0248,0.1786,0.6303,3.6168,6.8755,3.47,4.14,62.79,60.61,58.71,28.25,34.19,1.21,120.8,147.4,22.1,45.5,144.1,5.9,13.4,102.4,6.7,114.3,18.5,35.0
1967,active,0.4517,2.0772,0.8997,0.2972,6.3429,0.2492,-0.0845,0.9421,0.8158,1.2215,3.1397,6.32,6.32,59.4,55.65,55.65,20.45,12.18,0.596,112.4,144.2,23.7,41.4,122.7,6.2,11.2,74.6,9.2,140.5,37.5,37.5
1968,active,0.4798,2.3123,1.4085,0.3247,11.4479,0.816,0.5453,0.3229,0.5836,5.2868,3.1659,5.53,5.53,60.1,56.78,56.78,12.18,7.17,0.589,111.7,133.8,21.2,47.8,119.7,7.2,13.9,96.5,9.0,141.7,32.1,35.0
1969,active,0.3911,2.9836,0.5447,1.1208,6.1053,0.2554,0.409,0.1132,1.3547,7.3391,3.9627,3.68,4.14,62.39,60.1,58.62,16.62,21.12,1.271,119.8,141.0,20.5,49.6,132.1,6.5,14.1,107.1,7.3,125.2,20.1,35.0
1970,active,0.2989,3.2405,0.488,1.0887,13.1447,0.8764,0.162,0.0783,1.0278,1.187,2.0698,3.84,4.12,61.96,59.58,58.56,7.14,10.19,1.427,114.3,135.0,19.8,51.2,122.0,7.1,14.6,106.5,8.1,136.4,21.9,35.0
1971,active,0.3194,2.4243,1.2843,1.0077,19.9848,0.6978,0.5869,0.5637,0.9698,5.2199,3.924,4.21,4.21,61.41,58.83,58.52,5.33,6.23,1.169,119.7,143.1,19.8,51.3,118.8,6.3,12.3,88.1,8.5,140.7,22.1,35.0
1972,active,0.4712,3.2961,0.8035,0.3169,16.1003,0.603,0.0377,0.4347,0.7985,1.5853,0.5466,4.97,4.97,60.7,57.68,57.68,9.51,7.1,0.747,113.7,138.5,21.0,48.3,119.0,6.7,12.9,89.8,8.8,141.9,28.2,35.0
1973,active,0.3112,2.4966,1.7051,0.8363,7.178,0.7836,0.0477,0.8648,1.4779,1.7531,4.0096,3.35,4.1,62.73,60.63,58.68,12.94,18.96,1.465,131.4,160.7,20.0,50.7,129.0,5.0,10.3,77.1,7.5,128.2,14.1,35.0
1974,active,0.5808,5.5491,1.6958,0.6866,3.6544,0.421,0.2935,0.5694,0.6825,8.1781,5.3739,4.88,4.88,61.29,58.3,58.3,34.44,33.84,0.983,126.8,156.5,22.8,43.6,144.5,5.3,11.3,85.0,6.9,114.9,24.8,35.0
1975,active,0.4691,2.1925,0.4516,0.9105,4.4102,0.7044,0.0533,0.2775,1.1001,3.613,3.8286,3.59,4.15,62.59,60.34,58.66,26.28,31.47,1.197,120.8,147.3,22.1,45.5,141.8,5.9,13.5,102.6,6.8,116.5,19.8,35.0
1976,active,0.5483,2.0406,0.3984,1.1281,14.0206,0.4602,-0.0372,0.5751,1.0355,8.705,8.9942,3.93,4.13,62.05,59.62,58.56,12.38,15.53,1.254,122.2,149.4,21.0,48.3,126.9,5.8,11.7,85.1,7.9,131.2,20.3,35.0
1977,active,0.4112,5.3088,1.2851,0.6741,3.8377,0.8328,0.3521,0.3698,1.4943,2.2618,5.0838,4.61,4.61,61.4,58.57,58.49,21.71,21.89,1.008,120.9,145.8,21.6,46.8,133.2,6.1,12.7,93.9,7.6,125.3,25.1,35.0
1978,active,0.2723,3.8552,1.975,1.1746,5.9201,0.361,0.3317,0.3743,0.5832,4.6025,3.6832,3.08,4.11,63.13,61.18,58.7,12.19,19.76,1.621,126.9,150.6,19.6,51.8,130.2,5.7,12.2,93.8,7.4,126.6,13.8,35.0
1979,active,0.2803,7.6483,0.3319,0.2914,6.0466,0.7333,0.1532,0.0349,0.7206,1.8357,2.4257,4.86,4.86,60.74,57.78,57.78,9.79,7.68,0.784,107.7,128.3,20.8,48.7,119.6,7.8,15.7,109.5,8.8,141.1,30.1,35.0
1980,active,0.2533,4.2748,1.4138,0.6365,16.4957,0.4946,0.1822,0.5028,0.5041,3.6391,1.5789,4.2,4.2,61.41,58.83,58.52,4.83,5.73,1.186,119.0,143.3,19.8,51.2,118.1,6.3,12.2,86.8,8.6,141.6,22.3,35.0
1981,active,0.3116,5.2843,1.8578,1.1224,3.8879,0.299,-0.1829,0.8334,0.69,4.3415,4.9738,2.95,4.11,64.17,62.27,58.74,17.64,28.3,1.604,132.3,164.3,21.4,47.1,137.9,4.8,10.1,77.9,7.0,119.7,10.9,35.0
1982,active,0.5275,7.3296,0.433,1.1509,8.089,0.376,0.5055,0.8648,1.4264,2.6015,2.9,4.04,4.15,62.04,59.53,58.59,15.87,18.78,1.183,131.2,158.3,20.5,49.4,130.3,5.1,10.5,78.8,7.5,127.3,18.1,35.0
1983,active,0.5929,6.4703,1.5778,0.8694,3.1185,0.7508,0.1167,0.3387,0.8555,4.3149,1.3962,2.96,4.1,64.0,62.11,58.89,38.58,48.73,1.263,132.4,163.1,22.4,44.7,159.3,4.9,11.7,95.4,5.7,101.9,11.2,35.0
1984,active,0.3772,4.9652,0.8773,0.4165,15.4123,0.7945,0.0472,0.2441,1.1631,1.1227,7.2465,4.47,4.47,61.19,58.46,58.46,7.41,7.26,0.98,113.6,136.4,20.3,49.9,119.4,6.9,13.7,96.9,8.6,140.5,25.6,35.0
1985,active,0.3912,4.2126,1.1727,0.5858,13.876,0.5229,0.4828,0.6275,0.9599,6.2256,2.6579,4.66,4.66,61.0,58.15,58.15,8.06,7.0,0.868,119.3,143.7,20.3,50.0,119.5,6.2,12.0,85.4,8.6,140.6,24.8,35.0
1986,active,0.5437,5.6052,0.4621,1.0582,3.4322,0.2978,0.4675,0.6606,0.8154,1.2114,5.6592,4.65,4.65,61.67,58.8,58.72,31.83,32.63,1.025,131.2,158.8,22.3,44.9,144.5,5.1,11.0,85.4,6.7,114.2,21.5,35.0
1987,active,0.5838,4.8366,1.3283,0.4566,8.9129,0.8179,0.1002,0.9357,1.4406,5.5814,7.6805,4.89,4.89,61.12,58.14,58.14,18.1,17.03,0.941,125.0,156.0,21.5,46.8,127.9,5.3,10.4,74.2,8.0,131.0,24.3,35.0
1988,active,0.5344,2.7263,1.3511,0.2752,7.7027,0.841,0.2639,0.2632,0.549,7.544,2.8148,5.76,5.76,60.11,56.65,56.65,19.8,14.43,0.729,112.1,136.9,22.1,45.4,125.7,6.9,13.6,94.9,8.6,135.1,33.5,35.0
1989,active,0.4487,3.5091,1.0386,1.1133,11.4384,0.5611,0.3515,0.2599,0.8063,1.3221,5.2277,3.89,4.12,62.14,59.72,58.63,11.91,15.33,1.287,120.1,142.7,20.2,50.3,126.8,6.3,13.2,97.9,7.8,130.8,20.3,35.0
1990,active,0.2545,2.508,0.523,0.2263,3.9373,0.2641,-0.297,0.6234,1.1832,2.9442,5.8119,5.79,5.79,59.77,56.31,56.31,16.78,10.44,0.622,110.7,140.6,23.0,43.1,119.7,6.5,11.9,79.3,9.3,143.6,35.6,35.6
1991,active,0.4496,4.1742,1.7994,0.9551,19.9733,0.3323,0.3396,0.8262,0.5096,3.0654,3.296,4.14,4.14,61.68,59.13,58.54,7.38,9.16,1.241,125.6,152.3,19.9,51.1,120.8,5.6,10.8,77.9,8.3,138.0,19.6,35.0
1992,active,0.4999,3.9782,1.0965,0.9447,13.9117,0.857,0.123,0.461,0.6331,3.0297,0.6584,3.95,4.11,62.02,59.57,58.58,10.9,13.91,1.276,121.4,146.5,20.3,50.1,125.4,6.0,12.3,89.8,7.9,132.5,20.2,35.0
1993,active,0.4182,3.578,1.0633,0.3169,4.1183,0.8262,-0.1611,0.5775,0.9042,1.9101,2.8797,5.12,5.12,60.9,57.78,57.78,24.7,22.64,0.917,118.8,151.5,22.8,43.6,132.1,5.6,11.4,79.9,7.9,127.5,28.5,35.0
1994,active,0.4182,5.8566,1.5005,0.5731,4.0415,0.4323,-0.0704,0.8834,1.4349,5.8362,1.0809,4.83,4.83,61.23,58.27,58.27,22.91,22.21,0.969,121.6,153.9,22.9,43.4,132.1,5.4,10.7,76.2,7.9,127.3,26.1,35.0
1995,active,0.5027,4.7267,1.7078,0.8296,9.8382,0.5872,0.1037,0.7157,0.7955,5.3934,7.946,3.87,4.12,62.22,59.82,58.62,15.44,19.14,1.24,127.0,155.4,20.7,49.0,129.3,5.3,10.9,80.5,7.6,128.3,18.3,35.0
1996,active,0.4494,5.3509,1.5855,0.7608,5.3256,0.3554,0.531,0.0484,0.763,4.9402,3.3945,4.91,4.91,61.03,58.03,58.03,19.01,17.63,0.927,113.4,133.5,21.3,47.4,129.4,7.2,15.1,111.0,7.9,129.6,28.7,35.0
1997,active,0.5184,3.4128,0.6759,0.8687,6.2935,0.4309,0.2792,0.2295,0.5551,7.4296,5.7274,4.7,4.7,61.38,58.5,58.5,20.76,20.71,0.998,117.1,141.1,21.7,46.5,132.2,6.5,13.7,100.1,7.6,126.2,26.1,35.0
1998,active,0.457,2.7541,1.5629,0.3001,13.4931,0.41,-0.0996,0.3837,1.2483,7.1541,7.6971,5.17,5.17,60.6,57.47,57.47,12.17,9.15,0.752,112.2,137.8,21.5,46.9,119.8,6.8,12.9,89.2,8.9,141.3,29.8,35.0
1999,active,0.2909,2.8539,1.2628,1.1227,9.7775,0.8792,-0.1455,0.7936,1.3357,4.4251,1.1929,3.15,4.1,62.92,60.94,58.66,9.2,16.09,1.749,129.0,156.7,19.7,51.6,126.8,5.3,10.9,81.2,7.7,130.5,13.7,35.0
