seed,policy,cog_auto_2032,robot_lag_years,jevons,new_task_rate,diffusion_t50,passthrough,wage_share,housing_supply,demand_mult,policy_lag_years,policy_scale_pct,unemployment_2036,peak_unemployment,participation_2036,emp_pop_2036,min_emp_pop,jobs_destroyed_total,jobs_created_total,created_per_destroyed,median_income_2036,bottom20_income_2036,top1_share_2036,labour_share_2036,gdp_index_2036,poverty_2036,homeless_2036,housing_cost_2036,deficit_2036,debt_2036,unrest_2036,peak_unrest
1000,default,0.5221,6.019,0.4685,0.553,7.2884,0.5743,0.5805,0.1303,1.1712,2.3133,4.0182,4.97,5.88,59.39,56.43,56.33,21.97,15.86,0.722,110.0,136.4,21.6,46.1,127.4,6.9,17.2,119.1,8.7,119.7,39.9,46.9
1001,default,0.5288,2.3518,1.5924,1.0627,3.5672,0.8317,0.4073,0.4067,0.8745,4.4568,3.5243,5.2,5.2,61.05,57.87,57.87,45.41,41.94,0.924,119.4,110.4,24.2,42.8,155.9,10.6,21.0,105.4,4.0,89.2,37.8,37.8
1002,default,0.4323,4.5275,0.6756,0.3303,7.5138,0.6383,0.259,0.7073,0.9354,1.1171,2.6009,4.92,5.74,59.54,56.61,56.53,20.08,13.1,0.652,114.5,135.5,22.0,46.2,124.7,7.0,15.1,90.2,7.9,120.5,38.8,43.9
1003,default,0.4241,4.1599,1.5275,0.6467,7.09,0.2181,0.0014,0.4755,0.9513,1.2243,2.9754,6.08,6.08,59.58,55.96,55.96,22.46,13.59,0.605,101.4,99.2,24.3,42.7,125.0,13.1,22.0,98.3,6.4,117.7,48.5,48.5
1004,default,0.3974,7.8566,1.3426,0.893,7.8773,0.3315,0.4471,0.8449,0.7096,4.4722,5.42,4.65,4.66,61.31,58.45,58.45,15.68,13.87,0.885,118.2,114.0,21.7,48.9,127.2,9.9,17.8,86.5,5.4,111.7,34.2,35.2
1005,default,0.4191,7.4131,1.2137,1.0761,8.8992,0.8962,0.0217,0.6617,0.9883,3.738,3.1205,3.72,4.16,62.55,60.23,59.08,15.19,18.38,1.21,118.0,113.7,21.3,49.8,131.0,10.0,18.9,93.8,4.9,106.8,28.5,35.0
1006,default,0.3713,3.3718,0.3211,1.1308,5.5315,0.2005,-0.1113,0.518,1.2628,2.0369,2.1293,4.63,4.63,61.45,58.61,58.61,22.71,21.34,0.94,108.1,104.8,23.8,43.8,133.2,11.7,21.1,100.5,5.5,108.2,38.5,38.5
1007,default,0.5496,6.8029,1.3095,1.087,12.2489,0.7668,-0.0977,0.9762,1.1339,3.6143,3.7746,3.97,4.14,62.38,59.9,59.08,15.69,17.96,1.145,120.7,118.2,21.7,48.8,130.5,9.2,16.9,82.6,5.1,107.7,28.5,35.0
1008,default,0.4319,7.7504,0.8785,0.9082,17.3547,0.2352,0.2952,0.8271,1.3735,3.9021,1.8383,4.56,4.56,61.41,58.61,58.61,8.66,7.28,0.841,115.7,112.9,21.2,49.9,121.3,10.1,17.8,85.1,5.8,117.4,33.2,35.0
1009,default,0.3131,4.9242,0.4319,0.7226,17.1721,0.8134,0.1527,0.816,1.3059,1.637,1.6253,4.44,4.44,61.49,58.76,58.76,6.94,6.0,0.865,113.8,110.9,20.9,50.7,119.9,10.5,18.6,88.9,5.8,118.6,33.1,35.0
1010,default,0.4849,7.1393,0.7199,0.2832,6.8376,0.315,0.0931,0.7288,0.7043,6.8227,4.1427,7.41,7.41,57.99,53.69,53.69,23.5,8.23,0.35,99.4,98.9,25.0,41.1,119.8,13.2,20.6,87.4,7.2,125.0,56.3,56.3
1011,default,0.3784,2.1846,0.6017,0.6421,13.2726,0.5099,0.1548,0.1784,0.9653,1.9798,6.2227,4.96,4.96,60.88,57.86,57.86,11.79,8.29,0.703,102.2,97.4,21.9,48.4,121.7,13.6,25.0,115.9,6.0,118.0,41.1,41.1
1012,default,0.3685,2.8689,0.654,0.2298,4.8794,0.7953,0.1799,0.1984,0.6529,2.6029,3.5165,5.0,6.25,58.88,55.93,55.69,24.35,15.58,0.64,106.0,131.6,22.4,44.5,126.3,7.5,17.7,114.0,8.5,121.2,43.8,50.5
1013,default,0.5669,6.5935,1.47,0.9256,14.5812,0.6883,0.2112,0.0272,1.3655,1.1366,2.7162,4.59,4.59,61.63,58.81,58.81,14.02,13.18,0.94,103.9,97.7,21.5,49.3,126.2,13.5,26.6,124.3,5.4,112.0,37.9,37.9
1014,default,0.4304,3.4356,0.3593,0.6295,19.0212,0.6354,0.1201,0.5129,0.7507,5.0185,4.6249,4.91,4.91,60.91,57.92,57.92,9.71,6.38,0.657,107.0,103.5,21.6,49.1,119.9,12.1,21.4,100.1,6.0,119.6,38.6,38.6
1015,default,0.2863,3.8057,1.8885,0.6866,11.7272,0.7321,0.0613,0.4364,1.1628,2.0255,5.6873,4.3,4.3,61.84,59.17,59.06,10.13,10.34,1.021,110.0,105.7,21.1,50.3,123.2,11.6,21.3,102.8,5.5,114.9,33.8,35.0
1016,default,0.3777,4.3427,0.8928,0.7603,10.1643,0.6577,0.0137,0.4928,0.9686,8.0927,3.9513,4.76,4.76,61.2,58.29,58.29,14.06,11.77,0.837,108.8,105.2,22.1,47.9,124.6,11.7,21.0,98.9,5.7,114.8,37.6,37.6
1017,default,0.4185,5.8112,0.6243,0.2941,5.4265,0.4046,0.3877,0.9758,0.5096,1.9279,3.9535,4.9,6.17,59.1,56.2,55.85,22.14,14.89,0.673,122.7,159.1,21.9,45.5,126.1,5.1,11.7,79.4,8.8,121.6,36.7,45.3
1018,default,0.3879,6.6262,1.5054,0.8767,13.336,0.4218,0.3631,0.1869,1.0267,5.5557,2.5483,4.48,4.48,61.55,58.79,58.79,10.32,9.46,0.917,106.3,100.6,21.1,50.3,123.0,12.8,23.8,115.1,5.6,115.3,36.5,36.5
1019,default,0.262,3.2851,1.6216,0.6466,19.4738,0.8946,-0.0946,0.7917,0.7947,2.3788,2.9329,4.16,4.16,61.89,59.32,59.08,6.06,6.67,1.101,114.7,111.9,20.6,51.4,120.2,10.3,18.5,89.1,5.7,117.8,31.0,35.0
1020,default,0.2894,4.7729,0.9892,0.3797,13.1852,0.6209,0.0281,0.521,0.7758,2.0278,3.5708,4.88,4.88,60.84,57.88,57.88,8.71,5.26,0.604,107.1,104.1,21.6,49.2,118.7,11.9,20.9,97.2,6.2,121.2,38.6,38.6
1021,default,0.4359,3.0697,0.7175,0.4521,6.5126,0.5009,0.0681,0.1076,1.3116,1.8093,3.6481,5.17,6.28,58.88,55.84,55.68,26.24,17.45,0.665,103.6,130.6,22.9,43.0,126.6,7.6,17.9,115.7,8.7,121.7,45.5,51.9
1022,default,0.2963,7.5807,0.9139,1.0155,8.4249,0.6625,0.3482,0.8583,0.7374,1.1345,2.8678,4.29,4.29,61.84,59.19,58.99,10.59,10.84,1.024,117.8,114.1,21.0,50.5,124.4,9.9,17.9,87.5,5.4,113.6,31.1,35.0
1023,default,0.421,4.711,1.9926,0.622,3.0129,0.8617,0.0776,0.7878,0.8675,2.5989,1.4102,4.46,4.46,61.82,59.06,58.97,38.91,38.8,0.997,123.4,119.3,23.5,44.5,149.0,9.1,17.4,85.2,4.2,93.5,32.4,35.1
1024,default,0.529,4.901,0.962,1.0294,15.6415,0.2703,0.1616,0.9567,1.2218,5.1996,3.4569,4.75,4.75,61.28,58.37,58.37,12.72,10.64,0.836,116.0,113.7,22.0,48.1,124.3,10.0,17.4,82.8,5.7,115.0,34.5,35.1
1025,default,0.3234,2.266,0.886,0.4292,10.8339,0.4689,-0.0156,0.8994,0.6357,1.9674,1.4443,5.29,5.29,60.38,57.18,57.18,12.59,7.19,0.571,111.3,110.3,22.5,47.0,120.1,10.6,17.8,81.5,6.3,120.7,39.8,39.8
1026,default,0.259,4.8438,0.9594,0.4646,8.9509,0.4906,0.3495,0.3201,1.0396,3.3499,1.7324,4.94,4.94,60.82,57.81,57.81,10.08,6.46,0.641,104.3,99.5,21.5,49.3,120.3,13.0,23.6,110.8,6.0,119.1,40.1,40.1
1027,default,0.2571,7.4388,1.2196,1.0983,14.4331,0.544,-0.2975,0.5974,1.1992,7.4677,4.2517,3.93,4.16,62.15,59.7,59.06,6.52,8.24,1.264,113.4,110.3,20.9,50.8,121.8,10.6,19.3,93.3,5.6,116.2,30.5,35.0
1028,default,0.4119,4.3614,1.3702,0.4524,16.4564,0.5266,0.1916,0.8498,0.5246,1.2959,6.0291,4.95,4.95,60.84,57.83,57.83,10.37,6.8,0.656,113.3,111.1,21.6,49.0,120.4,10.4,18.0,84.4,6.0,119.2,36.6,36.6
1029,default,0.4616,6.2142,1.1923,0.9463,8.677,0.8005,0.4167,0.8843,0.7574,2.3847,6.6591,4.94,4.94,61.13,58.11,58.11,17.67,14.89,0.843,118.6,114.7,22.0,48.1,128.2,9.8,17.5,84.1,5.4,110.8,34.9,35.0
1030,default,0.5853,4.5546,1.3163,0.8552,4.2908,0.8643,0.5475,0.5108,1.3633,5.6723,3.7882,7.41,7.41,58.37,54.04,54.04,39.35,25.06,0.637,108.8,101.9,25.1,40.7,139.4,12.4,21.5,98.7,5.6,104.5,53.4,53.4
1031,default,0.4953,5.3059,1.9469,1.0478,5.4431,0.2322,0.4274,0.373,1.3262,1.8884,6.1263,4.88,4.88,61.26,58.27,58.27,28.78,26.44,0.919,114.5,107.3,22.9,46.0,139.2,11.2,21.3,105.3,4.8,101.2,37.3,37.3
1032,default,0.3854,5.2792,1.6286,0.5378,7.1644,0.7021,-0.2508,0.3607,0.6909,2.4002,1.9739,4.79,4.79,61.32,58.38,58.38,19.54,17.52,0.897,105.1,101.8,22.7,46.3,128.2,12.4,22.7,106.3,5.6,111.7,39.2,39.2
1033,default,0.5855,3.2565,0.7633,1.1019,3.4154,0.2534,0.3348,0.2313,0.8786,2.3714,6.2255,6.01,6.01,59.92,56.32,56.32,48.16,40.29,0.837,111.0,102.9,25.8,39.2,155.7,12.2,23.1,111.4,4.5,91.5,46.8,46.8
1034,default,0.5381,5.7926,0.4429,0.5866,4.6697,0.466,0.5951,0.1855,0.8261,1.4386,2.9222,6.16,6.74,58.01,54.44,54.44,31.13,18.01,0.579,107.1,125.3,23.3,42.6,131.4,8.2,18.5,115.0,7.9,115.9,49.5,52.1
1035,default,0.5162,7.3384,1.0523,0.4632,3.4395,0.4654,0.164,0.2299,0.7383,2.1862,3.0169,7.04,7.04,58.19,54.09,54.09,37.2,23.25,0.625,103.1,126.8,24.8,39.0,134.2,8.0,18.0,109.9,8.1,117.9,48.3,48.3
1036,default,0.3956,6.3853,1.7737,0.9196,3.2266,0.4569,-0.1727,0.3558,1.1204,1.2737,4.163,4.54,4.54,61.91,59.1,58.94,32.62,32.61,1.0,108.4,104.6,24.5,42.2,142.9,11.8,22.1,105.8,4.9,99.6,37.2,37.2
1037,default,0.2795,6.0367,1.426,0.2456,5.8552,0.3999,-0.0755,0.1385,1.0944,1.0011,2.1413,4.83,5.56,59.74,56.85,56.77,16.78,10.48,0.625,102.1,116.0,22.3,45.7,121.0,9.6,20.0,113.1,7.9,124.2,42.9,46.6
1038,default,0.2895,3.5248,0.5114,0.6896,7.1539,0.5281,-0.1664,0.0412,1.4304,1.8445,1.652,5.21,5.21,60.53,57.38,57.38,15.96,11.12,0.697,98.8,95.0,22.8,46.3,122.3,14.3,26.3,117.2,6.2,118.7,44.6,44.6
1039,default,0.4866,3.1197,1.4659,0.255,16.5689,0.7579,0.5303,0.1612,0.6693,1.3999,1.8191,5.88,5.88,59.65,56.14,56.14,12.12,3.77,0.311,99.2,94.4,22.2,47.6,117.8,14.5,25.8,114.7,6.5,123.3,47.6,47.6
1040,default,0.3566,5.3962,0.6994,0.5699,15.1215,0.3908,0.4082,0.6088,0.8058,8.1963,6.0897,4.87,4.87,60.92,57.95,57.95,8.59,5.34,0.622,110.3,106.7,21.3,49.8,119.5,11.3,20.0,94.2,6.0,119.8,37.1,37.1
1041,default,0.4051,4.7189,0.3155,0.9721,4.4419,0.2542,0.0492,0.9182,1.326,3.3168,8.1542,5.1,5.1,60.71,57.62,57.62,26.69,22.53,0.844,115.1,113.1,24.3,42.7,134.7,10.1,17.4,81.7,5.5,107.7,39.7,39.7
1042,default,0.3373,4.131,1.8897,1.0847,7.5903,0.8979,0.3834,0.4811,0.6714,4.2287,5.7142,4.13,4.22,62.22,59.65,59.03,16.11,17.67,1.097,115.2,109.2,21.2,50.0,130.2,10.8,20.6,102.8,4.9,107.5,31.3,35.1
1043,default,0.5845,4.1819,1.1019,0.8862,16.3504,0.4254,0.5304,0.7488,1.2626,1.7031,5.7183,5.29,5.29,60.63,57.42,57.42,13.71,8.96,0.654,113.4,109.6,21.9,48.4,122.9,10.7,18.7,88.3,5.9,116.4,38.1,38.1
1044,default,0.5293,4.1413,1.5804,0.6463,12.2971,0.7587,0.4845,0.6892,1.4949,3.5583,4.0434,5.62,5.62,60.22,56.84,56.84,16.45,10.05,0.611,111.9,108.2,22.3,47.3,123.7,11.0,19.0,88.8,6.0,116.3,40.7,40.7
1045,default,0.5719,6.0576,1.9936,1.0576,11.3655,0.6687,0.4602,0.4296,0.9762,5.7118,3.8805,4.87,4.87,61.37,58.38,58.38,17.96,15.92,0.886,113.3,107.6,21.8,48.5,128.9,11.1,20.5,99.8,5.3,109.6,35.6,35.6
1046,default,0.4114,6.8476,0.4511,0.564,4.2859,0.8079,0.4486,0.8649,1.149,1.5083,1.4931,5.4,5.61,59.58,56.36,56.36,23.7,16.0,0.675,117.2,127.7,22.7,45.3,128.9,7.9,15.6,85.6,6.8,114.6,40.2,42.2
1047,default,0.2776,4.2505,1.0874,0.6696,5.9819,0.3741,0.4528,0.0654,1.0435,1.1848,4.7804,5.02,5.02,60.77,57.72,57.72,14.13,10.25,0.725,103.0,96.8,21.8,48.5,123.8,13.8,26.1,120.6,5.8,115.7,41.9,41.9
1048,default,0.3438,2.9603,1.9587,0.8582,5.2766,0.4744,-0.2283,0.4009,0.5937,1.0318,1.963,4.21,4.29,62.08,59.47,59.01,23.17,24.23,1.046,109.8,106.3,23.2,45.3,134.9,11.4,21.3,102.5,5.1,105.4,34.9,35.6
1049,default,0.5994,6.0242,1.8627,0.9937,3.3766,0.5348,0.5105,0.2603,0.6789,1.0349,1.8502,6.79,6.79,59.31,55.28,55.28,44.21,33.39,0.755,110.8,102.1,25.0,40.9,147.8,12.4,22.9,108.9,4.9,96.7,48.9,48.9
1050,default,0.3627,5.6627,1.0637,0.5471,14.4002,0.8131,-0.146,0.7729,1.3196,2.6723,8.0964,4.72,4.72,61.21,58.32,58.32,10.25,8.06,0.786,113.2,111.4,21.5,49.2,120.8,10.4,18.1,84.9,5.9,118.4,35.0,35.0
1051,default,0.2665,2.6956,1.1016,0.8329,4.9131,0.5091,-0.2173,0.7626,1.4085,2.7768,5.3238,4.53,4.61,61.41,58.63,58.48,18.59,17.3,0.931,113.5,111.8,22.9,46.0,128.7,10.3,18.3,86.1,5.6,111.7,36.0,36.6
1052,default,0.5784,5.8218,0.508,0.3257,7.1175,0.3828,0.1362,0.4685,1.1149,7.6894,2.9718,8.58,8.58,56.84,51.96,51.96,30.12,9.96,0.331,92.5,91.7,25.9,38.7,119.9,15.3,23.7,96.6,7.6,126.3,66.0,66.0
1053,default,0.5135,4.128,1.4386,0.5607,11.9968,0.4445,0.0769,0.3265,0.5858,1.352,4.0754,5.59,5.59,60.2,56.84,56.84,17.19,10.8,0.628,103.1,99.7,23.0,45.7,123.5,13.0,22.7,103.5,6.2,117.5,44.4,44.4
1054,default,0.2935,7.0432,0.3051,0.7947,10.7597,0.3205,0.4711,0.8163,1.1076,1.9422,4.495,4.63,4.63,61.24,58.4,58.4,8.85,6.89,0.779,114.3,110.8,21.1,50.2,120.9,10.5,18.6,89.0,5.8,117.9,34.4,35.0
1055,default,0.2802,4.0887,1.2669,0.4077,6.9342,0.7288,0.4265,0.7219,0.9228,3.8943,5.1457,5.34,5.34,60.29,57.07,57.07,13.44,7.73,0.575,110.6,107.3,22.0,48.1,121.4,11.2,19.4,90.1,6.1,118.9,40.5,40.5
1056,default,0.2891,7.1969,1.6477,1.1762,5.8842,0.8398,0.5199,0.6031,1.0096,8.3164,1.4209,4.1,4.27,62.05,59.51,58.98,13.8,14.96,1.084,117.4,111.8,21.0,50.4,128.2,10.3,19.3,96.4,5.1,109.6,31.1,35.1
1057,default,0.5428,5.3527,0.5738,0.5579,4.5722,0.6087,-0.0662,0.3495,0.6038,2.595,5.0769,5.28,6.44,58.71,55.61,55.5,36.0,27.61,0.767,109.7,155.6,24.0,39.1,136.2,5.3,14.1,105.2,9.1,115.2,43.7,52.1
1058,default,0.3556,2.7682,1.7673,0.753,7.7162,0.3412,-0.2373,0.1206,1.4526,1.1613,4.2518,5.21,5.21,60.68,57.51,57.51,19.76,15.29,0.774,100.0,96.8,23.4,44.7,125.6,13.8,24.5,111.9,6.1,115.7,44.1,44.1
1059,default,0.2646,5.5878,0.7074,1.1125,6.6282,0.6887,0.4258,0.7937,0.6064,4.7586,1.3276,4.2,4.24,62.01,59.4,58.99,12.02,12.88,1.072,119.4,115.2,21.0,50.5,126.3,9.7,17.8,87.8,5.2,111.5,30.1,35.0
1060,default,0.3357,2.1,1.415,0.3378,15.3109,0.7613,-0.154,0.294,0.6103,5.1728,4.2191,4.77,4.77,61.1,58.18,58.18,9.95,7.36,0.74,104.2,100.6,21.6,49.1,120.2,12.8,23.0,107.5,6.0,119.2,38.9,38.9
1061,default,0.4369,3.964,1.9832,0.5451,3.6491,0.4796,-0.1848,0.3653,1.4182,3.1362,4.3087,6.58,6.58,59.08,55.19,55.19,40.72,29.69,0.729,98.5,97.4,26.3,37.9,136.1,13.6,23.0,100.0,6.1,109.1,54.3,54.3
1062,default,0.2906,4.1175,1.5144,1.0272,3.2332,0.5213,-0.237,0.8291,0.6151,1.1647,3.2882,3.7,4.24,62.68,60.36,58.97,24.07,27.64,1.148,121.0,119.0,23.1,45.5,139.0,9.1,16.9,83.2,4.8,101.5,28.2,35.3
1063,default,0.3197,7.9035,1.2206,1.0603,12.4951,0.7731,0.2091,0.8572,0.7363,2.3333,3.1158,4.05,4.14,62.14,59.63,59.09,8.5,10.0,1.176,118.5,115.2,20.7,51.3,123.5,9.7,17.7,86.5,5.4,114.0,29.2,35.0
1064,default,0.3369,2.3385,1.2538,0.6824,3.8641,0.2452,0.5945,0.7649,0.9608,1.4614,3.4588,4.78,5.61,59.96,57.09,56.72,24.29,20.18,0.831,124.1,152.6,21.7,46.4,131.5,5.5,12.9,87.7,7.9,114.6,34.5,42.4
1065,default,0.5627,2.7392,1.7149,0.5694,4.3662,0.2449,0.5464,0.5863,1.3161,2.9582,2.3688,7.94,7.94,57.43,52.87,52.87,40.38,22.77,0.564,110.8,128.4,24.7,39.7,136.1,7.8,16.3,94.5,7.5,114.2,50.8,50.8
1066,default,0.5609,5.1591,1.0788,0.5914,7.9153,0.5803,0.5564,0.5593,1.4159,1.4041,3.5375,5.02,5.87,59.42,56.44,56.42,22.83,16.19,0.709,116.6,143.3,21.8,45.9,128.4,6.3,14.7,98.0,8.3,117.9,37.9,44.3
1067,default,0.2551,7.5948,0.5982,0.8663,5.5059,0.5362,-0.1823,0.3708,0.9617,1.9556,4.7602,4.56,4.56,61.41,58.61,58.61,13.94,12.57,0.902,105.9,102.2,22.3,47.5,124.8,12.3,22.4,105.8,5.7,115.0,37.9,37.9
1068,default,0.3973,3.242,1.1586,0.5743,11.9033,0.8591,-0.108,0.9838,0.9255,8.7161,3.0169,4.7,4.7,61.31,58.43,58.43,14.11,12.23,0.867,117.5,116.4,21.9,48.3,124.6,9.5,16.6,78.3,5.7,114.6,33.9,35.0
1069,default,0.5827,6.3135,1.8001,0.7923,7.6255,0.2448,0.1557,0.9517,0.9872,2.6914,4.3653,6.19,6.19,59.71,56.01,56.01,25.46,16.74,0.658,111.3,109.8,24.3,42.7,128.8,10.7,17.7,80.3,6.1,113.3,44.6,44.6
1070,default,0.3716,2.5405,0.3239,0.5435,15.1096,0.3387,-0.2429,0.5077,0.7616,2.5701,8.0963,5.26,5.26,60.44,57.25,57.25,11.85,6.64,0.56,103.9,101.8,22.6,46.8,119.1,12.5,21.3,97.1,6.4,122.1,42.1,42.1
1071,default,0.2891,6.8291,1.6516,0.2389,10.4126,0.2376,-0.1997,0.3559,1.027,3.9562,6.7406,5.47,5.47,60.02,56.73,56.73,11.67,5.01,0.429,100.4,98.0,22.6,46.6,116.9,13.4,22.8,102.5,6.7,125.1,45.2,45.2
1072,default,0.5352,4.9672,0.9625,0.8,6.4532,0.3452,-0.2178,0.1616,0.5691,2.6436,4.7149,6.21,6.21,59.69,55.98,55.98,29.33,20.52,0.7,96.2,94.0,25.6,39.5,131.6,14.6,25.5,110.7,6.2,112.1,51.8,51.8
1073,default,0.3624,2.0194,1.7739,0.8398,8.4073,0.8735,0.5612,0.8519,1.4515,2.9493,6.8315,5.02,5.02,60.83,57.78,57.78,16.02,12.29,0.767,116.4,112.2,21.9,48.4,125.8,10.3,18.1,86.7,5.6,113.5,36.6,36.6
1074,default,0.5334,4.2892,0.615,0.2479,11.9891,0.2973,0.1283,0.71,0.6052,3.0081,2.3535,6.77,6.77,58.68,54.71,54.71,17.8,5.42,0.304,100.4,99.0,23.9,43.6,118.0,13.2,21.2,92.0,7.0,125.4,51.9,51.9
1075,default,0.4027,7.9948,0.3768,0.7144,11.4414,0.6074,-0.0177,0.8644,1.3864,1.1286,2.0024,5.0,5.0,60.84,57.8,57.8,12.8,9.14,0.714,111.9,110.1,22.1,47.8,121.5,10.6,18.3,85.0,6.1,118.6,37.5,37.5
1076,default,0.3749,2.194,1.3752,1.0405,4.8558,0.6409,0.4018,0.8164,1.487,8.8995,5.3967,4.47,4.47,61.71,58.96,58.84,24.99,24.6,0.984,123.3,118.1,22.3,47.5,137.3,9.3,17.3,86.1,4.7,102.2,31.9,35.1
1077,default,0.4857,3.3141,0.8866,1.0702,4.5517,0.4874,0.1406,0.3796,0.8895,1.225,8.5747,4.42,4.42,61.8,59.06,58.85,32.91,32.82,0.997,115.7,109.9,23.8,43.7,146.1,10.7,20.6,101.7,4.5,96.4,35.0,35.9
1078,default,0.2832,4.6689,1.573,0.2506,7.7278,0.2473,0.3016,0.6581,1.276,1.6897,8.0634,5.7,5.7,59.79,56.38,56.38,13.32,5.67,0.426,106.1,103.5,22.4,47.1,118.4,12.1,20.3,92.2,6.5,123.0,44.1,44.1
1079,default,0.4379,4.8744,1.8362,0.3715,9.4867,0.8045,-0.153,0.4866,0.9267,4.1322,3.743,5.01,5.01,61.04,57.98,57.98,19.21,16.04,0.835,108.3,105.7,22.5,46.9,126.5,11.5,20.6,95.8,5.7,113.3,39.0,39.0
1080,default,0.5286,6.8491,1.7949,0.4718,3.9075,0.3368,-0.0163,0.3692,0.5954,9.4649,2.7156,8.22,8.22,57.35,52.63,52.63,39.15,20.89,0.534,93.1,92.4,27.3,35.4,131.3,15.1,23.8,98.8,6.9,115.4,65.1,65.1
1081,default,0.4161,3.7913,1.1522,0.2668,4.3782,0.8388,-0.0003,0.9186,0.6701,6.4772,0.9693,6.83,6.83,58.64,54.63,54.63,29.88,17.29,0.579,107.0,107.0,24.9,41.3,128.2,11.3,18.5,80.0,6.4,115.4,51.6,51.6
1082,default,0.3165,7.0555,1.2132,0.9141,5.0849,0.3913,0.4823,0.7524,0.9637,1.3674,0.3955,4.74,4.74,61.27,58.37,58.37,17.09,15.05,0.881,116.4,111.4,21.8,48.6,128.4,10.4,18.9,92.0,5.3,110.6,35.1,35.7
1083,default,0.3255,4.8666,1.6155,0.4157,4.4599,0.5345,0.4676,0.8243,0.5753,1.9702,3.682,4.71,5.66,59.92,57.1,56.7,20.43,16.45,0.805,122.3,153.7,21.4,46.9,127.2,5.5,12.7,85.8,8.4,119.0,34.2,42.3
1084,default,0.4759,6.4382,1.0119,1.0011,17.2847,0.5884,-0.1098,0.6457,1.1736,3.9543,6.4402,4.34,4.34,61.76,59.08,58.99,10.4,10.35,0.995,111.4,108.1,21.5,49.2,123.6,11.0,19.9,95.4,5.6,115.1,33.8,35.0
1085,default,0.4752,6.0985,1.4134,0.8861,17.4505,0.8914,0.2122,0.1014,0.6555,1.1994,0.2169,4.38,4.38,61.75,59.05,59.05,10.52,10.38,0.987,106.2,100.6,21.1,50.3,123.7,12.7,24.0,116.0,5.5,114.3,35.8,35.8
1086,default,0.5704,7.1166,1.4365,0.5239,11.8033,0.8581,0.5221,0.5676,1.3903,7.7966,3.0163,6.19,6.19,59.56,55.87,55.87,16.56,7.43,0.449,106.3,102.3,22.7,46.4,121.3,12.3,21.0,95.7,6.4,119.7,45.7,45.7
1087,default,0.3199,7.1559,1.6351,0.4991,6.1481,0.3368,0.4329,0.1988,1.3679,1.8591,3.7601,5.36,5.36,60.36,57.12,57.12,15.19,9.6,0.632,103.4,98.0,22.1,47.8,123.0,13.4,24.2,113.2,6.0,117.1,43.4,43.4
1088,default,0.4368,5.0181,0.872,1.1787,3.9138,0.3769,0.424,0.3484,0.7604,1.2258,2.3878,4.36,4.39,61.89,59.19,58.89,29.56,29.83,1.009,117.6,109.5,22.6,46.7,143.1,10.8,21.3,107.9,4.3,97.3,33.8,35.8
1089,default,0.3594,4.7706,1.3326,1.1975,5.7398,0.2366,0.5359,0.8663,1.2178,7.9751,1.2988,4.4,4.4,61.79,59.08,58.92,18.98,18.92,0.997,122.2,116.8,21.6,49.0,132.1,9.5,17.5,87.2,4.9,106.4,31.2,35.1
1090,default,0.4085,4.3549,1.4608,1.1372,11.9789,0.2656,-0.2718,0.345,1.1811,2.0328,6.6641,4.46,4.46,61.73,58.97,58.97,14.57,14.21,0.975,107.3,104.0,22.5,46.9,126.2,11.9,21.5,102.3,5.7,113.3,36.3,36.3
1091,default,0.3758,7.0491,0.3601,0.4718,14.4212,0.6919,0.0211,0.6094,1.1956,1.5535,6.4445,5.23,5.23,60.51,57.35,57.35,10.72,5.78,0.539,106.9,104.4,21.9,48.3,118.4,11.8,20.4,93.6,6.3,122.0,40.2,40.2
1092,default,0.4608,5.0118,0.7321,0.3427,19.8661,0.6981,0.351,0.9888,0.9113,8.032,1.1082,5.25,5.25,60.44,57.27,57.27,9.25,4.08,0.441,114.1,112.6,21.6,49.1,118.0,10.2,17.1,79.2,6.3,122.1,37.5,37.5
1093,default,0.3687,5.5791,1.5147,0.5742,4.0424,0.675,0.1392,0.5883,1.0267,1.4987,1.616,5.25,5.25,60.74,57.55,57.55,25.49,21.13,0.829,112.9,109.3,23.2,45.3,133.1,10.8,19.4,91.3,5.4,107.6,39.6,39.6
1094,default,0.4402,5.8883,0.9244,0.6779,17.0995,0.4233,0.0521,0.7798,1.477,3.1446,2.9484,5.08,5.08,60.76,57.67,57.67,10.59,6.56,0.619,109.9,107.7,21.9,48.3,119.5,11.1,19.1,88.6,6.2,120.4,38.2,38.2
1095,default,0.3247,3.2822,0.5068,0.8108,8.8722,0.5596,0.059,0.5992,1.399,2.7603,3.9093,4.6,4.6,61.33,58.5,58.5,13.73,12.06,0.878,109.6,105.8,22.0,48.1,125.0,11.5,20.8,99.1,5.7,114.4,36.8,36.8
1096,default,0.4716,7.5461,0.5062,0.6767,3.5141,0.3891,0.0666,0.1551,1.0026,7.9364,5.3058,6.89,6.89,58.59,54.56,54.56,33.88,21.09,0.622,93.8,90.0,25.9,38.9,132.0,15.9,29.1,119.5,6.3,112.9,59.2,59.2
1097,default,0.4341,2.133,1.7841,0.8166,7.6534,0.5828,0.0111,0.5529,1.2659,1.6004,3.9614,4.43,4.43,61.73,59.0,58.92,22.17,21.89,0.987,112.9,108.9,22.8,46.3,133.7,10.9,20.2,97.3,5.1,106.2,35.0,35.5
1098,default,0.3118,5.1831,0.8162,1.1779,18.2204,0.4995,0.4359,0.7549,1.1373,1.2763,4.7885,4.19,4.19,61.84,59.25,59.06,6.49,6.93,1.068,116.6,113.1,20.6,51.5,121.0,10.1,18.1,88.1,5.6,116.9,30.7,35.0
1099,default,0.3915,3.4818,1.6166,0.8972,7.5339,0.278,-0.2681,0.6245,1.2198,8.1464,2.9687,4.91,4.91,61.05,58.05,58.05,21.63,18.67,0.863,108.2,106.6,23.8,43.9,129.2,11.4,19.7,91.5,5.8,112.3,39.7,39.7
1100,default,0.5924,6.2487,0.6775,0.7155,13.3012,0.2948,0.5397,0.1319,0.6887,4.0819,4.4584,5.64,5.64,60.14,56.75,56.75,14.98,8.34,0.557,102.7,97.1,22.3,47.5,122.4,13.7,24.6,113.9,6.1,117.8,44.5,44.5
1101,default,0.3754,7.9959,0.9175,0.3756,18.5002,0.6406,-0.1655,0.9463,1.2236,7.0945,2.5671,5.01,5.01,60.74,57.69,57.69,8.87,4.89,0.551,112.4,111.5,21.7,48.9,117.6,10.4,17.5,80.6,6.3,122.6,36.9,36.9
1102,default,0.5057,2.7913,1.472,1.0892,12.9956,0.49,-0.1556,0.7883,0.7871,4.7174,2.7475,4.22,4.22,62.1,59.49,59.07,16.24,17.33,1.067,116.2,113.8,22.3,47.5,129.7,10.0,18.1,87.3,5.3,109.3,31.6,35.0
1103,default,0.3904,4.847,1.0962,1.1608,10.0746,0.3364,0.4194,0.1429,0.8916,6.4001,3.5744,4.37,4.37,61.82,59.12,59.01,13.56,13.61,1.004,109.5,103.2,21.3,49.9,127.0,12.1,23.0,112.8,5.2,111.0,34.8,35.4
1104,default,0.3389,7.6689,0.4774,1.026,5.4839,0.8778,0.0464,0.9951,0.8243,1.5314,2.5181,3.94,4.19,62.38,59.92,59.02,16.74,19.06,1.139,122.5,119.4,21.6,49.0,131.7,9.1,16.8,82.7,4.9,106.6,28.3,35.0
1105,default,0.5174,2.5259,1.1991,0.3202,4.0133,0.3545,0.3141,0.3874,1.1489,5.631,3.4991,9.44,9.44,55.78,50.52,50.52,40.94,16.74,0.409,92.0,89.6,26.9,36.4,127.8,16.1,25.7,102.1,7.2,119.2,73.2,73.2
1106,default,0.41,3.9966,1.9888,1.1634,4.518,0.8293,-0.1042,0.852,1.3996,1.9566,1.8433,2.97,4.1,64.63,62.71,59.1,31.48,41.63,1.322,130.4,127.2,22.5,46.9,150.9,8.0,16.1,83.8,3.7,90.0,17.9,35.0
1107,default,0.4818,6.6917,1.0166,0.9003,10.7905,0.8318,-0.2366,0.8551,1.4514,2.2176,4.5259,4.22,4.23,62.05,59.43,59.04,16.23,17.16,1.057,116.7,114.6,22.0,48.2,129.1,9.8,17.8,85.6,5.3,109.6,31.4,35.0
1108,default,0.3357,5.794,1.2386,1.038,7.1014,0.7603,0.4475,0.3707,0.7912,4.1158,1.703,4.34,4.34,61.85,59.17,59.0,15.04,15.24,1.013,112.6,106.4,21.3,49.7,128.5,11.4,21.5,106.2,5.1,109.6,33.7,35.3
1109,default,0.3857,7.7924,1.366,0.7991,16.7948,0.7762,0.2066,0.658,0.5823,9.7588,6.4011,4.35,4.35,61.71,59.02,59.02,8.27,8.05,0.973,113.1,109.3,20.9,50.8,121.7,10.8,19.5,94.1,5.6,116.4,32.8,35.0
1110,default,0.4169,5.7726,0.4461,0.9386,5.2026,0.6167,-0.2189,0.4482,0.9198,2.7785,7.1306,4.71,4.71,61.41,58.52,58.52,24.81,23.18,0.934,107.2,104.1,23.7,44.0,133.9,11.9,21.8,102.6,5.4,107.2,39.0,39.0
1111,default,0.3262,4.0663,1.3918,0.5641,3.5155,0.5529,-0.1313,0.8842,0.8382,4.8216,3.7317,5.54,5.54,60.2,56.87,56.87,27.47,21.18,0.771,111.5,111.1,24.4,42.4,131.6,10.4,17.7,80.5,5.8,111.0,43.1,43.1
1112,default,0.3485,3.5265,1.5772,0.2316,14.3778,0.7085,0.2074,0.9008,0.6657,3.2765,6.464,5.04,5.04,60.73,57.67,57.67,10.13,6.11,0.603,113.0,110.9,21.5,49.3,119.4,10.5,18.0,84.0,6.1,120.2,37.0,37.0
1113,default,0.2597,3.2231,1.7225,0.3158,3.1019,0.8659,-0.1965,0.5657,0.5606,3.656,7.2158,4.94,4.94,61.11,58.09,58.09,24.39,21.56,0.884,110.8,108.7,23.0,45.7,131.3,10.9,19.8,92.2,5.4,109.1,38.6,38.6
1114,default,0.4354,4.7124,1.4844,1.0268,10.2641,0.6146,0.0892,0.2421,1.2417,5.1237,8.7264,4.22,4.22,62.07,59.45,59.06,16.05,17.05,1.062,109.3,103.8,21.7,48.7,129.7,12.0,22.8,111.3,5.1,108.8,34.3,35.3
1115,default,0.3443,2.1904,0.6659,0.8373,11.8256,0.6629,-0.0519,0.0204,1.1777,3.7928,4.4906,4.54,4.54,61.48,58.69,58.69,11.84,10.68,0.902,101.2,95.9,21.7,48.7,123.7,14.0,27.6,125.4,5.7,115.4,39.4,39.4
1116,default,0.5319,4.6089,1.5191,0.2053,3.926,0.2939,-0.1656,0.1358,1.1971,8.4642,0.9538,11.24,11.24,53.9,47.84,47.84,47.11,15.35,0.326,76.0,78.9,29.6,30.0,119.7,20.7,31.9,106.2,8.7,132.5,92.5,92.5
1117,default,0.4107,2.3627,0.8115,0.8988,5.7347,0.4776,0.2189,0.8335,0.786,4.0823,4.826,4.92,4.92,61.13,58.12,58.12,24.43,21.67,0.887,116.4,112.3,23.0,45.7,134.6,10.2,18.6,89.5,5.2,105.8,36.8,36.8
1118,default,0.3304,6.2628,1.6617,0.7477,3.2079,0.3269,0.2978,0.9366,1.1098,1.5125,6.4742,4.99,4.99,60.91,57.86,57.86,24.09,20.63,0.856,119.1,115.6,23.0,45.8,133.2,9.7,17.2,82.3,5.3,107.4,36.9,37.0
1119,default,0.2698,5.6886,1.7673,0.998,3.2651,0.5441,0.0178,0.0594,1.1277,7.749,6.1824,4.02,4.25,62.34,59.84,58.96,21.19,23.29,1.099,107.2,101.0,22.4,47.2,135.1,12.6,25.1,122.1,4.9,104.2,34.7,35.7
1120,default,0.4588,2.7397,0.3475,0.3758,5.2585,0.6334,0.1397,0.4458,0.6909,3.0488,4.9011,7.46,7.46,57.96,53.64,53.64,29.56,14.15,0.479,97.9,95.7,25.1,40.7,125.2,14.1,23.3,99.4,6.8,119.0,58.3,58.3
1121,default,0.4652,3.4593,1.3292,0.2363,10.6139,0.665,-0.223,0.2392,0.8873,1.173,1.9036,6.09,6.09,59.61,55.98,55.98,19.86,11.06,0.557,96.9,94.6,23.6,44.3,121.6,14.4,25.2,109.4,6.6,120.6,50.0,50.0
1122,default,0.4125,5.6302,1.9467,0.4649,15.3665,0.8714,0.2152,0.9772,0.6409,2.6277,2.3488,4.72,4.72,61.24,58.35,58.35,10.67,8.56,0.802,117.3,115.2,21.3,49.8,121.6,9.7,16.9,80.4,5.8,117.1,33.5,35.0
1123,default,0.3481,5.3556,1.8731,0.9694,3.2684,0.7499,0.4666,0.0695,0.985,1.0111,4.6433,4.51,4.51,61.62,58.84,58.77,26.32,25.61,0.973,110.2,101.6,22.3,47.4,138.2,12.5,25.0,123.7,4.6,101.5,37.3,37.3
1124,default,0.5689,4.0932,1.6863,1.0248,4.2792,0.2462,-0.2269,0.9279,1.0599,1.515,2.9989,6.55,6.55,59.44,55.55,55.55,45.81,35.77,0.781,106.5,108.1,27.7,34.4,144.6,11.0,17.8,78.3,5.8,102.8,50.1,50.1
1125,default,0.303,4.0835,1.8753,0.2989,6.8341,0.6186,-0.1005,0.6901,1.352,3.2271,3.1433,5.52,5.52,60.22,56.9,56.9,18.53,12.33,0.665,107.5,106.0,22.9,45.9,122.5,11.5,19.5,88.5,6.2,118.7,42.6,42.6
1126,default,0.3433,3.4476,0.7723,0.7706,6.9537,0.2164,-0.0596,0.7594,1.2014,1.4606,4.9078,5.42,5.42,60.27,57.0,57.0,19.07,13.16,0.69,109.2,108.0,23.6,44.4,124.7,11.0,18.5,84.5,6.2,117.1,42.4,42.4
1127,default,0.4243,3.5341,0.4625,0.6038,8.8308,0.5873,0.3193,0.0105,1.2925,6.6101,2.2716,5.66,5.66,60.15,56.75,56.75,17.52,10.87,0.62,99.2,93.6,22.6,46.7,124.1,14.7,28.3,124.0,6.0,116.3,46.6,46.6
1128,default,0.2762,2.7699,0.4975,0.7828,3.7439,0.4717,0.2253,0.3559,0.7351,6.0306,0.526,5.06,5.06,60.83,57.75,57.75,20.39,16.6,0.814,107.9,102.9,22.7,46.3,129.5,12.2,22.3,105.7,5.5,110.7,40.6,40.6
1129,default,0.5594,4.9238,1.7835,0.8228,19.4558,0.2336,-0.0138,0.1337,0.6992,4.3103,8.8084,5.21,5.21,60.69,57.53,57.53,12.55,8.1,0.645,99.9,95.8,22.5,47.0,121.1,14.1,25.5,115.7,6.2,119.2,42.8,42.8
1130,default,0.4399,6.3827,1.1142,0.5097,14.8616,0.4503,-0.0125,0.7678,1.2816,9.3597,8.9698,5.43,5.43,60.3,57.03,57.03,12.53,6.68,0.533,108.7,107.2,22.4,47.2,119.0,11.2,18.8,85.8,6.4,121.9,40.8,40.8
1131,default,0.581,7.5643,0.3532,0.8097,3.1165,0.2078,-0.1007,0.441,0.7069,6.5151,2.9936,8.28,8.28,57.21,52.48,52.48,45.79,27.1,0.592,91.7,91.9,28.8,32.0,137.2,15.3,23.8,98.2,6.8,111.7,67.8,67.8
1132,default,0.4391,7.5358,0.5997,0.3012,9.1129,0.4468,0.053,0.8768,0.9144,4.4915,0.71,6.26,6.26,59.2,55.49,55.49,17.33,7.16,0.413,106.2,105.7,23.5,44.5,119.0,11.6,18.6,82.1,6.8,123.8,47.3,47.3
1133,default,0.3926,3.6185,1.8912,0.3555,13.8607,0.8259,0.1237,0.5714,0.6687,3.2832,0.3921,4.81,4.81,61.13,58.19,58.19,12.07,9.49,0.786,110.8,107.5,21.5,49.3,122.1,11.2,19.9,93.9,5.8,116.9,36.5,36.5
1134,default,0.5982,5.3997,0.7061,0.5728,12.8425,0.314,0.4493,0.7789,0.8576,1.6313,7.7866,5.87,5.87,59.81,56.3,56.3,16.35,8.45,0.517,110.6,107.5,22.6,46.7,122.3,11.2,18.9,86.9,6.2,118.4,43.1,43.1
1135,default,0.4406,2.8811,1.2905,0.3928,7.4503,0.8945,-0.2926,0.1818,1.4604,3.5662,4.2351,5.64,5.64,60.24,56.84,56.84,26.2,19.82,0.756,100.2,97.7,23.6,44.3,128.2,13.5,24.5,109.1,5.9,113.2,46.3,46.3
1136,default,0.2616,3.7207,1.8864,0.5172,3.6723,0.2789,-0.1509,0.7598,1.4117,3.1924,3.38,5.93,5.93,59.5,55.97,55.97,23.39,14.6,0.624,105.1,104.8,24.3,42.6,123.9,11.7,19.2,84.9,6.5,119.6,47.6,47.6
1137,default,0.3897,3.2587,1.4621,0.3961,17.0286,0.8389,-0.2942,0.564,1.2643,1.6742,5.0941,4.69,4.69,61.29,58.41,58.41,11.4,9.45,0.829,109.2,106.7,21.6,49.1,121.2,11.3,20.2,94.4,5.9,118.0,36.4,36.4
1138,default,0.3511,5.2651,0.8132,0.3266,10.4494,0.5127,-0.0425,0.7938,0.8741,1.2757,7.5125,5.57,5.57,60.02,56.68,56.68,13.31,6.48,0.487,107.2,105.9,22.7,46.5,118.9,11.5,19.2,86.7,6.5,122.6,42.8,42.8
1139,default,0.5633,4.8922,0.6974,1.1567,3.5779,0.5075,-0.1893,0.6334,1.2461,6.5102,4.9892,5.29,5.29,61.0,57.77,57.77,47.76,43.98,0.921,110.2,108.4,26.8,36.7,154.5,11.0,20.0,93.0,4.8,93.0,41.2,41.2
1140,default,0.579,6.3306,1.7571,0.7255,5.2639,0.8508,0.3277,0.1096,0.795,1.4713,2.5748,6.04,6.04,59.98,56.36,56.36,33.44,25.69,0.768,104.5,97.7,24.0,43.3,138.4,13.5,25.7,118.0,5.3,103.5,47.0,47.0
1141,default,0.391,2.6918,1.9908,0.6444,12.3664,0.7634,0.1305,0.6923,0.613,7.0992,4.6267,4.38,4.38,61.76,59.05,59.03,13.47,13.33,0.99,115.6,112.2,21.3,49.8,125.5,10.3,18.7,90.1,5.4,112.6,32.5,35.0
1142,default,0.2734,3.2772,0.8125,0.4136,8.6573,0.3591,0.1736,0.5702,0.7155,6.8983,0.8072,5.26,5.26,60.34,57.17,57.17,11.93,6.5,0.545,106.0,102.9,22.2,47.7,119.8,12.2,21.1,97.2,6.3,120.9,41.7,41.7
1143,default,0.4832,7.5444,1.6506,0.3905,12.3471,0.6867,0.0094,0.7679,0.7411,1.0209,4.1648,5.36,5.36,60.52,57.28,57.28,15.15,10.0,0.66,110.2,108.3,22.4,47.1,122.1,11.0,18.8,86.3,6.1,118.1,39.8,39.8
1144,default,0.4287,4.888,1.7755,0.6872,8.637,0.2323,0.0972,0.0054,0.837,1.6769,3.3807,5.62,5.62,60.18,56.8,56.8,18.14,11.65,0.642,97.4,92.8,23.3,45.1,124.1,15.0,28.1,122.2,6.2,117.2,47.7,47.7
1145,default,0.3184,3.8199,0.8769,1.0992,11.8685,0.3989,0.3449,0.5475,1.3697,3.452,2.8175,4.26,4.26,61.86,59.23,59.06,9.9,10.27,1.037,113.5,108.9,20.9,50.7,123.9,10.9,20.1,97.8,5.4,114.0,32.6,35.0
1146,default,0.5004,6.207,1.5219,1.0183,6.5011,0.466,-0.2736,0.4187,0.9734,2.1219,3.8826,4.63,4.63,61.61,58.76,58.76,27.2,26.23,0.964,107.8,105.2,24.1,43.1,136.5,11.7,21.2,99.9,5.3,105.0,37.9,37.9
1147,default,0.5594,4.7523,0.7516,0.5441,19.8131,0.686,0.2407,0.0338,0.9567,2.5718,5.4818,5.27,5.27,60.53,57.33,57.33,11.53,6.54,0.567,99.7,94.7,21.8,48.5,120.1,14.4,27.1,120.8,6.1,119.8,43.6,43.6
1148,default,0.4032,6.1397,0.5921,0.7131,3.8268,0.5295,0.0015,0.1645,0.6887,1.051,1.23,5.83,5.83,59.85,56.37,56.37,27.98,20.28,0.725,99.3,95.4,24.7,41.8,131.9,14.2,25.8,114.3,5.9,111.0,49.7,49.7
1149,default,0.4498,6.4956,0.8779,0.6991,5.7348,0.5411,-0.218,0.9017,1.471,1.3926,3.5978,6.27,6.27,59.45,55.73,55.73,28.43,18.91,0.665,106.9,107.6,24.9,41.2,127.4,11.1,18.1,79.4,6.4,115.8,47.5,47.5
1150,default,0.2982,5.2093,0.7067,0.4435,3.0789,0.5351,0.5322,0.2524,1.3081,1.0392,4.8768,4.81,5.9,59.53,56.66,56.18,21.92,17.73,0.809,114.1,149.7,21.3,46.3,127.6,5.8,14.9,111.1,9.3,121.0,37.6,47.3
1151,default,0.2987,6.2717,0.7546,1.0228,4.2021,0.8618,-0.0744,0.9809,1.1541,4.7731,3.6243,3.78,4.18,62.58,60.22,59.03,18.72,21.88,1.169,124.4,122.0,21.9,48.3,134.3,8.7,16.1,79.6,4.8,104.4,26.9,35.0
1152,default,0.447,5.7348,1.8837,0.6972,11.5903,0.8148,0.147,0.8665,0.942,2.6888,4.5046,4.4,4.4,61.82,59.1,59.04,15.18,15.17,0.999,119.0,116.0,21.4,49.5,127.3,9.6,17.3,83.9,5.3,110.9,31.3,35.0
1153,default,0.2724,6.1678,1.783,1.048,15.1201,0.7755,-0.0931,0.5357,1.2971,5.3882,1.6448,3.76,4.12,62.36,60.02,59.09,7.16,9.76,1.363,113.2,109.1,20.5,51.7,122.8,10.8,20.2,98.8,5.4,114.6,29.6,35.0
1154,default,0.5901,5.2343,0.3448,1.038,10.2914,0.5613,0.2836,0.0243,1.0682,2.7135,2.1025,5.11,5.11,60.98,57.87,57.87,19.92,16.43,0.825,103.3,96.8,22.5,47.0,129.7,13.8,27.1,124.3,5.4,109.8,41.8,41.8
1155,default,0.316,6.4419,1.2224,1.1455,4.5233,0.864,-0.2849,0.7063,0.7038,9.2984,2.3208,2.96,4.13,64.06,62.16,59.1,19.56,28.19,1.441,121.6,118.0,21.7,48.8,139.8,9.3,18.4,93.6,4.3,98.6,21.7,35.0
1156,default,0.4628,4.3287,0.9287,0.6574,3.5958,0.818,0.1841,0.5517,1.4498,3.0423,3.7243,6.03,6.03,59.77,56.17,56.17,34.75,26.47,0.762,109.7,105.3,24.5,42.2,139.3,11.6,21.1,97.0,5.3,103.6,46.1,46.1
1157,default,0.4504,4.3242,1.6483,0.292,7.5665,0.6266,-0.1911,0.8039,0.6651,2.0418,2.3407,6.12,6.12,59.62,55.97,55.97,24.5,15.66,0.639,105.9,105.7,24.2,42.9,125.6,11.5,19.2,84.7,6.4,116.9,46.8,46.8
1158,default,0.515,2.4364,1.0032,0.5544,4.3494,0.8094,0.2001,0.3338,1.399,4.1943,3.3628,7.26,7.26,58.35,54.12,54.12,38.47,24.41,0.635,99.8,95.5,25.4,40.0,136.3,14.1,25.3,109.3,5.9,107.9,56.7,56.7
1159,default,0.316,5.8865,1.1343,1.107,16.6318,0.7964,0.5623,0.0302,1.4303,1.4055,2.1868,4.24,4.24,61.78,59.16,59.04,6.81,6.99,1.026,104.3,98.0,20.6,51.5,121.1,13.4,26.2,124.1,5.6,116.8,35.8,35.8
1160,default,0.4054,3.3441,0.9686,1.1122,8.98,0.7535,0.423,0.9422,0.5125,1.6283,5.3825,4.44,4.44,61.73,58.99,58.99,16.41,16.1,0.981,122.3,118.4,21.5,49.2,129.4,9.2,16.7,82.1,5.1,108.9,30.9,35.0
1161,default,0.5871,5.334,1.2708,1.1714,3.9921,0.3057,0.0427,0.5227,0.9622,3.9298,4.2507,5.33,5.33,60.8,57.56,57.56,40.93,36.57,0.893,111.3,107.4,26.0,38.7,149.9,11.2,20.2,96.0,4.9,96.0,42.2,42.2
1162,default,0.4153,2.2143,0.3353,1.0578,4.4485,0.4041,0.4516,0.1857,1.0132,3.7945,2.3741,4.99,4.99,61.08,58.03,58.03,29.6,26.59,0.898,110.2,102.0,23.0,45.8,139.8,12.4,24.1,118.7,4.8,101.0,40.0,40.0
1163,default,0.2718,4.6251,1.0324,0.4988,3.0111,0.4929,0.0447,0.3718,1.3281,9.5933,5.6747,5.84,5.84,59.57,56.09,56.09,23.35,14.89,0.638,101.1,98.0,23.9,43.5,125.9,13.4,23.2,104.2,6.2,116.8,49.1,49.1
1164,default,0.3083,7.0486,1.5802,0.492,4.2824,0.2904,0.2442,0.2541,1.4638,1.0205,4.9404,5.75,5.75,59.83,56.38,56.38,19.6,11.95,0.61,102.3,98.1,23.2,45.3,124.2,13.4,23.4,106.8,6.2,117.4,46.8,46.8
1165,default,0.5361,2.8522,1.634,0.3504,17.4961,0.4389,0.4163,0.2485,1.1279,2.1399,1.9608,5.79,5.79,59.91,56.44,56.44,13.51,5.98,0.443,101.4,97.0,22.2,47.6,119.5,13.7,24.0,109.6,6.4,121.2,45.5,45.5
1166,default,0.4788,7.7093,1.246,0.2305,5.7028,0.4516,0.4352,0.9024,0.8993,1.0474,7.6842,4.89,6.44,58.73,55.86,55.36,23.51,18.8,0.8,126.8,197.2,20.9,45.2,125.8,3.3,9.4,84.1,11.6,127.6,33.2,48.0
1167,default,0.5341,7.8624,0.6755,1.0293,13.5066,0.248,0.3102,0.5661,0.7906,3.5459,5.898,4.83,4.83,61.21,58.25,58.25,13.45,11.05,0.822,110.8,106.5,21.9,48.4,124.8,11.4,20.5,97.8,5.7,114.3,36.7,36.7
1168,default,0.4628,5.6998,0.4646,0.9222,9.4795,0.6738,0.3974,0.2408,1.0707,1.7814,2.8829,5.16,5.16,60.78,57.64,57.64,16.71,12.59,0.753,105.3,99.5,22.2,47.7,126.1,13.0,24.0,113.8,5.7,113.4,41.2,41.2
1169,default,0.5469,5.0774,0.4837,1.0341,4.3056,0.5786,0.3041,0.5516,1.3472,1.9294,2.9168,5.51,5.51,60.68,57.34,57.34,36.88,31.89,0.865,114.5,107.9,24.1,43.0,145.4,11.1,21.0,101.3,4.7,97.4,40.7,40.7
1170,default,0.266,2.8383,1.0317,0.5814,10.4444,0.8611,-0.1294,0.5905,0.8674,2.4321,3.6338,4.52,4.52,61.49,58.71,58.71,9.98,8.89,0.891,110.9,107.9,21.4,49.6,122.0,11.1,19.9,94.4,5.8,116.8,34.9,35.2
1171,default,0.5034,4.4425,1.9732,0.779,15.5829,0.3355,-0.2947,0.8173,0.8138,2.7218,3.8666,5.02,5.02,60.97,57.91,57.91,15.22,11.85,0.779,109.1,107.7,22.8,46.2,123.3,11.1,19.1,88.1,6.1,117.1,38.5,38.5
1172,default,0.4415,5.7439,1.8732,0.4787,15.775,0.8964,0.4312,0.5412,0.5391,3.425,1.4751,5.11,5.11,60.67,57.56,57.56,10.57,6.23,0.589,107.6,103.5,21.6,49.2,120.0,12.0,21.3,99.7,6.0,119.5,39.5,39.5
1173,default,0.396,3.0519,0.9506,0.9199,4.3978,0.5702,0.2804,0.8233,0.6368,1.9957,2.4511,4.58,4.61,61.5,58.68,58.64,27.23,26.07,0.957,121.2,116.3,22.8,46.3,139.0,9.5,17.9,87.8,4.7,101.3,33.9,35.5
1174,default,0.327,3.8447,1.6749,0.4988,3.7813,0.544,-0.2802,0.5938,0.8772,1.8972,4.9429,5.49,5.49,60.37,57.06,57.06,28.26,22.51,0.797,105.1,104.0,24.5,42.2,131.4,11.9,20.7,93.5,5.9,111.2,44.5,44.5
1175,default,0.4021,6.4686,0.7881,0.6678,16.6124,0.4179,-0.0952,0.337,1.3843,1.5104,5.7804,5.02,5.02,60.74,57.69,57.69,10.55,6.57,0.623,103.4,100.1,22.0,48.1,119.1,12.9,22.6,104.6,6.2,121.2,40.8,40.8
1176,default,0.5238,3.3784,1.4137,0.285,3.9378,0.4464,-0.0319,0.7836,1.2631,4.201,5.2335,7.25,8.52,55.61,51.57,51.57,45.64,24.46,0.536,107.1,162.5,25.8,34.3,130.6,4.9,11.5,81.0,9.9,123.8,58.6,64.5
1177,default,0.3874,5.2966,1.1426,1.0998,10.7731,0.812,-0.1414,0.8706,0.7124,1.353,6.9099,3.78,4.13,62.53,60.16,59.09,12.67,15.68,1.238,120.7,118.1,21.3,49.9,128.5,9.3,17.0,83.7,5.1,109.2,27.2,35.0
1178,default,0.458,4.0149,0.7693,0.6503,16.8356,0.7619,-0.1823,0.4274,0.6938,1.2328,6.7212,4.84,4.84,61.15,58.19,58.19,11.82,9.26,0.783,106.0,102.7,21.9,48.3,122.0,12.2,22.0,102.5,5.9,117.5,38.4,38.4
1179,default,0.4494,2.7028,1.4901,1.0744,4.6272,0.6355,-0.1759,0.6076,0.7644,2.2356,7.1752,3.18,4.19,63.01,61.01,59.06,31.96,37.35,1.169,119.9,116.0,23.6,44.4,148.8,9.6,18.9,95.0,4.2,93.7,27.2,35.2
1180,default,0.3848,4.4358,0.777,0.6396,18.412,0.2785,0.5854,0.2057,1.4433,2.196,4.3583,4.89,4.89,60.88,57.9,57.9,8.22,4.84,0.589,104.5,99.3,21.2,50.0,119.1,13.1,23.7,111.9,6.0,120.1,39.4,39.4
1181,default,0.3769,4.2237,0.6838,0.5419,3.2632,0.6539,0.2977,0.66,0.8214,3.2191,6.1691,6.14,6.14,59.49,55.83,55.83,28.63,19.43,0.679,109.1,104.9,24.0,43.5,132.3,11.7,20.6,94.2,5.7,109.8,47.1,47.1
1182,default,0.4861,3.4485,0.3799,0.297,4.9332,0.625,0.309,0.3038,1.3805,3.5554,2.576,6.99,7.46,56.99,53.01,53.01,32.28,15.14,0.469,100.2,118.9,24.2,40.8,125.2,9.1,19.1,107.7,8.4,123.3,57.4,58.0
1183,default,0.3803,2.2876,1.6685,0.6489,16.048,0.631,0.4711,0.944,0.6144,4.9204,5.158,4.85,4.85,60.99,58.04,58.04,9.98,6.98,0.699,115.7,112.9,21.3,49.8,120.8,10.1,17.6,83.5,5.9,118.2,35.1,35.1
1184,default,0.4291,3.5213,0.3761,0.6648,3.501,0.724,0.3497,0.4389,0.7652,1.6586,3.6253,4.75,5.88,59.82,56.97,56.39,32.12,27.31,0.85,118.1,147.0,22.6,44.0,138.6,6.0,15.0,104.3,7.6,109.1,37.8,46.0
1185,default,0.3399,2.6263,1.1401,0.8553,8.2107,0.7715,0.4375,0.243,0.7399,1.7662,3.2693,4.69,4.69,61.28,58.41,58.41,14.91,12.96,0.869,109.3,103.6,21.6,49.0,126.4,12.0,22.3,107.6,5.4,112.4,37.3,37.3
1186,default,0.3423,5.9216,1.4441,0.2986,6.8351,0.6027,0.564,0.8265,1.4825,5.3292,4.1381,6.09,6.09,59.29,55.68,55.68,15.45,5.82,0.377,108.5,105.4,22.7,46.6,119.6,11.6,19.4,87.7,6.5,122.1,46.0,46.0
1187,default,0.5042,6.6504,0.6459,0.978,9.7822,0.3758,0.5412,0.3647,1.2755,3.025,3.8068,5.16,5.16,60.82,57.68,57.68,17.05,13.04,0.765,108.5,102.4,22.1,48.0,126.7,12.3,22.5,107.8,5.6,112.6,39.9,39.9
1188,default,0.4539,7.4539,1.1246,0.6536,3.7603,0.4838,0.3558,0.6492,0.6481,1.527,3.6065,6.03,6.03,59.71,56.11,56.11,28.8,20.38,0.708,112.0,107.3,23.8,43.8,133.9,11.2,19.7,91.4,5.6,108.0,44.9,44.9
1189,default,0.4485,5.1558,0.9606,0.8731,12.4619,0.5703,0.0866,0.2378,0.9204,1.745,6.1749,4.63,4.63,61.42,58.57,58.57,13.36,11.88,0.889,105.6,100.7,21.9,48.4,125.2,12.7,23.5,112.1,5.6,113.8,37.9,37.9
1190,default,0.4077,5.1235,1.9836,1.1168,16.8151,0.5639,0.4431,0.9099,1.2645,1.6007,1.017,4.23,4.23,61.88,59.26,59.04,9.36,9.83,1.05,119.3,115.8,20.8,51.0,123.3,9.6,17.3,84.6,5.4,114.4,30.2,35.0
1191,default,0.3949,3.7232,1.4939,1.065,3.53,0.2081,-0.0941,0.4479,1.0277,5.7888,3.0344,4.79,4.79,61.28,58.34,58.34,31.92,29.8,0.934,108.2,104.9,25.1,40.7,141.5,11.7,21.1,100.2,5.2,102.1,40.4,40.4
1192,default,0.5107,3.6897,0.8597,0.3409,12.0239,0.405,0.1554,0.7744,1.1016,6.5154,3.8285,6.53,6.53,59.02,55.16,55.16,18.48,7.36,0.398,103.8,102.3,23.6,44.4,119.3,12.3,20.1,88.2,6.8,123.4,49.3,49.3
1193,default,0.3579,5.7239,0.9733,0.7007,10.442,0.451,0.0932,0.6849,0.7283,3.1055,3.3383,4.86,4.86,61.04,58.07,58.07,12.0,9.1,0.758,110.6,107.6,22.0,48.2,122.5,11.1,19.6,92.0,5.9,117.1,37.3,37.3
1194,default,0.469,5.2671,0.3675,1.1989,3.8307,0.3088,-0.2459,0.2689,0.6176,6.0122,2.8901,4.54,4.54,61.72,58.92,58.72,34.28,33.78,0.985,105.1,101.8,25.6,39.5,145.2,12.5,23.1,109.6,5.1,99.3,39.7,39.7
1195,default,0.3568,3.8458,1.1554,0.3559,7.5741,0.6209,0.3714,0.9065,0.66,1.3353,4.3325,5.81,5.81,59.78,56.31,56.31,16.37,8.51,0.52,111.9,109.6,22.6,46.7,121.9,10.7,18.1,82.5,6.2,119.1,42.6,42.6
1196,default,0.3084,4.8327,1.1977,0.5581,3.2569,0.6783,0.2591,0.3538,0.5932,2.0263,0.4142,5.49,5.49,60.3,56.98,56.98,23.26,17.3,0.744,108.2,103.5,23.1,45.6,130.1,12.0,21.7,101.4,5.6,110.6,43.1,43.1
1197,default,0.5727,3.4808,1.0393,0.3894,4.4857,0.4612,0.0352,0.2924,1.2225,8.6408,3.3955,10.09,10.09,55.25,49.68,49.68,44.95,18.36,0.408,85.9,86.5,28.2,33.3,126.0,17.2,26.7,100.2,7.7,122.8,79.5,79.5
1198,default,0.3608,4.2614,0.5679,1.1345,12.5146,0.3212,0.1284,0.0961,0.7922,3.2236,4.6092,4.3,4.3,61.83,59.17,59.01,10.74,10.94,1.019,104.5,98.8,21.5,49.4,124.5,13.2,25.4,120.8,5.5,113.9,36.5,36.5
1199,default,0.5738,2.5592,1.4651,0.6294,6.3336,0.3689,-0.1916,0.7484,1.2343,5.3203,5.2548,7.65,7.65,57.96,53.52,53.52,39.02,23.27,0.596,98.7,100.4,27.0,36.2,130.6,12.8,20.0,83.3,6.8,115.5,58.9,58.9
1200,default,0.584,5.7047,0.4671,0.9535,10.2505,0.338,-0.0718,0.9198,1.3837,3.0617,2.0325,6.02,6.02,59.92,56.31,56.31,22.31,14.42,0.646,108.6,108.2,24.1,43.1,125.2,11.0,18.1,81.3,6.4,116.8,44.0,44.0
1201,default,0.3178,4.206,0.9601,0.242,17.6257,0.2801,0.5745,0.1952,1.3706,5.1814,4.7101,5.09,5.09,60.49,57.41,57.41,7.16,2.4,0.335,102.1,97.4,21.3,49.8,116.8,13.6,24.2,112.6,6.3,123.3,41.7,41.7
1202,default,0.3588,4.8248,1.795,1.0641,17.0419,0.2431,-0.023,0.9674,0.8565,4.9713,2.2073,4.26,4.26,61.83,59.19,59.02,8.24,8.51,1.033,118.5,116.8,21.3,49.8,122.1,9.5,16.5,79.6,5.7,116.4,30.5,35.0
1203,default,0.5349,3.2254,0.6179,0.4579,7.5168,0.7352,0.3428,0.5781,0.8067,3.137,2.8487,6.99,6.99,58.58,54.48,54.48,24.96,11.92,0.478,102.8,99.5,24.1,43.2,124.7,13.0,21.9,96.2,6.5,118.0,52.8,52.8
1204,default,0.3831,4.3392,0.8061,0.4368,3.7051,0.4735,-0.0516,0.7141,0.8113,8.1081,8.4189,7.28,7.28,58.13,53.89,53.89,31.56,16.87,0.535,100.7,100.9,25.9,38.9,126.9,12.7,20.1,85.4,6.8,118.3,56.6,56.6
1205,default,0.4785,6.5682,1.7553,0.6017,9.8247,0.5207,-0.2662,0.4495,1.1917,3.4147,4.7821,5.36,5.36,60.64,57.39,57.39,20.32,15.48,0.762,103.4,101.1,23.3,44.9,125.4,12.6,22.0,100.2,6.1,115.5,42.7,42.7
1206,default,0.367,4.9176,0.7804,0.9882,7.8203,0.3249,-0.0768,0.9812,1.292,8.6564,0.8714,4.83,4.83,61.21,58.25,58.25,17.35,14.95,0.862,115.0,113.6,22.9,45.9,127.1,10.0,17.2,81.1,5.8,113.2,36.0,36.0
1207,default,0.4996,2.1705,1.7026,1.0612,3.5761,0.5985,0.0753,0.5802,0.7373,6.7109,7.2263,3.71,4.18,62.5,60.19,59.06,44.08,47.14,1.069,123.1,117.2,24.4,42.4,159.6,9.4,18.9,96.3,3.7,86.4,29.1,35.2
1208,default,0.2599,5.9129,1.7057,0.59,18.0204,0.8533,0.1273,0.9458,1.3815,6.0358,3.1268,4.27,4.27,61.7,59.06,59.05,5.75,5.65,0.983,118.2,116.2,20.6,51.5,119.4,9.6,16.8,80.6,5.7,118.7,30.4,35.0
1209,default,0.5398,2.1028,0.8581,0.5218,7.7706,0.4471,0.032,0.7587,1.4939,1.4239,4.6553,5.32,6.41,58.72,55.59,55.52,29.55,20.97,0.71,115.8,160.3,23.2,41.7,128.6,5.0,12.1,85.1,9.3,121.3,40.8,48.7
1210,default,0.2757,4.8652,0.4044,0.2274,14.0613,0.7765,-0.2263,0.6597,1.2591,2.3565,4.5067,5.18,5.18,60.45,57.32,57.32,9.91,4.9,0.494,106.4,104.5,21.9,48.5,117.0,11.8,20.2,92.2,6.4,123.7,40.5,40.5
1211,default,0.3522,5.8319,1.0956,0.4566,19.9937,0.2661,0.1959,0.1188,0.8571,2.41,2.1705,4.9,4.9,60.81,57.83,57.83,7.19,3.61,0.502,101.3,96.8,21.4,49.6,117.5,13.8,25.0,115.3,6.2,122.3,40.7,40.7
1212,default,0.5265,3.7998,0.7898,0.6031,12.2829,0.5594,0.187,0.329,0.9257,7.4765,1.2391,5.51,5.51,60.27,56.95,56.95,16.91,10.84,0.641,104.5,100.6,22.7,46.6,123.8,12.7,22.6,103.8,6.0,116.7,43.7,43.7
1213,default,0.43,4.956,0.5641,0.8102,6.3792,0.5596,0.1886,0.0691,0.7797,1.9624,6.4087,5.21,5.21,60.81,57.64,57.64,21.03,16.91,0.804,102.5,96.6,22.9,46.0,129.9,13.8,26.7,121.8,5.5,110.3,43.1,43.1
1214,default,0.5971,5.8995,0.4495,0.8533,6.2212,0.6459,0.1372,0.5831,1.2934,5.4394,4.0405,5.97,5.97,60.03,56.45,56.45,30.05,22.56,0.751,109.5,106.0,24.2,42.8,134.5,11.5,20.3,93.2,5.6,107.4,44.3,44.3
1215,default,0.4043,6.8537,0.9741,0.5193,11.5119,0.8187,0.1978,0.4256,1.0758,2.0817,5.0606,5.07,5.07,60.79,57.71,57.71,12.22,8.29,0.678,106.8,102.8,21.8,48.6,121.7,12.2,21.8,101.8,6.0,117.9,39.6,39.6
1216,default,0.4359,2.2974,0.4096,0.7602,3.3094,0.3403,0.5137,0.6477,1.0848,6.534,3.7904,6.44,6.44,59.14,55.33,55.33,35.68,25.05,0.702,113.4,107.2,24.4,42.4,138.8,11.2,19.8,92.4,5.4,104.3,48.0,48.0
1217,default,0.586,2.3005,1.778,1.0428,10.8444,0.8782,0.1734,0.1587,0.6387,7.2082,3.5058,4.29,4.29,62.12,59.45,59.08,23.76,24.75,1.042,110.7,104.2,22.1,48.0,136.3,11.9,23.4,115.6,4.7,102.6,34.2,35.2
1218,default,0.44,2.6591,0.3203,0.2678,10.4217,0.3351,0.0489,0.3932,1.3528,1.0201,4.5937,5.14,6.24,58.78,55.75,55.71,19.89,11.91,0.599,106.2,141.6,22.1,44.4,120.0,6.4,15.3,105.0,9.9,129.8,42.4,50.0
1219,default,0.5507,5.1663,0.9527,1.0113,8.3214,0.3731,0.459,0.009,1.2238,1.7419,1.2715,5.22,5.22,60.82,57.64,57.64,21.98,17.86,0.813,104.3,96.9,22.5,46.8,131.3,13.7,27.1,125.4,5.3,108.3,42.3,42.3
1220,default,0.344,5.8227,0.4764,0.4305,15.5039,0.7762,0.0295,0.5815,1.2992,3.7629,3.723,4.98,4.98,60.75,57.72,57.72,9.35,5.45,0.583,108.2,105.5,21.6,49.1,118.4,11.6,20.2,93.5,6.2,121.6,38.6,38.6
1221,default,0.2708,4.5134,0.7599,0.8168,9.1271,0.6107,0.1823,0.475,0.7735,8.0931,2.6856,4.4,4.4,61.66,58.95,58.95,10.57,10.15,0.96,110.0,105.5,21.2,49.9,123.7,11.6,21.4,102.9,5.5,114.7,34.7,35.2
1222,default,0.4492,4.4599,1.2926,0.2119,12.8551,0.5434,-0.0439,0.2375,0.8875,8.3457,7.3237,6.0,6.0,59.58,56.0,56.0,15.48,6.74,0.435,97.8,95.0,23.1,45.5,118.6,14.3,24.5,108.2,6.7,123.5,49.1,49.1
1223,default,0.5821,5.9005,1.1722,0.6838,14.8437,0.7054,0.4609,0.937,1.4493,5.1684,2.2655,5.43,5.43,60.45,57.17,57.17,13.91,8.44,0.607,115.1,112.3,22.0,48.0,122.4,10.2,17.5,81.8,6.0,117.3,38.2,38.2
1224,default,0.2863,6.2541,0.9495,1.0037,6.7717,0.695,-0.2692,0.6892,0.5362,4.4157,7.1079,4.01,4.19,62.3,59.8,59.06,13.21,15.19,1.15,114.7,111.9,21.7,48.8,127.9,10.3,19.0,92.0,5.3,110.5,30.8,35.1
1225,default,0.3816,3.9435,1.8662,0.7592,5.6225,0.2027,-0.1857,0.319,0.8991,2.0407,4.9393,5.82,5.82,59.91,56.42,56.42,24.97,17.43,0.698,100.3,98.5,24.8,41.5,127.7,13.3,22.5,100.6,6.3,115.3,48.0,48.0
1226,default,0.4099,3.2581,0.7795,0.7134,7.4991,0.5991,-0.0637,0.6714,0.815,3.3007,4.9958,5.39,5.39,60.48,57.22,57.22,20.82,15.51,0.745,107.9,105.7,23.4,44.7,127.3,11.5,20.1,92.3,5.9,113.8,42.0,42.0
1227,default,0.4649,2.1865,1.4854,0.5184,5.4755,0.7937,0.5269,0.5728,0.7688,3.9754,3.2212,7.13,7.13,58.38,54.22,54.22,27.65,13.88,0.502,105.5,101.0,24.2,42.9,127.4,12.6,21.1,94.4,6.3,115.3,53.0,53.0
1228,default,0.2929,3.0348,1.009,0.9222,11.8126,0.2409,0.519,0.6397,0.5794,2.5326,1.4271,4.5,4.5,61.44,58.67,58.67,9.32,8.11,0.87,114.4,110.4,21.0,50.5,122.0,10.6,19.0,91.7,5.6,116.4,33.7,35.0
1229,default,0.2945,5.2996,1.5008,0.3043,5.6371,0.3287,-0.2144,0.3975,0.9498,3.4776,7.475,6.06,6.06,59.39,55.79,55.79,19.2,9.87,0.514,99.1,97.8,24.0,43.4,120.3,13.5,22.3,97.9,6.8,123.1,49.9,49.9
1230,default,0.4437,7.6376,1.0903,0.322,10.6418,0.6179,0.0854,0.5253,0.6794,2.1155,2.9045,5.64,5.64,60.05,56.66,56.66,14.35,7.47,0.521,103.4,100.4,22.6,46.7,120.3,12.8,22.0,100.0,6.4,120.7,44.3,44.3
1231,default,0.3826,3.5393,1.0067,0.594,7.9767,0.3277,-0.0677,0.1954,1.1117,5.4796,6.7067,5.84,5.84,59.79,56.29,56.29,19.43,11.52,0.593,97.4,94.2,23.7,44.0,122.8,14.5,25.6,112.5,6.5,119.4,49.2,49.2
1232,default,0.4521,6.208,1.8438,0.3421,3.1951,0.867,0.3561,0.5067,0.5998,1.0294,2.0206,6.22,6.36,58.45,54.82,54.82,34.37,22.31,0.649,110.0,124.5,23.9,42.0,134.1,8.3,17.4,98.7,7.1,112.1,48.4,49.2
1233,default,0.36,5.0555,0.6138,0.482,10.6936,0.7052,-0.1959,0.2531,1.2813,2.408,4.1998,5.44,5.44,60.24,56.97,56.97,14.78,8.77,0.593,100.1,97.1,22.6,46.6,120.0,13.7,24.0,108.4,6.4,121.2,44.7,44.7
1234,default,0.5883,4.6444,0.3127,1.111,17.8235,0.6076,0.3044,0.0839,1.2665,1.7251,0.9615,4.67,4.67,61.47,58.6,58.6,12.91,11.5,0.891,104.8,98.7,21.5,49.3,125.0,13.2,25.4,120.2,5.5,113.4,38.0,38.0
1235,default,0.568,4.5483,1.7311,0.67,3.9812,0.6955,0.3486,0.7846,0.713,1.2552,6.5328,4.64,5.8,59.86,57.08,56.65,40.77,38.83,0.952,136.1,204.2,22.1,42.7,147.3,3.1,9.4,85.6,9.0,105.6,29.1,42.5
1236,default,0.4367,6.4403,1.6443,1.1657,7.4155,0.5614,0.1816,0.8521,1.3103,3.8407,0.7353,3.8,4.16,62.59,60.21,59.06,19.56,22.68,1.16,123.4,119.1,21.6,49.0,134.8,9.1,17.1,86.0,4.7,103.4,26.8,35.0
1237,default,0.302,4.3744,0.7081,0.4279,7.7468,0.4478,0.0422,0.9885,1.2732,3.3938,5.7221,5.59,5.59,59.97,56.62,56.62,15.45,8.45,0.547,110.8,110.1,22.8,46.1,120.3,10.7,17.6,79.7,6.4,121.3,42.1,42.1
1238,default,0.2591,3.2728,1.9984,0.9106,3.6235,0.8417,0.0127,0.621,1.2442,2.8391,2.6439,3.35,4.15,63.06,60.94,59.09,21.47,26.67,1.242,121.8,117.3,21.5,49.3,137.2,9.4,18.3,92.8,4.4,101.0,25.2,35.0
1239,default,0.2761,4.7357,0.3417,0.3021,7.4799,0.6486,-0.0125,0.2284,0.5643,1.879,0.6695,5.47,5.47,60.05,56.77,56.77,13.09,6.53,0.499,98.9,95.3,22.6,46.8,119.2,14.2,25.3,112.9,6.4,122.3,46.2,46.2
1240,default,0.4768,4.1329,1.1805,0.7264,6.3895,0.3887,-0.1972,0.583,1.48,7.7362,5.7827,6.4,6.4,59.26,55.47,55.47,29.95,19.71,0.658,101.5,101.2,25.3,40.2,128.2,12.6,20.7,90.4,6.5,115.7,50.8,50.8
1241,default,0.4606,4.9756,0.6596,0.4531,4.3443,0.5436,0.3631,0.5265,0.7835,1.1287,3.95,5.16,6.34,58.81,55.78,55.58,29.13,20.35,0.699,115.3,147.6,22.6,43.7,131.7,5.9,14.4,98.7,8.4,116.5,41.2,48.7
1242,default,0.2777,3.9287,1.7132,0.3185,6.7294,0.6439,0.2114,0.1649,1.2967,3.6069,5.2844,5.14,5.14,60.63,57.52,57.52,14.77,10.32,0.699,103.3,98.6,22.0,48.2,122.8,13.3,24.1,112.5,5.9,117.0,42.1,42.1
1243,default,0.5052,4.1998,1.9259,0.2191,8.7623,0.5238,-0.0268,0.1655,1.4836,4.1634,1.8272,7.45,7.45,58.09,53.76,53.76,27.39,12.3,0.449,91.1,89.2,24.9,41.2,120.4,16.2,27.8,111.8,7.2,124.1,61.1,61.1
1244,default,0.3462,7.5938,0.5063,0.6847,6.3545,0.5658,0.4968,0.441,0.8075,9.7209,2.4173,5.24,5.24,60.51,57.34,57.34,15.37,10.41,0.677,110.0,105.2,22.1,47.9,124.1,11.7,20.7,97.7,5.8,115.7,40.3,40.3
1245,default,0.4384,2.9465,1.3574,1.0545,5.7514,0.6407,-0.1584,0.4133,1.2922,3.488,7.0757,3.95,4.25,62.45,59.99,58.99,27.82,30.32,1.09,113.6,109.6,23.4,44.9,141.7,10.7,20.8,101.7,4.6,99.2,32.1,35.5
1246,default,0.3083,5.1639,1.5433,0.5124,15.0829,0.6239,0.2131,0.791,0.7108,3.079,4.6804,4.55,4.55,61.34,58.55,58.55,7.81,6.26,0.802,113.8,111.0,21.0,50.5,120.0,10.5,18.5,87.9,5.8,118.8,33.9,35.0
1247,default,0.5209,2.4758,0.8775,0.7479,7.2063,0.716,0.0432,0.7848,1.4185,1.7991,8.2409,5.65,5.65,60.4,56.98,56.98,27.86,21.88,0.785,112.8,110.7,23.9,43.5,133.5,10.5,18.5,85.3,5.6,108.0,41.4,41.4
1248,default,0.4488,7.6034,1.9924,0.7226,5.6766,0.7419,0.3828,0.793,0.8493,3.9568,1.5324,5.23,5.23,60.75,57.57,57.57,22.99,18.68,0.813,117.6,113.5,22.6,46.7,131.1,10.0,17.8,85.0,5.4,108.8,37.7,37.7
1249,default,0.4258,5.9735,0.5973,0.5869,4.9908,0.8891,0.5373,0.0023,1.0887,1.3696,2.1778,5.09,5.76,59.54,56.5,56.5,23.22,15.93,0.686,106.9,118.1,22.3,45.8,128.9,9.2,20.4,120.4,7.2,115.5,43.0,46.4
1250,default,0.3011,5.7503,0.771,0.5223,13.4812,0.7258,-0.066,0.6328,1.3258,7.9449,2.0268,4.71,4.71,61.07,58.19,58.19,9.0,6.45,0.717,109.2,106.5,21.5,49.4,119.5,11.4,20.0,93.8,6.0,120.1,36.8,36.8
1251,default,0.4947,7.9656,0.3141,0.5161,4.7389,0.774,0.4358,0.1346,1.2385,1.5741,5.1621,5.2,6.3,58.97,55.9,55.73,27.19,20.4,0.75,111.1,148.7,22.0,44.2,130.2,5.8,15.6,118.5,9.4,119.3,41.1,49.9
1252,default,0.5264,3.8224,1.0983,0.9052,15.0515,0.25,0.0938,0.2895,0.8111,1.5353,3.5924,5.08,5.08,60.85,57.76,57.76,14.47,10.69,0.739,105.2,101.4,22.5,46.8,124.0,12.6,22.3,104.4,6.0,116.1,40.6,40.6
1253,default,0.5064,6.0524,1.0355,1.0743,3.0123,0.7956,0.0175,0.7293,1.4275,6.1959,5.7445,3.81,4.25,62.49,60.11,58.99,39.74,42.58,1.071,123.3,118.2,24.2,42.8,156.6,9.2,18.4,92.3,3.9,88.5,29.5,35.4
1254,default,0.402,3.6217,1.1724,0.5863,18.6773,0.32,-0.2669,0.5802,0.6655,7.5052,2.9218,4.91,4.91,60.85,57.86,57.86,10.13,6.65,0.656,107.2,105.2,22.2,47.8,119.6,11.7,20.1,92.9,6.2,120.7,38.8,38.8
1255,default,0.3859,2.7841,1.7281,0.9761,6.7998,0.8484,-0.192,0.3124,0.7906,2.4909,6.9567,2.98,4.14,63.44,61.55,59.09,22.28,29.19,1.31,116.0,110.7,21.7,48.9,139.6,10.5,21.4,108.3,4.3,99.1,25.5,35.1
1256,default,0.4415,2.6792,1.0479,1.1175,12.1907,0.3936,0.0226,0.0641,1.1259,5.0569,7.1926,4.4,4.4,61.72,59.0,58.99,14.96,14.68,0.981,103.5,98.0,22.2,47.7,127.8,13.4,26.0,122.2,5.4,111.3,38.0,38.0
1257,default,0.4285,3.2148,0.7236,1.0592,9.7597,0.675,-0.0228,0.87,1.1494,7.3102,3.8247,4.28,4.28,62.01,59.36,59.01,16.67,17.4,1.044,118.2,115.4,22.1,47.8,130.2,9.7,17.6,85.5,5.2,108.6,31.4,35.0
1258,default,0.298,7.6837,1.0904,1.0118,4.0908,0.8586,0.2273,0.3356,0.9071,1.194,5.4927,3.98,4.24,62.35,59.87,58.99,17.76,19.94,1.123,114.5,108.5,21.5,49.3,132.8,11.0,21.2,105.8,4.8,105.3,31.4,35.5
1259,default,0.385,6.2783,1.4608,1.0654,14.2539,0.5218,0.1519,0.4622,0.7144,7.4273,3.669,4.21,4.21,61.99,59.37,59.07,9.88,10.66,1.079,111.6,107.1,21.1,50.4,124.0,11.2,20.8,101.0,5.4,113.9,32.6,35.0
1260,default,0.2817,3.9642,1.1417,0.3129,19.2846,0.2975,-0.1263,0.9601,0.8172,1.5652,5.5729,4.92,4.92,60.74,57.75,57.75,6.99,3.18,0.455,112.8,111.9,21.6,49.2,116.6,10.3,17.3,80.0,6.4,123.7,36.5,36.5
1261,default,0.2771,2.6446,1.4096,0.8082,4.4075,0.4865,0.3923,0.8083,1.2074,2.2259,0.8093,4.66,4.66,61.33,58.47,58.47,18.71,16.96,0.906,118.5,114.2,21.9,48.3,129.8,9.9,18.0,87.3,5.2,109.3,34.3,35.6
1262,default,0.3172,3.3007,0.9574,0.6516,4.3941,0.4857,0.0003,0.5683,0.9592,2.7486,5.8824,5.55,5.55,60.22,56.88,56.88,22.92,16.67,0.727,107.1,104.7,23.8,43.8,128.4,11.8,20.4,93.2,6.0,113.4,43.8,43.8
1263,default,0.5883,7.1675,0.7091,1.1911,3.7097,0.3219,0.166,0.6706,1.1149,1.0621,8.4126,4.99,4.99,61.31,58.25,58.25,39.54,37.13,0.939,118.5,113.3,25.1,40.7,151.3,10.0,18.7,91.5,4.5,93.5,36.8,36.8
1264,default,0.293,4.3454,1.0612,1.1325,12.1255,0.2611,-0.201,0.2575,1.4391,4.8727,6.0773,4.19,4.24,61.9,59.31,58.99,9.53,10.12,1.062,106.8,102.7,21.6,49.1,123.3,12.2,22.5,108.0,5.7,115.5,34.9,35.6
1265,default,0.2521,5.5266,1.4947,0.9954,6.8251,0.2331,0.1762,0.4317,1.3391,4.0625,6.4927,4.41,4.41,61.68,58.95,58.94,11.59,11.18,0.965,110.8,106.5,21.6,49.1,124.6,11.4,20.7,100.0,5.6,114.1,34.6,35.4
1266,default,0.5902,3.2295,1.5241,0.5076,4.2731,0.7567,0.3279,0.0929,1.3189,8.7855,5.1282,8.36,8.36,57.29,52.5,52.5,43.28,24.65,0.57,96.5,91.4,26.2,38.2,137.2,15.4,27.7,113.7,6.1,108.1,64.0,64.0
1267,default,0.2728,3.7834,1.61,0.617,12.2564,0.8328,-0.0204,0.1625,1.102,1.37,4.5938,4.35,4.35,61.69,59.01,59.01,9.02,8.76,0.971,105.9,101.2,21.1,50.3,121.9,12.6,23.4,112.0,5.7,116.5,35.7,35.7
1268,default,0.2794,2.4038,1.3233,0.9218,9.3792,0.7283,0.2391,0.9731,0.9889,1.9269,3.3972,4.25,4.25,61.93,59.3,59.05,11.49,12.06,1.05,120.4,117.5,21.1,50.4,125.2,9.3,16.9,82.1,5.3,112.7,30.0,35.0
1269,default,0.5086,6.8228,0.7221,0.6148,12.9063,0.2325,0.2839,0.6562,0.5564,2.214,4.8958,5.47,5.47,60.29,56.99,56.99,13.78,7.82,0.567,107.9,104.7,22.4,47.1,121.5,11.8,20.2,93.5,6.2,119.0,41.8,41.8
1270,default,0.4492,3.3855,0.3509,1.0449,7.6216,0.897,0.1641,0.1112,1.4128,9.3132,4.4457,4.4,4.4,61.81,59.1,58.94,20.56,20.56,1.0,107.0,100.4,22.2,47.7,133.2,12.8,25.5,122.4,5.0,105.8,36.9,36.9
1271,default,0.3716,5.2503,1.805,0.2092,15.9967,0.6024,0.2946,0.1075,0.7771,7.6736,7.9594,5.06,5.06,60.67,57.6,57.6,9.3,5.08,0.546,102.3,97.7,21.4,49.4,118.6,13.5,24.3,113.0,6.1,121.1,41.2,41.2
1272,default,0.3293,2.0791,1.2918,0.5775,17.6638,0.2127,-0.2995,0.9235,0.7167,4.4872,4.9561,4.95,4.95,60.8,57.79,57.79,9.34,5.66,0.606,111.7,111.0,22.1,47.9,118.6,10.5,17.6,81.0,6.3,121.9,37.2,37.2
1273,default,0.5533,5.1952,1.2346,0.6578,7.9327,0.556,0.4317,0.877,1.398,1.877,3.9008,6.22,6.22,59.57,55.86,55.86,23.6,14.45,0.612,112.1,108.4,23.4,44.8,128.0,11.0,18.8,86.2,5.9,113.2,44.8,44.8
1274,default,0.2913,3.9428,1.3951,0.7796,3.0444,0.661,0.4156,0.0241,1.3173,3.8199,6.4772,5.08,5.08,60.82,57.73,57.73,23.47,19.62,0.836,104.8,97.5,22.6,46.7,132.5,13.6,26.8,124.7,5.2,107.5,42.6,42.6
1275,default,0.4784,7.6123,1.3326,0.451,13.4428,0.7042,0.2874,0.5336,0.5793,2.1399,7.9461,5.19,5.19,60.61,57.47,57.47,12.46,7.85,0.63,108.6,104.9,21.9,48.5,121.4,11.7,20.6,96.1,6.0,118.3,39.7,39.7
1276,default,0.3371,6.9014,0.9203,0.3373,8.7154,0.426,0.1104,0.1371,0.7976,8.1606,1.3721,5.64,5.64,59.93,56.55,56.55,13.62,6.44,0.473,98.5,94.5,22.6,46.6,119.2,14.4,25.7,114.1,6.5,122.3,47.0,47.0
1277,default,0.3275,6.5314,1.6172,0.6036,10.7052,0.2427,0.5515,0.3496,1.0399,1.2145,8.3263,5.05,5.05,60.71,57.64,57.64,10.22,6.1,0.597,105.7,100.7,21.5,49.4,120.1,12.7,22.8,107.4,6.0,119.3,40.0,40.0
1278,default,0.2712,7.313,0.5887,0.6499,7.4283,0.2546,-0.2347,0.5139,1.311,2.7775,5.1719,5.37,5.37,60.25,57.01,57.01,14.08,8.22,0.584,103.7,102.0,22.9,45.9,119.4,12.4,21.0,95.0,6.5,122.4,43.4,43.4
1279,default,0.5066,5.7445,0.8919,0.3122,3.2279,0.886,-0.0075,0.1112,1.0204,2.5,3.2756,7.43,7.43,57.56,53.28,53.28,41.86,25.45,0.608,98.1,125.0,25.1,37.9,133.9,8.3,19.2,117.0,8.4,119.5,52.7,52.7
1280,default,0.5612,4.16,0.8696,0.2304,5.7064,0.8429,0.0724,0.4012,0.6165,2.6159,4.06,5.76,6.91,57.92,54.58,54.58,32.9,20.19,0.614,108.9,144.8,23.6,41.1,130.7,6.2,14.9,99.0,8.8,118.8,47.1,52.9
1281,default,0.327,7.7655,1.1483,0.4317,5.272,0.7156,0.3877,0.2746,0.9436,2.1905,2.4886,5.55,5.55,60.07,56.74,56.74,16.38,9.74,0.595,103.9,98.9,22.5,47.0,123.2,13.2,23.4,108.4,6.0,117.3,44.5,44.5
1282,default,0.269,3.1843,1.8392,0.6595,11.8396,0.4285,0.23,0.7405,1.1198,1.1338,3.3753,4.53,4.53,61.42,58.64,58.64,8.96,7.67,0.856,114.0,110.9,21.2,50.1,121.2,10.5,18.6,88.9,5.8,117.5,33.8,35.0
1283,default,0.3645,2.0581,1.5631,0.6386,3.752,0.7408,0.167,0.6278,1.1418,9.126,6.0502,5.0,5.0,61.0,57.95,57.95,29.91,26.69,0.892,116.6,112.4,23.2,45.2,138.4,10.2,18.9,90.5,4.9,102.7,37.6,37.6
1284,default,0.424,4.9052,0.5948,0.4524,3.4035,0.6118,0.2865,0.0941,0.6308,2.079,2.4992,5.73,6.41,58.61,55.25,55.25,31.4,20.59,0.656,103.4,119.3,23.5,42.5,132.4,9.1,20.5,121.4,7.5,114.3,49.4,52.4
1285,default,0.3382,4.4355,0.5911,0.7498,4.3342,0.2222,-0.1088,0.2678,0.7465,6.7947,2.6041,5.7,5.7,59.99,56.57,56.57,23.9,16.79,0.703,98.5,95.4,24.6,41.9,128.3,14.2,24.8,110.9,6.2,114.6,48.8,48.8
1286,default,0.3671,2.0074,1.8612,0.8632,5.031,0.2535,-0.0921,0.2092,0.7648,2.6549,1.0692,5.36,5.36,60.53,57.29,57.29,25.45,20.35,0.8,101.2,97.7,24.4,42.4,131.6,13.5,24.0,110.4,5.8,110.7,45.5,45.5
1287,default,0.4059,7.3502,0.705,0.3563,4.2389,0.5185,-0.1837,0.6801,1.2424,1.6434,4.2879,6.3,6.3,58.6,54.9,54.9,29.45,19.13,0.65,109.1,149.7,23.7,40.4,125.0,5.8,13.2,87.2,9.5,130.5,40.6,47.1
1288,default,0.5473,5.8187,0.3737,0.6834,6.0696,0.5113,-0.0083,0.6439,0.5137,2.7298,4.9767,4.98,5.73,59.75,56.78,56.67,28.21,24.46,0.867,117.8,164.6,22.9,41.9,132.8,4.8,12.2,90.9,9.1,116.8,36.3,44.7
1289,default,0.4512,5.957,0.9727,0.2244,4.1011,0.4719,0.318,0.4771,0.8741,7.2814,6.2347,7.97,7.97,57.23,52.66,52.66,30.29,12.14,0.401,97.9,95.2,25.2,40.6,124.0,14.2,23.0,97.0,6.9,120.9,61.8,61.8
1290,default,0.548,7.9716,0.7243,0.469,5.1801,0.6277,0.171,0.3757,1.2742,4.6103,5.7293,7.39,7.39,58.16,53.86,53.86,31.57,16.79,0.532,98.0,95.0,25.1,40.8,127.6,14.3,23.9,103.1,6.5,116.3,57.4,57.4
1291,default,0.4505,4.3253,1.672,0.9837,4.1226,0.8874,0.2322,0.7118,1.0882,7.3348,0.8994,4.12,4.26,62.22,59.66,59.02,33.35,34.93,1.047,123.2,117.1,22.8,46.2,146.8,9.4,18.5,93.2,4.1,94.4,30.3,35.1
1292,default,0.3944,5.2378,1.4211,0.698,9.2267,0.5769,-0.2943,0.8404,1.4256,7.4123,3.0155,4.89,4.89,61.09,58.1,58.1,17.93,15.12,0.843,111.6,110.5,22.8,46.2,125.6,10.6,18.3,84.8,5.9,114.6,37.5,37.5
1293,default,0.3557,2.3166,1.2538,1.171,7.3442,0.8044,0.3051,0.1813,0.7694,1.3165,3.7989,3.76,4.17,62.54,60.19,59.05,17.7,20.78,1.174,113.0,106.1,21.2,49.9,133.5,11.5,22.7,114.8,4.7,104.4,30.8,35.2
1294,default,0.563,4.16,0.6944,0.9103,12.994,0.7416,0.1924,0.3032,0.7214,1.1782,6.5458,4.85,4.85,61.24,58.27,58.27,16.73,14.38,0.86,107.1,101.8,22.1,48.0,127.6,12.4,23.2,110.5,5.5,111.4,38.5,38.5
1295,default,0.2836,6.7673,1.917,0.3397,4.3678,0.245,0.0403,0.904,1.3991,2.265,7.1166,3.94,5.72,59.88,57.52,56.43,19.4,19.07,0.983,127.5,195.6,20.9,45.7,124.5,3.4,9.2,79.1,11.2,128.0,28.2,44.4
1296,default,0.4162,4.1627,0.3688,0.8949,6.9432,0.4694,0.2801,0.884,0.6053,6.0611,2.0759,4.82,4.82,61.23,58.28,58.28,19.39,17.07,0.88,119.3,116.0,22.3,47.4,130.1,9.6,17.2,82.5,5.3,109.3,34.4,35.1
1297,default,0.4037,7.376,1.0167,1.1541,6.4247,0.6871,0.4224,0.4958,0.9663,7.4767,1.2625,4.34,4.34,61.96,59.27,58.95,18.31,18.79,1.026,117.2,111.3,21.6,49.0,132.0,10.4,19.6,97.7,4.9,106.3,32.0,35.1
1298,default,0.5838,3.1647,1.4267,0.5751,18.3353,0.7536,-0.0051,0.1636,0.551,3.7109,3.5135,5.0,5.0,60.97,57.92,57.92,13.61,10.28,0.755,102.7,98.3,22.1,48.0,123.1,13.4,24.4,113.6,5.9,116.4,40.7,40.7
1299,default,0.3626,6.2472,0.6123,0.5096,8.0831,0.6572,0.3415,0.3046,1.0366,1.299,5.7685,5.32,5.32,60.34,57.13,57.13,14.46,8.91,0.616,103.2,98.2,22.2,47.7,122.4,13.4,24.0,111.7,6.0,117.9,43.2,43.2
1300,default,0.3762,4.3538,1.4361,0.2046,6.0301,0.2692,0.1708,0.5412,1.1551,1.3696,7.5816,4.74,6.42,58.87,56.08,55.44,21.91,17.77,0.811,117.7,182.4,21.2,44.4,123.3,3.9,10.9,95.2,11.7,130.4,35.4,49.7
1301,default,0.5428,4.989,0.8457,0.3227,13.3858,0.3811,0.1386,0.4713,1.4655,6.9735,4.3786,6.76,6.76,58.79,54.82,54.82,18.11,6.01,0.332,98.8,96.8,23.6,44.3,117.3,13.8,22.5,97.6,7.0,125.9,52.0,52.0
1302,default,0.5434,2.7473,1.1634,0.6685,16.3737,0.3639,0.2929,0.1087,1.2906,5.2251,1.7598,5.27,5.27,60.61,57.41,57.41,13.81,9.05,0.655,101.8,96.6,22.1,47.8,122.7,13.8,25.5,117.0,6.0,117.1,42.8,42.8
1303,default,0.3781,7.2463,1.3164,0.9587,16.8351,0.2756,0.5167,0.9315,1.2664,6.9733,7.1529,4.49,4.49,61.45,58.69,58.69,7.82,6.67,0.853,117.7,114.7,20.9,50.8,120.7,9.8,17.3,83.1,5.7,117.6,32.2,35.0
1304,default,0.3889,7.0952,1.3521,1.1635,7.243,0.4067,-0.0613,0.3074,1.2087,9.6911,3.2971,3.93,4.25,62.39,59.94,58.96,16.82,19.2,1.141,111.2,106.5,22.2,47.6,131.8,11.4,21.5,105.5,5.1,107.3,32.5,35.6
1305,default,0.3097,4.3735,0.7316,0.6215,9.1817,0.8082,0.0192,0.1038,0.5881,1.377,2.0165,4.73,4.73,61.19,58.3,58.3,12.07,9.8,0.812,102.6,97.7,21.8,48.7,122.9,13.5,25.4,117.9,5.8,116.3,39.8,39.8
1306,default,0.5249,4.8811,0.4663,0.3682,5.3078,0.5301,-0.152,0.3259,0.9726,1.9916,3.011,7.15,7.15,57.78,53.65,53.65,33.67,18.3,0.544,97.2,122.7,25.1,38.1,126.3,8.6,18.3,106.5,8.8,126.6,51.9,51.9
1307,default,0.4511,6.1729,1.6626,0.5655,6.7431,0.683,-0.2522,0.3637,1.3356,6.2607,3.6889,5.32,5.32,60.76,57.53,57.53,25.46,21.02,0.826,103.9,101.4,23.6,44.3,129.9,12.6,22.4,102.2,5.8,111.1,42.4,42.4
1308,default,0.4242,3.0795,0.529,0.9973,10.8917,0.8171,0.1452,0.1714,1.0704,7.2159,2.6879,4.46,4.46,61.69,58.94,58.94,14.08,13.63,0.968,105.9,100.2,21.6,49.1,126.8,12.9,24.7,118.3,5.4,111.7,36.9,36.9
1309,default,0.4246,6.3627,0.8429,0.4288,8.0562,0.5719,0.1981,0.4969,0.686,2.2784,4.4151,5.81,5.81,59.9,56.42,56.42,17.57,9.99,0.569,104.4,100.9,22.9,46.0,122.8,12.7,22.0,99.9,6.2,118.2,45.1,45.1
1310,default,0.5753,5.4582,1.2507,0.2213,15.217,0.4105,0.1616,0.636,1.0702,2.801,2.3093,6.48,6.48,59.09,55.27,55.27,16.28,5.44,0.334,102.0,100.2,23.2,45.2,117.5,12.8,21.0,92.4,6.9,125.0,49.1,49.1
1311,default,0.3007,3.9431,1.6044,1.1536,3.4926,0.2203,0.4485,0.732,1.18,2.7165,3.7186,3.89,4.28,62.44,60.02,59.01,22.95,25.55,1.113,123.9,117.5,21.7,48.9,138.1,9.3,18.0,92.3,4.4,100.5,28.1,35.2
1312,default,0.4448,5.0401,1.5768,0.7423,19.6105,0.3592,0.5185,0.7414,1.3816,5.9559,4.907,4.86,4.86,60.98,58.01,58.01,8.77,5.69,0.649,112.6,109.2,21.2,50.0,119.8,10.8,19.0,89.9,5.9,119.2,36.0,36.0
1313,default,0.5572,7.2889,1.0186,0.8674,18.5715,0.4572,0.4498,0.9366,1.0618,8.5427,2.1845,4.9,4.9,61.03,58.04,58.04,10.54,7.54,0.715,115.7,112.7,21.4,49.5,121.6,10.2,17.7,84.2,5.8,117.3,35.0,35.0
1314,default,0.3877,4.5312,1.7031,0.6134,12.7853,0.7117,-0.0941,0.8714,1.1849,2.8832,5.0533,4.53,4.53,61.54,58.75,58.75,12.66,11.68,0.923,115.1,113.0,21.7,48.9,123.9,10.1,17.9,84.8,5.7,115.0,33.4,35.0
1315,default,0.3867,4.2992,1.4183,0.4667,6.8209,0.8597,0.4627,0.537,1.491,1.2392,8.0103,5.95,5.95,59.66,56.11,56.11,18.67,10.23,0.548,107.0,102.8,22.8,46.2,123.7,12.2,21.1,96.6,6.1,117.3,45.4,45.4
1316,default,0.3235,3.4845,1.7681,0.2776,6.8609,0.7853,-0.2886,0.7645,0.6672,5.9263,6.7944,4.95,4.95,61.11,58.09,58.09,19.3,16.44,0.852,110.8,109.3,22.6,46.6,126.5,10.8,19.1,88.4,5.7,113.4,37.8,37.8
1317,default,0.4662,3.9113,0.6056,1.1059,3.5677,0.7723,0.1578,0.9832,0.6356,6.1556,0.7266,3.81,4.23,62.48,60.1,58.99,36.64,39.46,1.077,132.6,128.0,23.3,45.0,152.4,7.9,15.5,78.7,3.9,90.5,26.2,35.1
1318,default,0.5499,3.6739,1.0671,0.9103,8.2377,0.7298,0.4353,0.84,0.9103,1.2316,2.0632,5.41,5.41,60.6,57.33,57.33,23.41,18.41,0.786,117.7,113.3,22.8,46.2,131.9,10.0,17.8,85.2,5.4,108.2,38.2,38.2
1319,default,0.3912,7.276,0.4236,0.6528,12.5892,0.4333,0.3895,0.4046,1.3537,8.5452,1.5489,4.95,4.95,60.85,57.84,57.84,10.49,6.93,0.661,106.6,101.9,21.5,49.2,120.8,12.4,22.3,105.1,5.9,118.5,39.2,39.2
1320,default,0.3012,5.2776,1.6358,0.8997,3.1076,0.3353,-0.2861,0.0565,0.8796,3.3997,1.1802,4.78,4.78,61.41,58.47,58.47,25.58,23.82,0.931,101.0,97.4,24.2,42.8,134.2,13.6,25.4,117.0,5.5,107.7,42.0,42.0
1321,default,0.4368,4.663,0.6944,0.4939,13.7372,0.3407,0.3163,0.6871,1.1694,7.7885,7.8682,5.45,5.45,60.27,56.98,56.98,12.44,6.46,0.519,109.1,106.2,22.1,47.8,120.0,11.4,19.6,90.3,6.2,120.4,40.8,40.8
1322,default,0.3937,3.7535,0.8616,0.5249,3.462,0.7939,0.1926,0.8064,1.4716,5.2339,0.4654,6.39,6.39,59.22,55.44,55.44,31.52,21.21,0.673,110.6,108.1,24.4,42.4,133.0,11.0,19.0,85.6,5.8,109.7,47.9,47.9
1323,default,0.5814,4.6535,0.3749,1.1296,8.5205,0.3337,0.3952,0.7885,0.6282,1.4528,2.9461,5.07,5.07,61.17,58.07,58.07,23.79,20.86,0.877,118.6,113.7,22.6,46.7,134.0,10.0,18.2,88.4,5.1,105.5,35.5,35.5
1324,default,0.4143,4.3391,1.783,0.5133,10.2614,0.8321,-0.0602,0.3311,1.3059,1.7374,3.069,4.78,4.78,61.29,58.36,58.36,16.66,14.56,0.874,106.6,102.7,22.1,48.0,125.9,12.2,22.4,105.6,5.6,113.3,38.2,38.2
1325,default,0.5775,7.4824,0.6191,0.4467,17.3845,0.8423,-0.1532,0.0432,1.0024,1.1515,7.7146,5.53,5.53,60.24,56.92,56.92,13.63,7.46,0.547,96.3,92.3,22.4,47.1,119.4,15.1,28.5,121.9,6.4,121.4,47.0,47.0
1326,default,0.4219,7.8391,1.3797,0.4391,10.8676,0.3462,0.2922,0.8484,0.6143,1.9113,4.4401,5.38,5.38,60.31,57.06,57.06,13.23,7.49,0.566,111.5,109.0,22.2,47.6,120.9,10.8,18.5,85.4,6.2,119.5,40.1,40.1
1327,default,0.3315,5.1516,0.8523,0.8016,12.578,0.2314,-0.2055,0.0087,0.9242,7.9196,3.0396,4.91,4.91,60.9,57.91,57.91,11.12,7.76,0.698,99.2,95.0,22.3,47.4,120.4,14.3,26.4,118.8,6.2,120.0,42.4,42.4
1328,default,0.2993,5.092,0.8702,0.8236,12.195,0.8046,0.0874,0.2467,1.4187,6.5567,3.737,4.32,4.32,61.73,59.06,59.02,8.8,8.7,0.989,107.5,102.7,21.0,50.4,122.3,12.2,22.7,109.3,5.6,115.9,35.2,35.5
1329,default,0.3906,2.9213,0.9979,1.0272,13.1389,0.7194,-0.2273,0.8596,0.8143,6.1776,0.2439,3.98,4.18,62.24,59.76,59.06,12.27,14.15,1.153,118.6,116.5,21.5,49.3,127.0,9.5,17.3,83.7,5.3,111.3,29.6,35.0
1330,default,0.3721,2.9753,1.1238,0.9914,6.6264,0.883,-0.1602,0.2756,1.0054,9.5489,5.755,3.57,4.17,62.74,60.5,59.08,20.19,24.16,1.197,112.9,107.9,22.0,48.1,136.3,11.1,21.9,108.6,4.7,102.5,30.0,35.0
1331,default,0.452,4.9109,0.9445,0.7994,7.5353,0.449,0.4616,0.422,1.3419,4.4455,4.6227,5.49,5.49,60.35,57.03,57.03,20.04,14.21,0.709,109.7,104.5,22.6,46.7,127.8,11.8,21.1,99.6,5.7,112.3,41.8,41.8
1332,default,0.2665,4.3023,0.948,1.1606,4.705,0.3645,-0.279,0.1662,0.8624,8.9379,5.0022,3.85,4.29,62.38,59.98,58.91,16.76,19.27,1.15,106.0,101.3,22.6,46.8,131.5,12.6,24.0,116.8,5.2,108.1,34.8,36.9
1333,default,0.4201,7.578,0.4458,0.9385,17.4318,0.384,0.5805,0.544,1.3218,8.512,2.0488,4.64,4.64,61.27,58.43,58.43,8.21,6.32,0.77,111.8,107.5,21.0,50.5,120.5,11.2,20.0,95.8,5.8,118.1,35.2,35.2
1334,default,0.483,6.5137,0.3521,0.6527,19.2785,0.76,0.0091,0.6684,1.4818,2.7429,4.1041,5.01,5.01,60.82,57.77,57.77,10.5,6.74,0.642,107.7,104.8,21.7,48.7,119.5,11.7,20.5,95.3,6.1,120.4,38.7,38.7
1335,default,0.5073,7.9467,0.4254,0.9757,9.4364,0.4487,0.0149,0.2504,1.0221,6.6586,4.0133,5.01,5.01,61.0,57.94,57.94,17.73,14.47,0.816,103.9,99.6,22.9,45.9,126.9,13.0,23.5,110.3,5.8,113.4,41.1,41.1
1336,default,0.4285,2.6287,1.8594,0.9515,7.8309,0.2691,0.2893,0.1342,1.0134,3.2013,2.4583,4.63,4.63,61.52,58.67,58.67,20.51,19.31,0.941,107.7,101.4,22.4,47.3,132.0,12.5,23.8,115.9,5.2,107.4,37.9,37.9
1337,default,0.4662,5.1996,0.9219,0.7858,4.108,0.7771,0.0453,0.7896,1.4217,2.0306,9.2633,5.54,5.54,60.51,57.16,57.16,32.65,27.16,0.832,114.1,111.5,24.3,42.6,138.9,10.4,18.6,86.4,5.2,103.3,41.1,41.1
1338,default,0.5535,6.1688,0.7607,0.8702,7.3534,0.5645,-0.0554,0.8952,1.4389,9.3526,4.1604,5.97,5.97,60.18,56.59,56.59,27.63,20.52,0.743,110.7,109.8,24.4,42.4,130.9,10.7,18.1,81.9,5.9,111.1,43.1,43.1
1339,default,0.4697,3.652,0.3669,1.004,5.8552,0.3394,0.0792,0.5047,1.218,2.6443,7.8829,5.36,5.36,60.68,57.43,57.43,26.77,22.06,0.824,107.8,104.0,24.1,43.1,134.3,11.9,21.3,99.7,5.5,107.5,42.4,42.4
1340,default,0.3733,7.1303,0.5894,0.205,3.6887,0.5854,0.4558,0.7661,0.8465,1.846,6.7819,6.0,6.0,58.67,55.15,55.15,23.66,16.36,0.691,120.8,180.2,21.4,44.5,123.9,4.0,10.6,88.0,11.2,137.1,30.3,45.2
1341,default,0.4085,5.4225,0.8352,1.0535,6.0726,0.6993,-0.1366,0.4272,0.7918,9.6564,5.1402,3.85,4.19,62.48,60.08,59.04,21.96,24.72,1.126,113.6,109.3,22.7,46.5,137.1,10.8,20.7,101.9,4.8,102.6,31.6,35.2
1342,default,0.5446,7.4063,1.1566,0.6315,4.4996,0.8897,0.1777,0.7523,1.1262,4.1169,2.6035,6.04,6.04,59.91,56.29,56.29,32.64,24.7,0.757,113.6,110.3,24.3,42.7,137.7,10.6,18.6,85.9,5.4,104.5,43.7,43.7
1343,default,0.367,3.2611,0.6104,0.955,8.1553,0.2591,0.4955,0.4707,1.1174,1.3619,4.7288,4.83,4.83,61.16,58.21,58.21,15.82,13.3,0.841,111.1,105.5,21.8,48.7,126.8,11.6,21.3,102.8,5.5,112.1,37.2,37.2
1344,default,0.3959,4.3055,0.6722,0.7868,4.4101,0.3652,0.4942,0.5809,0.6972,4.079,3.5609,5.65,5.65,60.12,56.72,56.72,24.83,18.13,0.73,111.9,106.3,23.1,45.6,131.5,11.4,20.4,96.6,5.5,109.3,42.7,42.7
1345,default,0.2847,7.7368,1.0578,0.8245,4.5386,0.4334,0.0333,0.478,0.6842,5.2219,4.915,4.64,4.64,61.34,58.49,58.49,16.48,14.78,0.897,109.5,105.7,22.6,46.8,127.7,11.5,20.9,99.2,5.6,112.2,37.5,37.5
1346,default,0.3547,6.0422,1.4736,0.2701,4.9257,0.4786,-0.0636,0.737,0.7107,2.1019,3.7934,4.93,5.86,59.47,56.54,56.33,22.78,16.86,0.74,113.2,147.1,22.6,43.6,125.8,6.0,13.6,89.8,8.8,122.2,39.0,46.0
1347,default,0.5911,6.3587,0.6768,0.2436,14.4345,0.8814,-0.1928,0.1278,0.6228,5.9991,4.2927,6.05,6.05,59.69,56.08,56.08,16.57,8.03,0.485,94.7,91.4,23.1,45.5,119.8,15.4,28.6,119.5,6.6,121.9,50.7,50.7
1348,default,0.5951,4.34,0.6623,0.429,16.6375,0.2833,0.5902,0.3713,0.9422,6.8417,1.5461,6.21,6.21,59.41,55.72,55.72,14.05,4.5,0.32,102.0,97.6,22.5,46.9,118.8,13.5,23.2,104.8,6.5,122.5,47.6,47.6
1349,default,0.2519,5.6595,0.88,0.5081,17.7421,0.4676,0.4236,0.5316,0.6184,3.1969,4.653,4.55,4.55,61.22,58.44,58.44,5.18,3.31,0.639,109.7,106.0,20.8,51.0,117.7,11.5,20.4,97.0,6.0,121.2,35.4,35.4
1350,default,0.422,2.1028,1.1895,0.4288,9.0356,0.6431,0.1283,0.7268,0.7205,5.8263,5.0496,5.63,5.63,60.07,56.68,56.68,18.6,11.78,0.633,108.9,106.5,22.9,45.9,124.3,11.4,19.6,89.5,6.1,116.6,42.9,42.9
1351,default,0.3064,2.3795,1.2658,1.0163,12.786,0.6235,0.2926,0.2584,0.7301,5.9126,0.7604,4.13,4.18,62.06,59.5,59.06,9.74,10.87,1.116,109.6,104.1,20.8,51.0,124.3,11.9,22.5,110.3,5.3,113.3,33.1,35.2
1352,default,0.3544,7.3306,1.7395,1.0599,19.0636,0.6271,0.5009,0.1405,0.6159,5.3486,2.506,4.3,4.3,61.71,59.05,59.03,6.57,6.44,0.98,106.6,101.0,20.6,51.4,120.5,12.7,23.6,114.2,5.7,117.5,34.9,35.0
1353,default,0.3212,5.6301,1.4683,0.6772,4.4664,0.4704,-0.2372,0.6586,1.4634,1.7408,6.2275,5.34,5.34,60.55,57.32,57.32,23.52,18.5,0.787,108.0,106.9,23.8,43.8,127.9,11.3,19.3,88.0,6.0,113.8,41.9,41.9
1354,default,0.4383,2.7254,1.9485,0.4071,3.9463,0.6141,0.1788,0.1392,0.9538,1.7575,5.7963,4.77,5.96,59.75,56.9,56.36,35.33,32.48,0.919,116.2,165.2,22.2,43.2,138.9,4.7,13.9,114.1,9.1,111.9,36.4,47.4
1355,default,0.4866,2.8514,1.3203,0.7456,3.0076,0.3388,0.4611,0.5703,1.4292,9.4865,1.9421,7.26,7.26,58.35,54.11,54.11,42.49,28.42,0.669,111.1,105.1,25.4,40.0,142.5,11.7,20.3,92.5,5.4,102.3,53.1,53.1
1356,default,0.3372,5.9554,1.9321,0.9501,10.9323,0.8907,0.4175,0.9065,0.6649,2.1104,0.2825,4.38,4.38,61.71,59.01,58.98,10.82,10.57,0.977,118.4,114.8,21.0,50.5,123.9,9.8,17.6,85.5,5.5,114.2,31.4,35.0
1357,default,0.5938,4.5518,0.5523,1.0613,12.1035,0.843,-0.196,0.4693,1.1299,1.8714,2.3455,4.76,4.76,61.55,58.62,58.62,20.36,19.0,0.933,108.7,105.4,22.7,46.4,130.1,11.6,21.5,101.1,5.4,109.4,36.8,36.8
1358,default,0.2546,2.5214,1.6842,0.7533,15.7177,0.8147,0.2802,0.236,0.7644,1.3639,3.3403,4.3,4.3,61.7,59.04,59.03,6.8,6.64,0.976,106.6,101.5,20.7,51.3,120.4,12.5,23.2,112.0,5.7,117.7,35.0,35.3
1359,default,0.5813,3.4787,1.8961,0.9058,6.6746,0.5329,-0.0557,0.2232,0.675,4.8936,4.7583,5.17,5.17,61.04,57.88,57.88,32.63,29.18,0.894,105.4,101.3,24.5,42.1,140.0,12.6,23.3,109.2,5.2,102.4,42.0,42.0
1360,default,0.5303,6.9207,1.0877,0.4334,3.4249,0.684,-0.2435,0.3061,1.4499,5.0431,5.9814,8.36,8.36,57.05,52.28,52.28,46.24,27.02,0.584,90.0,90.8,27.6,34.7,132.6,15.6,25.4,100.7,6.9,114.8,68.7,68.7
1361,default,0.2902,4.0617,0.74,1.0042,16.8587,0.6523,0.1192,0.914,0.8627,1.4698,6.5412,4.16,4.17,61.89,59.31,59.06,6.57,7.18,1.093,117.4,114.8,20.7,51.2,121.1,9.8,17.5,84.5,5.6,116.9,30.3,35.0
1362,default,0.5359,6.2828,1.7288,0.4306,4.94,0.2498,0.4541,0.9177,1.1221,5.7425,8.8496,7.57,7.57,57.99,53.6,53.6,30.58,15.05,0.492,109.9,107.2,24.7,41.6,128.1,11.2,18.1,79.3,6.4,115.3,53.5,53.5
1363,default,0.3187,2.481,1.5911,0.25,7.6373,0.7052,0.0739,0.2933,0.5451,1.0559,1.4835,5.48,5.48,60.25,56.95,56.95,16.55,10.47,0.633,102.3,98.5,22.6,46.7,122.6,13.3,23.6,107.8,6.1,118.1,44.4,44.4
1364,default,0.5128,2.9473,1.2346,0.999,5.5514,0.7563,0.5763,0.5773,1.2619,7.2756,4.0249,5.76,5.76,60.08,56.62,56.62,29.63,22.64,0.764,115.0,108.3,23.4,44.9,136.3,11.0,19.8,95.3,5.2,104.8,42.3,42.3
1365,default,0.5797,3.5183,0.8172,0.8368,13.4767,0.3695,0.204,0.7981,0.5999,1.7467,5.0896,5.39,5.39,60.56,57.3,57.3,16.8,11.7,0.696,112.3,109.7,22.7,46.5,125.1,10.7,18.5,86.1,5.9,115.0,39.4,39.4
1366,default,0.4316,5.142,1.4608,0.2963,15.0883,0.2761,-0.1531,0.1616,0.5893,3.1347,3.9111,5.62,5.62,59.97,56.6,56.6,12.26,5.22,0.426,96.7,93.4,22.8,46.1,117.9,14.8,26.2,114.6,6.7,123.9,47.6,47.6
1367,default,0.3939,2.6197,1.4907,0.5507,6.4046,0.8772,0.2128,0.5608,0.615,3.4188,6.111,5.32,5.32,60.59,57.36,57.36,21.89,16.99,0.776,110.8,106.9,22.8,46.3,129.4,11.3,20.3,95.1,5.6,110.8,40.5,40.5
1368,default,0.3262,5.5427,1.8876,0.921,8.4299,0.5893,0.1085,0.4057,0.5689,2.5346,3.0192,4.19,4.21,62.05,59.45,59.05,13.88,14.87,1.071,112.1,107.4,21.4,49.5,127.3,11.2,20.9,102.0,5.3,110.9,33.0,35.1
1369,default,0.456,3.7517,0.806,0.3005,12.5102,0.2072,0.4026,0.7485,0.5118,7.5208,1.7356,6.09,6.09,59.47,55.85,55.85,14.28,5.11,0.358,106.8,104.3,22.7,46.5,118.8,11.9,19.7,88.9,6.6,122.7,45.5,45.5
1370,default,0.4756,3.5558,0.4679,0.911,10.7272,0.733,-0.1857,0.0616,1.2904,2.0948,3.9278,5.07,5.07,60.92,57.83,57.83,18.79,15.21,0.809,99.2,94.8,22.9,46.0,126.3,14.4,27.8,122.9,5.8,114.0,43.6,43.6
1371,default,0.484,3.9931,1.4499,0.3181,6.6952,0.7197,0.5885,0.682,0.7546,8.5589,4.3534,7.51,7.51,57.8,53.46,53.46,23.34,7.43,0.318,103.5,100.2,24.1,43.1,121.2,12.9,20.6,89.8,6.9,122.4,55.7,55.7
1372,default,0.4963,2.6144,1.8359,0.8766,9.2721,0.7576,0.1556,0.9503,1.268,1.8049,5.3691,4.33,4.33,61.99,59.31,59.07,22.25,22.83,1.026,123.3,120.1,22.0,48.2,134.2,8.9,16.5,80.8,4.8,104.5,30.0,35.0
1373,default,0.264,3.0928,0.9369,0.8071,9.6795,0.4571,0.2341,0.5869,1.3525,1.468,1.4163,4.47,4.47,61.5,58.75,58.75,9.82,8.84,0.9,112.2,108.3,21.2,49.9,122.5,11.0,19.8,95.2,5.7,116.1,34.4,35.3
1374,default,0.2543,7.6194,1.309,0.8598,3.287,0.3954,-0.1152,0.2511,1.1484,6.3471,3.8483,4.55,4.55,61.55,58.75,58.75,18.21,17.25,0.947,105.2,100.9,22.9,46.1,129.2,12.7,23.3,110.9,5.5,111.0,38.7,38.7
1375,default,0.2704,2.3032,1.0584,0.7469,5.0276,0.8316,-0.0446,0.8475,0.5965,9.9479,2.726,4.41,4.41,61.8,59.08,58.93,17.36,17.31,0.997,117.5,114.9,22.1,47.8,129.9,9.8,17.8,85.6,5.2,109.1,32.7,35.4
1376,default,0.4138,3.6248,1.512,0.5248,7.6761,0.7666,-0.2203,0.2571,1.4635,3.6525,4.0494,5.17,5.17,60.87,57.72,57.72,23.09,19.2,0.832,103.5,100.4,23.2,45.4,128.7,12.8,23.2,106.9,5.7,111.9,42.0,42.0
1377,default,0.3017,2.0125,0.476,0.9255,7.6671,0.5056,0.372,0.4367,1.3645,2.9927,7.9448,4.61,4.61,61.46,58.63,58.63,14.05,12.74,0.907,111.2,106.0,21.5,49.3,126.1,11.5,21.2,102.7,5.4,112.5,35.6,35.7
1378,default,0.2547,2.9737,0.9704,0.3447,14.3987,0.2492,0.5073,0.6267,0.543,2.6433,3.7997,4.86,4.86,60.79,57.84,57.84,6.89,3.33,0.483,110.4,107.2,21.1,50.2,117.7,11.2,19.5,91.8,6.1,121.9,37.1,37.1
1379,default,0.5008,3.5106,0.6995,0.6445,4.1579,0.4259,0.2685,0.7016,1.1388,1.1098,5.2048,5.1,6.0,59.33,56.3,56.12,34.35,29.06,0.846,122.8,171.8,22.8,42.2,138.5,4.4,11.8,92.1,8.8,112.0,36.7,46.4
1380,default,0.4794,5.5039,1.6035,0.2748,4.1586,0.373,0.0618,0.9242,0.6587,1.7974,3.2515,7.1,7.1,57.8,53.7,53.7,34.37,19.14,0.557,109.7,142.2,24.9,38.5,128.9,6.4,13.4,81.2,8.7,124.3,46.4,47.3
1381,default,0.5964,6.2571,1.6096,0.8069,6.7595,0.4529,0.5578,0.1106,0.508,8.574,1.3902,6.45,6.45,59.32,55.49,55.49,27.01,16.82,0.623,102.4,95.3,23.7,44.2,130.6,14.2,26.2,118.1,5.8,110.9,50.2,50.2
1382,default,0.4842,4.5064,1.4167,1.081,5.544,0.2689,0.2726,0.321,0.9041,6.8893,5.9718,4.89,4.89,61.37,58.37,58.37,28.39,26.33,0.927,111.0,104.5,23.4,44.8,139.3,11.8,22.4,109.3,4.9,101.6,38.1,38.1
1383,default,0.291,3.7654,1.9819,0.511,12.5191,0.3666,0.2796,0.8123,0.7311,2.5973,3.4036,4.7,4.7,61.13,58.26,58.26,9.12,6.75,0.74,114.7,112.2,21.3,49.8,120.3,10.3,17.9,84.6,5.9,118.8,34.7,35.0
1384,default,0.5848,3.8676,1.5485,0.3103,3.6797,0.7741,0.2791,0.3983,1.0661,4.8107,8.2883,5.94,8.0,56.74,53.37,53.19,47.68,33.98,0.713,120.3,200.3,23.3,38.3,142.0,3.2,10.4,100.7,10.8,115.1,45.3,59.8
1385,default,0.3036,3.2789,1.2578,0.8638,5.8689,0.2487,-0.1348,0.2243,0.5632,2.76,3.9822,4.82,4.82,61.11,58.16,58.16,17.85,15.22,0.853,102.5,98.6,23.2,45.2,127.6,13.3,24.0,112.4,5.8,113.3,41.5,41.5
1386,default,0.5549,3.0836,1.3324,0.5025,18.9595,0.8056,-0.1966,0.6472,0.5345,2.2881,8.8926,4.88,4.88,61.17,58.19,58.19,13.52,10.94,0.809,110.1,107.9,22.0,48.0,123.3,11.1,19.6,91.5,5.8,116.0,36.8,36.8
1387,default,0.5448,5.8184,1.9084,0.8627,17.5727,0.2324,0.4018,0.265,1.0448,2.8498,4.2667,4.86,4.86,61.12,58.15,58.15,11.71,9.03,0.771,107.0,101.9,21.5,49.2,122.7,12.4,22.6,107.8,5.8,116.2,38.2,38.2
1388,default,0.456,5.8253,1.8228,0.381,9.6886,0.3096,0.0851,0.8393,1.4652,8.0787,2.9982,6.39,6.39,59.2,55.41,55.41,19.5,9.1,0.467,105.4,104.5,23.6,44.2,119.8,11.8,19.1,84.1,6.8,122.9,47.9,47.9
1389,default,0.267,5.2537,0.5888,1.175,4.658,0.7343,0.498,0.0636,1.1095,1.0246,3.6425,4.25,4.25,62.06,59.42,58.99,16.19,17.11,1.057,109.4,101.9,21.3,49.8,130.3,12.4,24.3,121.1,5.0,107.6,34.5,35.8
1390,default,0.2805,2.5968,1.296,0.7719,4.9098,0.5226,0.2492,0.3834,1.3582,4.4804,2.1205,4.62,4.62,61.43,58.59,58.59,17.94,16.52,0.921,110.5,105.3,22.0,48.1,129.3,11.6,21.8,105.0,5.3,109.7,36.6,36.6
1391,default,0.2977,7.0082,1.5191,0.5481,4.1345,0.6517,0.0574,0.2277,0.9368,3.2089,0.5129,5.04,5.04,60.97,57.89,57.89,19.5,16.1,0.826,105.4,101.0,22.7,46.4,128.1,12.6,23.1,108.3,5.6,111.9,40.5,40.5
1392,default,0.3414,7.2323,0.5048,1.1587,4.1905,0.2159,0.599,0.4915,0.9158,7.0566,6.1127,4.47,4.47,61.72,58.96,58.89,20.15,19.77,0.981,116.7,109.5,21.7,48.8,133.1,10.8,20.4,102.5,4.9,105.5,33.6,35.5
1393,default,0.3818,4.0791,0.8289,0.2818,4.051,0.2429,0.0482,0.6888,1.2788,2.5983,2.5633,7.49,7.49,57.02,52.75,52.75,31.5,13.61,0.432,100.8,124.3,25.1,38.5,121.6,8.4,16.1,88.0,9.0,131.4,54.4,54.4
1394,default,0.3889,4.6941,1.5941,1.1673,17.9863,0.2344,0.5969,0.4804,1.0246,1.7665,7.3283,4.37,4.37,61.64,58.95,58.95,8.47,8.05,0.95,112.5,107.7,20.8,51.0,122.0,11.1,20.3,98.9,5.6,116.0,33.4,35.1
1395,default,0.4814,3.5146,1.6417,1.1292,16.4824,0.3482,0.227,0.5644,1.3541,2.2246,4.6605,4.35,4.35,61.77,59.08,59.04,12.12,12.08,0.997,113.4,109.2,21.4,49.5,125.3,10.8,19.7,95.8,5.4,113.0,33.2,35.0
1396,default,0.2754,6.4581,1.8248,0.452,7.8264,0.5088,-0.1809,0.9005,1.3726,8.2229,6.433,4.99,4.99,60.82,57.78,57.78,13.85,10.14,0.732,111.3,110.0,22.3,47.4,121.4,10.7,18.2,84.0,6.1,119.0,38.1,38.1
1397,default,0.2755,3.2278,0.9678,0.617,14.6404,0.8048,0.2712,0.0349,1.3399,5.9244,5.8798,4.57,4.57,61.3,58.5,58.5,7.33,5.64,0.769,103.2,97.9,21.0,50.5,119.7,13.5,25.3,118.4,5.9,119.1,38.1,38.1
1398,default,0.3683,6.5005,0.9246,0.5743,17.4517,0.3434,0.532,0.153,0.7599,2.2657,1.813,4.82,4.82,60.91,57.98,57.98,7.65,4.49,0.587,102.4,96.9,21.1,50.1,118.8,13.7,25.5,118.4,6.0,120.5,40.1,40.1
1399,default,0.4325,3.4945,1.874,0.6647,3.1849,0.7177,0.4009,0.9762,0.5267,1.5808,3.068,4.85,5.94,59.82,56.91,56.41,36.36,30.7,0.844,129.3,158.6,22.9,43.7,142.2,5.1,12.0,80.5,7.0,105.1,35.0,42.8
1400,default,0.3079,5.3241,1.7362,1.0385,4.6847,0.7459,0.3857,0.5859,0.9225,4.2126,1.4068,4.17,4.23,62.11,59.52,59.0,19.31,20.5,1.062,118.6,112.8,21.5,49.2,133.0,10.1,19.2,96.0,4.8,105.3,31.0,35.1
1401,default,0.5061,4.6518,0.3743,0.36,6.7056,0.5989,-0.1463,0.2784,0.9872,7.7412,3.3184,7.67,7.67,57.67,53.25,53.25,29.27,12.76,0.436,89.3,88.1,25.7,39.2,121.6,16.6,28.5,111.8,7.3,124.1,64.5,64.5
1402,default,0.4662,2.1355,0.3714,0.5532,12.9398,0.7941,-0.064,0.2555,1.0845,4.7081,1.8828,5.71,5.71,60.01,56.58,56.58,17.06,9.95,0.583,99.2,95.8,22.9,45.9,121.4,14.1,25.1,111.7,6.4,119.8,46.7,46.7
1403,default,0.3612,2.8279,1.5542,0.5925,5.3805,0.4062,0.3055,0.8417,0.6543,4.276,8.479,5.44,5.44,60.36,57.07,57.07,21.66,15.94,0.736,115.1,112.1,22.9,46.0,128.7,10.3,17.9,83.7,5.7,111.9,40.0,40.0
1404,default,0.523,2.9324,0.7564,0.8181,15.5463,0.7485,-0.1361,0.0599,1.2325,7.527,1.753,5.06,5.06,60.94,57.85,57.85,15.61,12.09,0.775,99.7,95.3,22.4,47.1,123.9,14.2,27.2,121.3,5.9,116.0,42.7,42.7
1405,default,0.3979,3.4413,0.7014,1.0209,4.391,0.4342,-0.0502,0.0214,0.5607,2.0021,3.0412,4.69,4.69,61.47,58.59,58.59,28.09,26.66,0.949,102.8,97.4,24.2,42.9,139.1,13.6,26.8,123.9,5.1,103.0,41.6,41.6
1406,default,0.5759,5.1889,1.1088,0.6757,5.4646,0.8692,-0.2503,0.922,1.1607,4.5354,7.0802,5.39,5.39,60.71,57.44,57.44,36.63,31.93,0.872,114.0,113.9,24.8,41.4,141.5,9.9,17.7,80.6,5.2,101.6,40.4,40.4
1407,default,0.2812,4.7951,1.6969,0.7712,6.2117,0.5774,-0.2214,0.3001,0.7022,1.4077,5.4624,4.26,4.26,62.0,59.36,59.01,15.93,16.67,1.046,106.8,102.5,22.1,47.8,128.3,12.3,23.0,110.4,5.4,110.7,35.5,35.9
1408,default,0.4197,2.6747,0.8706,0.3102,10.0412,0.5715,-0.1262,0.2099,1.2149,8.8433,3.1294,6.5,6.5,59.05,55.21,55.21,19.87,8.9,0.448,95.5,93.4,23.8,43.7,119.1,14.8,25.2,107.8,6.9,124.0,53.2,53.2
1409,default,0.2628,6.0342,1.2494,0.6987,8.0483,0.6683,0.5454,0.5432,0.8437,9.5244,3.4243,4.78,4.78,60.99,58.08,58.08,10.05,7.17,0.713,109.2,104.5,21.3,49.8,121.1,11.8,21.2,101.1,5.8,118.0,37.7,37.7
1410,default,0.3536,4.1131,1.6793,0.7486,11.9398,0.3413,0.3882,0.805,0.9251,1.3287,3.0003,4.67,4.67,61.28,58.42,58.42,11.32,9.41,0.831,116.2,113.0,21.3,49.8,122.9,10.1,17.9,85.6,5.7,115.8,34.0,35.0
1411,default,0.5176,5.7898,1.0964,0.3725,4.891,0.2514,0.5058,0.1115,1.2505,1.7211,1.859,7.6,7.6,57.52,53.15,53.15,30.39,13.6,0.448,97.9,107.5,24.2,41.5,126.2,11.2,22.4,120.0,7.9,122.4,55.2,55.2
1412,default,0.5387,2.1669,1.3888,1.1211,3.9132,0.2927,0.0179,0.4779,0.6619,1.5758,5.5877,4.78,4.78,61.35,58.42,58.42,42.87,40.96,0.955,113.7,109.5,26.0,38.6,154.8,10.7,20.0,96.8,4.5,92.4,39.4,39.4
1413,default,0.41,2.6102,1.0554,0.5213,5.1212,0.4767,0.2335,0.9397,1.0285,1.9525,1.1213,6.07,6.07,59.57,55.96,55.96,25.65,16.79,0.655,113.6,111.7,23.8,43.7,129.5,10.3,17.5,79.4,5.9,112.5,44.6,44.6
1414,default,0.5454,6.0222,0.4591,0.2835,12.3526,0.3626,0.3789,0.8992,0.848,1.1586,3.3552,4.83,5.66,59.61,56.73,56.67,16.02,10.32,0.644,120.2,149.7,21.4,47.2,121.7,5.8,12.6,80.3,8.6,124.4,35.1,41.8
1415,default,0.5479,7.2063,1.4134,0.8464,5.5142,0.6758,0.4125,0.1867,1.4115,9.3764,2.5825,5.66,5.66,60.38,56.96,56.96,28.04,21.99,0.784,107.0,100.0,23.3,44.9,135.3,12.9,24.0,114.5,5.3,105.6,43.9,43.9
1416,default,0.2829,6.281,1.0566,1.1285,9.3405,0.4666,0.2344,0.0766,1.2802,1.1154,9.3834,4.03,4.18,62.14,59.63,59.05,9.97,11.48,1.151,107.3,101.3,20.9,50.7,125.0,12.6,24.1,118.1,5.3,112.7,33.8,35.5
1417,default,0.3596,6.2681,1.4928,0.29,11.8193,0.6396,0.516,0.9193,1.2209,2.0666,3.7148,5.5,5.5,60.07,56.77,56.77,10.78,4.2,0.39,111.8,109.4,21.9,48.4,118.1,10.8,18.1,83.4,6.4,122.5,40.3,40.3
1418,default,0.5231,2.1049,1.3828,0.8896,17.2101,0.7746,0.0284,0.173,0.5838,7.1285,6.7618,4.42,4.42,61.78,59.05,59.05,13.11,12.97,0.989,106.6,101.5,21.6,49.2,125.9,12.5,23.6,113.4,5.4,112.4,35.9,35.9
1419,default,0.4501,7.1372,0.3464,0.367,3.0643,0.5325,-0.2874,0.3603,0.6445,5.3341,2.8998,8.07,8.07,57.1,52.5,52.5,37.3,18.7,0.501,87.8,88.6,27.5,35.1,126.8,16.4,27.0,104.8,7.3,121.0,69.4,69.4
1420,default,0.5742,4.5102,1.5763,1.0476,17.7414,0.5641,-0.1673,0.2861,1.4788,1.3585,2.6012,4.32,4.32,62.05,59.37,59.07,14.23,14.99,1.053,108.1,103.9,21.9,48.3,127.2,12.0,22.3,107.1,5.4,111.3,34.4,35.2
1421,default,0.2709,3.078,0.7537,0.3901,8.869,0.3886,-0.092,0.6365,0.5557,1.8573,1.8688,5.23,5.23,60.37,57.21,57.21,11.82,6.5,0.55,106.1,104.0,22.5,47.0,119.4,11.9,20.3,92.9,6.4,121.6,41.7,41.7
1422,default,0.3245,4.6463,1.6666,0.2127,6.2824,0.8666,-0.2878,0.3465,0.7833,1.7108,3.4469,5.04,5.04,60.94,57.87,57.87,19.91,16.44,0.826,104.3,101.4,22.6,46.6,126.2,12.5,22.7,104.5,5.8,113.9,41.1,41.1
1423,default,0.5409,4.9865,1.2076,0.3805,10.412,0.516,-0.0466,0.8215,0.5517,1.0027,5.6084,6.3,6.3,59.37,55.63,55.63,20.37,10.57,0.519,106.6,106.3,24.0,43.4,122.7,11.4,18.6,81.9,6.6,119.9,47.1,47.1
1424,default,0.2665,5.0016,1.4582,0.8232,5.8662,0.8776,0.4446,0.1082,1.0267,3.0169,3.9013,4.62,4.62,61.4,58.56,58.56,13.86,12.35,0.891,107.1,100.9,21.5,49.4,125.7,12.7,23.8,115.2,5.4,112.9,37.5,37.5
1425,default,0.3644,4.2648,0.6159,0.2089,17.6578,0.6282,0.0549,0.1188,1.259,2.0699,7.022,5.39,5.39,60.2,56.96,56.96,9.9,3.86,0.39,98.5,94.6,21.9,48.3,116.6,14.4,26.0,115.6,6.5,124.3,45.0,45.0
1426,default,0.5982,7.8729,1.3633,1.1534,3.6054,0.7467,0.1888,0.2285,0.7784,4.4952,4.6907,3.81,4.19,62.46,60.08,59.04,42.05,44.82,1.066,118.5,109.8,23.7,44.1,159.1,10.7,22.4,115.1,3.5,85.9,31.1,35.3
1427,default,0.5157,3.3948,1.4469,0.5952,4.2578,0.7665,0.4508,0.1363,1.1463,3.7719,1.1077,7.56,7.56,58.03,53.64,53.64,36.77,21.36,0.581,99.1,92.7,25.2,40.5,135.0,15.0,27.3,116.7,6.0,108.9,58.8,58.8
1428,default,0.4313,5.0589,0.5753,0.4586,15.9305,0.2207,0.2709,0.7844,0.9046,2.8108,5.5509,5.44,5.44,60.24,56.96,56.96,11.31,5.28,0.467,110.1,108.0,22.1,47.8,118.8,11.1,18.6,85.5,6.4,121.8,40.5,40.5
1429,default,0.2891,7.8222,0.7169,0.3054,8.2168,0.4742,0.2547,0.4223,0.8271,7.6711,5.6452,5.27,5.27,60.31,57.13,57.13,11.35,5.79,0.51,105.4,101.9,22.0,48.2,119.1,12.4,21.7,99.8,6.3,121.4,42.0,42.0
1430,default,0.5533,5.8694,1.7044,0.9218,6.591,0.6549,-0.1597,0.5509,1.1579,5.5038,2.2176,4.22,4.22,62.18,59.56,59.03,29.51,30.79,1.043,114.0,110.5,23.6,44.4,141.3,10.6,19.9,96.3,4.7,99.7,33.1,35.3
1431,default,0.4342,4.0081,1.7645,0.83,9.6801,0.2003,0.0521,0.6053,0.7174,2.975,2.6348,5.12,5.12,60.76,57.65,57.65,16.99,12.91,0.76,108.2,105.3,23.0,45.8,125.6,11.6,20.3,94.6,5.9,115.0,40.3,40.3
1432,default,0.4174,7.982,0.555,0.5363,3.9674,0.6323,-0.2635,0.8951,0.6392,1.3035,8.2556,6.04,6.04,59.65,56.05,56.05,28.44,19.84,0.698,106.7,107.3,25.1,40.8,129.8,11.2,18.6,81.8,6.2,113.7,47.1,47.1
1433,default,0.505,7.663,0.8971,0.4288,6.0502,0.2254,-0.2365,0.3823,0.5658,2.8626,7.4166,5.17,6.56,58.67,55.64,55.29,26.69,21.19,0.794,111.3,177.4,23.0,39.6,126.7,4.1,11.4,97.8,11.3,127.7,40.4,53.0
1434,default,0.2506,2.7528,1.239,0.8733,4.1276,0.7759,0.3611,0.9765,0.5379,9.6007,3.8694,4.57,4.57,61.59,58.77,58.77,17.16,16.25,0.947,121.9,118.4,21.7,48.8,129.2,9.2,16.6,80.8,5.2,109.3,31.8,35.1
1435,default,0.5961,5.9267,0.4314,0.8447,9.2876,0.4359,0.1609,0.4585,0.6614,1.2536,8.3443,5.88,5.88,60.13,56.59,56.59,22.03,14.93,0.678,104.7,100.9,23.6,44.3,127.7,12.7,22.2,102.0,6.0,113.4,44.9,44.9
1436,default,0.5271,5.3683,1.3692,0.6202,10.9604,0.568,0.2038,0.4254,1.4368,9.5481,1.712,5.41,5.41,60.6,57.32,57.32,18.15,13.11,0.722,107.8,103.9,22.6,46.8,125.9,12.0,21.3,99.1,5.8,114.0,40.9,40.9
1437,default,0.3258,6.6789,1.3086,0.9892,5.7988,0.6912,0.0035,0.4611,1.0462,3.5223,4.0655,3.94,4.22,62.39,59.94,59.02,16.66,19.04,1.143,114.0,109.3,21.8,48.6,131.6,10.8,20.5,100.8,5.0,106.9,31.1,35.3
1438,default,0.5827,6.4894,1.7939,0.7799,18.2293,0.8529,0.2712,0.2288,1.246,2.0552,2.7386,4.76,4.76,61.32,58.4,58.4,12.14,10.15,0.836,105.8,100.6,21.4,49.5,123.3,12.8,23.6,112.3,5.7,115.2,37.8,37.8
1439,default,0.4259,2.9271,1.6334,0.4345,13.7601,0.6974,0.0116,0.526,1.484,7.1681,3.7544,5.19,5.19,60.66,57.51,57.51,14.34,9.86,0.688,107.3,104.5,22.2,47.7,121.7,11.8,20.7,95.6,6.1,118.4,40.2,40.2
1440,default,0.3321,6.6427,1.8027,0.3558,8.6324,0.2973,0.5793,0.5144,0.6847,8.5535,9.0469,5.6,5.6,59.93,56.57,56.57,12.19,5.05,0.414,106.9,102.9,22.1,48.0,119.1,12.2,20.9,96.5,6.3,121.6,43.1,43.1
1441,default,0.5297,3.6549,1.8178,1.1686,4.025,0.2344,0.2565,0.802,0.5996,1.0059,3.3231,4.73,4.73,61.49,58.58,58.58,39.77,38.3,0.963,123.2,117.7,24.5,42.1,151.7,9.3,17.5,87.0,4.3,92.6,34.3,35.3
1442,default,0.5019,7.3747,1.2015,0.9675,5.2774,0.3519,0.2984,0.1211,1.0888,4.5072,7.4213,5.0,5.0,61.13,58.07,58.07,27.41,24.51,0.894,108.7,101.8,23.3,45.1,137.8,12.5,23.7,114.9,5.0,103.0,40.1,40.1
1443,default,0.3348,6.2388,0.5544,1.1208,7.6027,0.4401,0.3103,0.4869,1.2111,1.3542,1.5695,4.23,4.26,61.98,59.36,59.01,13.91,14.66,1.054,113.3,107.8,21.3,49.7,127.9,11.1,20.9,102.6,5.2,110.2,32.8,35.2
1444,default,0.4906,7.3473,1.456,0.7706,11.1092,0.581,0.3576,0.8384,0.9184,7.6155,3.526,4.97,4.97,61.02,57.99,57.99,15.02,11.89,0.792,116.0,112.5,21.8,48.5,125.2,10.2,18.0,85.6,5.6,113.9,35.8,35.8
1445,default,0.3366,3.0657,0.3318,0.565,5.3896,0.7356,0.235,0.0298,0.6504,1.0641,1.3341,5.55,5.55,60.17,56.83,56.83,19.63,13.22,0.673,98.7,92.9,22.8,46.1,126.0,14.9,29.5,127.5,5.9,114.7,47.5,47.5
1446,default,0.3678,5.2746,0.5987,0.9408,9.3175,0.3733,0.5655,0.3079,0.8837,1.8478,1.221,4.8,4.8,61.11,58.18,58.18,13.12,10.52,0.802,108.9,103.2,21.5,49.3,124.3,12.1,22.2,106.9,5.6,114.5,37.8,37.8
1447,default,0.2815,4.5921,0.4319,0.7349,6.0677,0.4987,-0.2549,0.1332,1.0434,2.9011,2.4055,5.25,5.25,60.51,57.34,57.34,17.47,12.5,0.716,97.9,94.3,23.2,45.3,123.5,14.5,26.9,118.3,6.2,117.8,45.9,45.9
1448,default,0.403,3.1984,1.3169,1.0575,9.8567,0.5819,0.3908,0.0974,1.4304,1.046,1.236,4.38,4.38,61.78,59.08,58.99,15.31,15.25,0.996,107.6,100.8,21.4,49.5,128.4,12.7,24.5,119.8,5.2,109.8,36.0,36.0
1449,default,0.2846,6.5472,0.5331,0.288,9.758,0.773,0.1128,0.103,0.5961,2.1117,3.722,5.16,5.16,60.51,57.39,57.39,10.24,5.41,0.528,100.6,96.2,21.8,48.7,118.7,13.9,25.4,115.3,6.2,121.5,42.8,42.8
1450,default,0.4424,2.9098,1.2361,0.6697,5.3167,0.4334,-0.1896,0.704,1.4763,3.7699,4.5692,6.63,6.63,58.96,55.06,55.06,33.3,21.9,0.658,102.2,102.5,25.7,39.2,129.9,12.3,20.0,86.6,6.5,114.6,52.4,52.4
1451,default,0.3739,3.4928,0.7094,0.416,10.1188,0.4893,0.2839,0.3575,1.1941,5.0168,4.7157,5.61,5.61,60.03,56.67,56.67,14.46,7.6,0.526,102.9,98.8,22.4,47.3,120.6,13.2,23.2,106.0,6.3,120.1,44.7,44.7
1452,default,0.3438,7.7294,0.6027,0.735,6.6513,0.559,0.0625,0.6075,0.848,1.2262,4.6299,4.9,4.9,60.97,57.98,57.98,15.46,12.31,0.796,110.3,107.2,22.4,47.1,125.1,11.2,19.9,93.3,5.8,115.0,38.4,38.4
1453,default,0.3537,6.5446,0.6434,0.2331,5.2318,0.2304,-0.1823,0.8448,1.3104,1.8685,0.7097,7.22,7.22,57.73,53.56,53.56,24.34,8.72,0.358,98.9,106.6,25.2,40.0,117.5,11.3,18.4,83.0,8.0,130.8,55.7,55.7
1454,default,0.5019,5.8584,1.7914,0.9111,10.0373,0.5874,0.3056,0.1597,0.5297,6.4524,3.2601,4.62,4.62,61.58,58.73,58.73,18.15,17.11,0.943,106.7,100.2,21.8,48.6,129.6,12.9,24.8,119.5,5.2,108.9,37.5,37.5
1455,default,0.4402,2.2539,1.8618,0.949,15.3707,0.7166,-0.2649,0.4859,1.2343,7.1756,1.9321,3.6,4.12,62.67,60.41,59.1,12.98,16.68,1.285,113.9,110.0,21.2,50.0,128.4,10.7,20.2,99.6,5.1,109.3,29.0,35.0
1456,default,0.4125,2.8997,0.3191,0.3588,5.2502,0.6088,0.4743,0.2463,0.8706,5.9892,8.1493,7.34,7.34,58.01,53.75,53.75,25.33,10.24,0.404,98.3,93.9,24.2,42.8,123.3,14.6,24.6,106.8,6.7,120.1,57.3,57.3
1457,default,0.3693,5.0242,1.403,0.3261,6.8744,0.7992,0.5133,0.7111,1.2781,8.03,3.5373,6.27,6.27,59.19,55.48,55.48,17.51,7.29,0.416,107.2,103.9,22.9,45.9,120.8,11.9,20.0,90.1,6.5,120.9,47.1,47.1
1458,default,0.2945,5.8365,1.4685,1.0784,6.6933,0.8317,0.4335,0.6893,0.9197,2.2118,2.116,4.16,4.24,62.07,59.49,59.0,13.94,15.05,1.08,118.6,113.6,21.1,50.3,128.2,10.0,18.6,92.1,5.1,109.6,30.5,35.0
1459,default,0.3934,2.5852,1.015,0.2335,4.6419,0.5505,0.5102,0.366,0.579,1.3211,8.1177,6.33,6.33,58.2,54.51,54.51,25.65,17.3,0.674,117.2,184.1,21.3,43.6,125.0,3.8,11.1,100.4,12.1,139.8,31.0,46.2
1460,default,0.4868,7.1928,0.839,0.7825,5.1771,0.7977,-0.2052,0.311,0.6698,1.2449,4.5237,4.96,4.96,61.22,58.19,58.19,28.58,26.0,0.91,105.1,101.5,24.0,43.3,137.2,12.5,23.3,108.6,5.2,104.3,40.6,40.6
1461,default,0.2637,2.2735,1.993,1.0835,18.8406,0.4452,-0.2622,0.7356,1.1693,1.3083,5.7577,4.01,4.14,62.09,59.61,59.08,6.29,7.73,1.229,113.6,110.5,20.8,51.0,121.1,10.6,19.1,92.3,5.6,116.9,30.7,35.0
1462,default,0.3404,7.5194,1.9425,0.404,13.1297,0.6146,0.2189,0.2521,0.9624,4.054,3.749,4.71,4.71,61.18,58.3,58.3,9.54,7.28,0.763,105.2,100.4,21.2,50.0,120.5,12.8,23.3,110.3,5.9,118.4,38.2,38.2
1463,default,0.476,3.0489,0.5667,0.9169,7.9107,0.2133,0.0256,0.4731,1.4453,3.4722,6.2654,5.59,5.59,60.21,56.84,56.84,24.02,17.66,0.735,103.6,100.4,24.2,42.9,129.2,12.8,22.2,101.8,6.0,112.8,45.2,45.2
1464,default,0.3619,7.9886,1.9903,1.0057,12.1188,0.2973,0.4614,0.4413,1.4852,2.1414,7.2647,4.4,4.4,61.65,58.94,58.94,10.16,9.71,0.956,111.7,106.6,21.0,50.6,123.2,11.3,20.9,101.4,5.5,114.9,34.1,35.2
1465,default,0.3343,5.1297,1.0099,1.1401,9.4161,0.3321,-0.2568,0.9599,1.3259,4.343,6.5438,4.38,4.38,61.77,59.07,58.97,13.57,13.49,0.994,116.6,115.3,22.3,47.4,125.8,9.7,16.9,80.7,5.6,113.6,32.6,35.1
1466,default,0.4655,4.2214,0.4189,0.915,9.18,0.3896,0.0739,0.1343,1.3223,4.4437,2.3927,5.03,5.03,60.85,57.79,57.79,18.79,15.1,0.804,102.6,97.8,23.0,45.8,127.7,13.5,24.8,115.3,5.7,112.9,42.3,42.3
1467,default,0.5073,4.1581,1.5124,0.213,5.4532,0.2143,0.5533,0.8442,0.6989,6.7801,6.9009,8.96,8.96,56.35,51.3,51.3,30.05,8.02,0.267,101.8,99.9,25.4,40.0,121.2,12.9,19.5,81.1,7.4,124.5,64.0,64.0
1468,default,0.5356,7.3526,0.6009,1.0507,9.7232,0.6912,0.0742,0.6636,1.0587,6.6187,6.5902,4.68,4.68,61.59,58.71,58.71,18.14,17.04,0.939,113.8,110.1,22.4,47.3,129.9,10.6,19.4,93.1,5.3,109.3,34.8,35.1
1469,default,0.2664,2.9472,1.1433,0.4609,3.5857,0.6133,-0.0811,0.3534,0.8499,3.1753,5.0308,5.51,5.51,60.05,56.74,56.74,21.65,15.02,0.694,103.5,101.0,23.6,44.3,126.3,12.6,22.1,100.0,6.1,115.7,45.8,45.8
1470,default,0.5974,7.9483,0.5213,1.0062,10.8391,0.3626,-0.1426,0.5171,0.5137,3.2843,7.4489,5.35,5.35,60.72,57.47,57.47,18.92,14.32,0.757,105.4,103.0,23.6,44.3,126.7,12.2,21.1,97.1,6.0,114.3,41.7,41.7
1471,default,0.2998,2.7884,0.6762,0.3218,3.4659,0.8378,0.2638,0.1599,0.6929,2.5141,1.254,5.64,5.92,59.16,55.82,55.82,23.33,14.13,0.606,102.5,108.5,23.0,44.7,126.1,11.0,21.9,113.6,7.0,118.0,48.0,48.6
1472,default,0.3277,5.5432,1.1717,0.9043,18.3575,0.2166,0.0661,0.3638,1.4901,4.7729,1.6754,4.38,4.38,61.49,58.79,58.79,6.98,6.12,0.877,107.5,103.5,21.2,50.1,120.0,12.1,21.8,103.8,5.9,118.9,35.7,35.8
1473,default,0.2841,7.5291,1.2317,0.2802,5.9057,0.499,0.3092,0.2328,0.6511,5.7879,4.6514,5.45,5.45,60.15,56.87,56.87,13.93,7.66,0.55,102.1,97.5,22.2,47.7,120.9,13.6,24.1,110.9,6.2,119.6,44.4,44.4
1474,default,0.2692,6.5012,1.0213,0.4856,10.9688,0.3841,0.4243,0.4592,1.2579,5.1804,4.9735,4.78,4.78,60.95,58.04,58.04,8.08,5.09,0.63,107.8,103.6,21.2,50.0,119.2,12.0,21.5,101.4,6.0,120.1,37.8,37.8
1475,default,0.2891,5.6169,0.9431,0.576,4.357,0.8411,-0.0412,0.6245,1.4727,1.2639,5.3786,5.06,5.06,60.8,57.73,57.73,19.38,15.52,0.801,109.7,107.0,22.7,46.4,127.0,11.3,20.0,93.1,5.7,113.3,39.7,39.7
1476,default,0.4439,3.1301,0.5538,0.9142,19.0204,0.837,-0.1729,0.9217,0.5949,4.2324,3.8706,4.27,4.27,61.85,59.2,59.04,9.99,10.29,1.03,118.1,116.3,21.3,49.8,123.4,9.5,17.0,81.2,5.6,115.0,31.0,35.0
1477,default,0.4907,6.4781,1.0085,1.0326,7.1051,0.5217,0.4243,0.2669,1.3361,1.6792,8.7218,4.99,4.99,61.13,58.08,58.08,21.84,18.96,0.868,109.7,102.9,22.4,47.2,132.3,12.2,22.9,111.3,5.2,107.1,38.8,38.8
1478,default,0.4538,3.0355,1.4506,0.2322,7.3927,0.6913,0.2051,0.5544,0.5268,2.3182,4.9551,4.82,5.83,59.72,56.85,56.49,22.44,18.89,0.842,118.5,161.3,21.4,45.9,127.3,5.0,12.7,93.8,9.4,121.2,35.0,44.4
1479,default,0.2673,3.7487,0.7413,1.06,15.3296,0.6971,0.0224,0.8737,0.6929,1.2946,7.4724,4.1,4.15,62.02,59.48,59.08,6.76,7.83,1.158,117.5,114.9,20.8,51.1,121.6,9.8,17.5,84.9,5.6,116.2,29.8,35.0
1480,default,0.5991,7.4853,1.4781,0.4548,19.2407,0.4922,0.2961,0.4338,0.8031,9.3157,2.7619,5.25,5.25,60.59,57.41,57.41,11.48,6.7,0.584,106.3,102.4,21.8,48.7,120.3,12.3,21.7,101.0,6.1,119.4,40.4,40.4
1481,default,0.2563,7.5062,0.5319,0.288,17.3717,0.2248,0.1741,0.5008,0.7466,6.2187,4.0165,4.79,4.79,60.85,57.94,57.94,5.65,2.38,0.421,106.2,102.9,21.2,50.0,116.4,12.2,21.4,99.7,6.3,123.4,38.3,38.3
1482,default,0.2779,4.293,0.505,0.4243,11.3426,0.702,0.0942,0.877,0.7137,2.3502,0.4407,4.9,4.9,60.85,57.87,57.87,9.64,6.18,0.641,112.6,110.5,21.6,49.1,119.6,10.6,18.2,85.1,6.1,120.2,36.7,36.7
1483,default,0.4681,6.5238,1.6834,0.3163,6.4217,0.4154,0.1378,0.5681,1.2205,1.2225,4.7843,5.14,6.14,59.09,56.05,55.94,24.71,18.05,0.73,113.8,154.8,22.3,43.8,125.9,5.4,13.2,94.3,9.5,123.4,39.3,47.4
1484,default,0.2999,4.2295,1.4383,0.2543,7.3655,0.6375,0.2522,0.2056,0.6976,8.4044,6.3675,5.46,5.46,60.2,56.91,56.91,14.53,8.37,0.576,101.5,96.9,22.2,47.6,121.3,13.7,24.7,112.9,6.1,119.2,44.5,44.5
1485,default,0.3736,7.4223,1.2556,0.823,3.8208,0.3532,0.1541,0.1132,1.1971,4.6902,5.2658,5.1,5.1,60.92,57.81,57.81,24.06,20.44,0.85,105.3,99.9,23.5,44.6,133.3,12.9,23.8,113.1,5.4,107.8,42.0,42.0
1486,default,0.5356,7.2606,1.0868,0.9379,15.3524,0.2038,0.549,0.6343,0.5838,2.0786,3.765,5.01,5.01,60.93,57.88,57.88,12.09,8.64,0.715,112.0,107.5,21.6,49.2,122.6,11.2,19.9,94.6,5.8,116.4,37.1,37.1
1487,default,0.549,5.297,0.8453,0.4036,3.0099,0.3109,0.5853,0.5919,0.8343,8.1415,2.9376,10.31,10.31,54.94,49.28,49.28,42.79,15.08,0.352,97.4,93.1,27.1,35.9,129.3,14.9,22.5,91.5,7.2,118.1,74.5,74.5
1488,default,0.3463,2.8614,0.6554,0.6738,5.2393,0.8537,0.1294,0.2545,0.8162,5.6031,4.0325,5.05,5.05,60.84,57.77,57.77,21.26,17.51,0.824,106.3,101.4,22.7,46.4,130.0,12.6,23.4,110.0,5.5,110.2,41.5,41.5
1489,default,0.398,2.0893,1.4043,0.3564,3.7616,0.4238,-0.2616,0.1314,0.6521,1.1602,4.7218,6.47,6.47,58.77,54.97,54.97,34.89,25.74,0.738,102.8,144.9,24.6,37.9,131.6,6.1,15.3,107.4,9.4,125.1,43.1,48.6
1490,default,0.4326,7.9006,1.7099,0.831,9.3355,0.8936,0.5471,0.1536,0.6763,1.0549,2.6693,5.07,5.07,60.84,57.75,57.75,14.43,10.62,0.736,105.0,98.7,21.8,48.6,124.3,13.2,24.5,116.5,5.7,114.9,40.6,40.6
1491,default,0.3291,5.1695,0.8697,0.2045,11.7726,0.6608,0.3512,0.6888,0.9784,4.6318,4.0389,5.37,5.37,60.18,56.95,56.95,10.36,4.31,0.416,107.8,104.9,21.8,48.6,117.9,11.7,20.1,92.4,6.3,122.7,41.3,41.3
1492,default,0.5653,2.8094,1.6863,0.4788,3.293,0.211,-0.0349,0.2413,0.9317,5.6108,7.3506,6.45,8.88,55.32,51.75,51.69,51.69,31.04,0.601,103.6,174.3,26.1,31.5,138.9,4.2,12.1,103.9,10.4,119.4,59.1,71.7
1493,default,0.5333,3.338,0.5938,0.6036,13.4308,0.3142,0.0657,0.9718,1.0372,3.8076,3.3698,6.05,6.05,59.68,56.07,56.07,17.6,9.05,0.514,109.7,109.2,23.4,44.7,121.2,10.8,17.6,78.9,6.5,120.7,44.0,44.0
1494,default,0.3117,3.7833,1.3411,1.051,3.2615,0.4703,-0.0018,0.5238,1.3375,5.7031,5.4316,4.19,4.36,62.07,59.47,58.83,24.9,25.95,1.042,114.9,110.8,23.2,45.2,138.2,10.5,19.7,96.3,4.9,102.6,33.7,36.1
1495,default,0.3991,6.1005,1.7788,0.4283,3.3018,0.3314,-0.1457,0.6418,1.3795,3.1212,3.8837,5.45,6.64,58.23,55.05,54.98,35.39,24.05,0.68,110.3,149.2,24.6,38.7,130.4,5.8,13.0,84.8,8.8,120.2,46.2,52.8
1496,default,0.5356,2.463,1.0795,1.0805,5.0993,0.4794,0.152,0.8651,1.3116,3.0338,4.387,4.71,4.71,61.61,58.7,58.7,36.35,35.22,0.969,123.8,119.8,24.3,42.8,148.7,9.0,16.8,82.5,4.4,94.6,33.4,35.5
1497,default,0.2788,7.7993,0.5258,0.6645,7.8761,0.52,-0.0075,0.5884,0.8713,4.7086,5.0616,4.77,4.77,61.05,58.14,58.14,11.46,8.75,0.764,107.7,104.5,22.0,48.2,121.7,11.8,20.9,98.2,6.0,118.1,38.2,38.2
1498,default,0.302,2.6761,0.7776,0.7873,6.4492,0.2445,0.3513,0.4915,0.6279,1.3879,6.7692,4.96,4.96,60.88,57.86,57.86,15.44,11.94,0.773,110.5,106.1,22.1,47.8,125.4,11.5,20.5,97.4,5.7,114.2,38.6,38.6
1499,default,0.3747,3.0595,1.2591,1.1117,7.801,0.6817,-0.1988,0.5577,1.2033,1.3013,3.4811,3.6,4.17,62.73,60.47,59.05,18.07,21.93,1.214,115.9,112.1,22.0,48.1,134.0,10.3,19.6,96.9,4.8,104.7,28.8,35.2
1500,default,0.3586,6.869,0.876,0.5253,12.8749,0.8636,0.4432,0.7816,1.2637,7.6993,3.3514,5.0,5.0,60.76,57.73,57.73,9.36,5.49,0.587,111.0,107.5,21.4,49.5,119.6,11.2,19.5,91.6,6.0,119.9,37.6,37.6
1501,default,0.4737,4.5544,0.3933,0.8144,16.3565,0.7184,0.4317,0.313,1.1894,1.8225,0.2886,4.96,4.96,60.93,57.91,57.91,11.04,7.67,0.695,106.6,101.6,21.5,49.3,121.6,12.5,22.6,106.9,5.9,117.5,38.9,38.9
1502,default,0.3092,5.5695,0.7504,0.63,15.3338,0.5835,0.2243,0.9419,0.8087,4.8851,3.8915,4.53,4.53,61.35,58.58,58.58,7.43,5.96,0.802,116.2,113.9,21.0,50.5,119.9,9.9,17.4,82.8,5.8,118.8,33.0,35.0
1503,default,0.4124,2.7759,0.592,0.31,11.958,0.6069,0.3227,0.2097,1.4916,1.2652,3.7792,5.97,5.97,59.61,56.06,56.06,14.81,6.22,0.42,99.0,94.7,22.5,46.9,119.0,14.4,25.6,113.2,6.5,122.4,48.1,48.1
1504,default,0.573,4.4863,1.587,0.3413,9.7792,0.5174,0.3669,0.3215,1.4838,2.7253,0.7823,6.52,6.52,58.85,55.01,55.01,22.74,11.19,0.492,101.0,103.2,23.3,44.4,123.5,12.1,22.4,108.6,7.0,119.7,50.2,50.2
1505,default,0.2919,2.4699,1.283,0.6987,5.9662,0.7007,-0.1638,0.3813,1.2753,1.0319,8.9454,4.68,4.68,61.35,58.48,58.48,18.19,16.45,0.904,107.7,104.3,22.5,46.8,127.8,11.9,21.7,102.0,5.6,112.0,38.2,38.2
1506,default,0.3132,5.4672,1.8893,0.3078,15.3631,0.7618,0.2564,0.404,1.0124,1.1126,6.8882,4.75,4.75,61.07,58.17,58.17,8.0,5.37,0.671,107.5,103.6,21.1,50.2,118.9,12.0,21.5,101.3,6.0,120.2,37.3,37.3
1507,default,0.2643,4.2659,1.2334,0.6011,19.649,0.2266,0.1497,0.8818,1.2689,9.2974,2.8881,4.55,4.55,61.22,58.43,58.43,5.75,3.87,0.673,113.2,110.9,21.0,50.4,117.9,10.5,18.2,85.9,6.0,121.3,34.2,35.0
1508,default,0.3575,5.1852,0.6027,0.575,18.9944,0.3749,0.565,0.8091,0.5346,3.4856,0.951,4.85,4.85,60.9,57.95,57.95,7.24,3.99,0.551,113.6,110.7,21.1,50.2,118.4,10.5,18.2,86.0,6.1,120.9,35.6,35.6
1509,default,0.5584,6.4352,0.5427,0.2752,9.7638,0.2135,-0.0343,0.5912,1.3477,1.0743,1.6742,7.73,7.73,57.4,52.96,52.96,24.95,7.6,0.305,96.3,110.5,24.8,40.2,116.1,10.6,18.7,92.8,8.8,134.4,55.9,55.9
1510,default,0.3895,4.3238,1.4638,0.3341,6.8855,0.8596,-0.1928,0.9095,0.877,1.7765,5.6834,5.34,5.34,60.58,57.35,57.35,22.22,17.28,0.778,112.9,112.4,23.1,45.5,127.5,10.2,17.6,80.4,5.8,113.2,39.6,39.6
1511,default,0.3142,4.3577,1.9191,0.2351,3.4348,0.2039,0.1307,0.4866,0.5338,2.1672,4.1606,6.05,6.05,58.82,55.26,55.26,24.53,15.4,0.628,108.5,143.1,23.1,42.3,124.5,6.3,14.5,97.2,9.4,130.0,39.7,46.5
1512,default,0.4156,2.9173,1.3374,0.3686,5.6643,0.7271,0.2508,0.1339,1.0008,5.0591,8.3733,6.44,6.44,59.15,55.35,55.35,25.17,14.58,0.579,98.4,93.7,23.7,44.0,126.6,14.7,26.9,116.2,6.2,115.4,52.3,52.3
1513,default,0.441,3.791,0.4746,0.5341,8.6329,0.7309,0.0462,0.8225,1.1519,5.2937,6.37,5.8,5.8,59.87,56.4,56.4,19.89,12.27,0.617,109.4,108.0,23.2,45.2,123.7,11.1,18.7,84.3,6.2,117.7,43.7,43.7
1514,default,0.2502,5.2633,0.8036,0.7319,4.2713,0.5689,0.4857,0.4585,1.3439,4.0669,5.3975,4.88,4.88,60.9,57.93,57.93,15.48,12.19,0.787,109.8,104.4,21.8,48.5,125.6,11.8,21.5,103.2,5.6,113.8,38.8,38.8
1515,default,0.5323,6.3795,0.8361,0.7293,17.7142,0.6374,0.0217,0.4031,0.5287,6.8495,3.6468,5.0,5.0,60.94,57.89,57.89,11.64,8.22,0.706,104.9,101.1,22.0,48.2,121.6,12.6,22.5,105.1,6.0,118.0,39.6,39.6
1516,default,0.3307,3.1206,1.0939,0.8729,14.8541,0.7044,0.4962,0.0854,0.5949,2.6643,1.2867,4.54,4.54,61.34,58.56,58.56,8.6,7.07,0.822,103.7,97.7,21.0,50.5,121.1,13.5,25.7,121.0,5.7,117.5,38.1,38.1
1517,default,0.3888,2.1395,1.7987,0.7587,16.6597,0.2901,0.3618,0.2162,0.9981,4.3613,0.6808,4.64,4.64,61.28,58.44,58.44,9.92,8.06,0.813,105.7,100.4,21.3,49.9,121.7,12.8,23.5,112.3,5.8,117.0,37.6,37.6
1518,default,0.3205,6.4195,0.705,0.9058,3.9222,0.6217,0.2257,0.3031,0.6977,5.7317,2.1544,4.42,4.42,61.79,59.05,58.9,20.74,20.62,0.994,111.7,105.6,22.1,47.8,133.4,11.6,22.2,108.6,5.0,105.7,35.4,36.1
1519,default,0.3373,6.6708,1.4011,1.1324,3.1997,0.238,0.0391,0.9067,1.4406,3.6272,2.1884,4.21,4.32,62.08,59.47,58.86,24.51,25.57,1.043,120.5,117.5,23.4,44.7,138.2,9.3,16.9,83.2,4.9,102.8,31.8,35.7
1520,default,0.3946,3.3628,0.3364,0.8031,16.7985,0.4033,0.4447,0.9787,0.8294,1.1362,5.7033,4.73,4.73,61.13,58.24,58.24,9.39,6.96,0.741,117.9,115.5,21.2,50.0,120.9,9.7,16.8,79.9,5.8,117.9,33.7,35.0
1521,default,0.2524,3.7505,0.7066,0.6766,15.8222,0.2602,-0.144,0.115,0.8123,2.2441,3.9386,4.63,4.63,61.16,58.33,58.33,7.06,4.88,0.691,101.4,97.1,21.5,49.4,118.5,13.7,25.0,116.1,6.1,121.2,39.3,39.3
1522,default,0.4604,5.5244,0.9732,0.9584,5.0137,0.2208,-0.2225,0.7411,0.5323,1.2746,3.9399,5.59,5.59,60.29,56.92,56.92,28.96,22.81,0.788,107.8,107.7,25.6,39.6,134.4,11.1,18.6,84.0,6.0,109.4,44.3,44.3
1523,default,0.3112,6.369,0.7142,1.0679,3.3079,0.7783,-0.279,0.892,1.3095,2.0615,0.9818,3.47,4.28,62.87,60.69,58.99,23.61,28.11,1.191,122.6,120.5,22.7,46.5,139.3,8.9,16.8,82.9,4.6,100.8,26.7,35.2
1524,default,0.2686,3.2402,1.7185,0.2374,3.0386,0.5989,-0.0106,0.2074,1.0978,1.5808,0.8535,5.77,5.96,59.15,55.74,55.74,25.33,15.89,0.627,100.2,104.8,23.8,43.1,125.4,11.8,22.0,107.4,6.9,119.0,49.9,49.9
1525,default,0.5319,7.2923,1.5193,1.1328,4.9461,0.2513,0.3832,0.4356,0.5991,1.1802,5.0155,5.0,5.0,61.23,58.17,58.17,30.28,27.65,0.913,115.7,108.8,23.3,45.1,140.9,10.9,20.6,101.3,4.8,100.1,37.2,37.2
1526,default,0.4677,3.4042,0.3552,1.1652,5.8826,0.2585,0.2503,0.5558,1.2825,4.3841,2.55,4.61,4.61,61.63,58.79,58.79,26.6,25.72,0.967,115.9,110.5,23.2,45.3,138.8,10.6,19.8,97.2,4.9,101.9,35.1,35.8
1527,default,0.4678,5.2294,1.0374,0.9195,6.0315,0.209,0.4519,0.708,1.4677,5.1971,5.8663,5.12,5.12,60.86,57.75,57.75,24.35,20.54,0.844,116.4,110.8,22.7,46.3,134.0,10.5,19.2,92.9,5.2,106.2,37.8,37.8
1528,default,0.3732,3.4222,1.3191,0.4869,6.0892,0.7272,0.102,0.9102,1.0202,1.3879,4.5092,5.54,5.54,60.35,57.0,57.0,21.88,15.96,0.729,113.8,112.0,23.1,45.6,127.8,10.3,17.8,81.9,5.8,112.8,40.4,40.4
1529,default,0.3665,5.2829,0.8875,1.1501,6.8524,0.6392,0.1014,0.5658,0.7815,5.3191,3.534,3.92,4.2,62.36,59.91,59.03,17.33,19.64,1.133,116.0,111.2,21.8,48.7,132.5,10.4,19.8,98.3,4.9,106.0,30.7,35.2
1530,default,0.2626,3.6189,1.8995,0.5389,4.2044,0.7233,-0.2994,0.4294,1.3826,8.2186,5.3676,4.42,4.42,61.86,59.13,58.96,22.15,22.25,1.005,109.2,106.1,22.6,46.6,131.4,11.5,21.3,101.3,5.3,108.2,35.7,35.8
1531,default,0.5015,3.2412,1.8097,0.856,12.7185,0.5993,0.542,0.7101,1.0318,5.2169,1.228,5.18,5.18,60.75,57.6,57.6,15.61,11.38,0.729,113.7,109.3,21.9,48.3,125.0,10.8,19.1,91.0,5.7,114.3,37.9,37.9
1532,default,0.5524,3.0731,0.7979,0.2879,6.4477,0.4687,0.3304,0.6754,1.4454,1.8286,2.278,7.78,7.78,57.33,52.87,52.87,32.43,14.83,0.457,106.1,125.4,24.3,40.7,125.4,8.2,16.2,88.7,8.3,124.6,51.6,51.6
1533,default,0.5389,5.6464,0.6273,1.1334,3.7128,0.7241,0.5374,0.1832,0.5938,1.6841,3.3504,5.55,5.55,60.61,57.25,57.25,38.6,33.36,0.864,113.0,103.2,23.9,43.7,147.7,12.1,23.6,117.6,4.5,95.3,41.9,41.9
1534,default,0.3707,2.9242,0.9264,0.7626,19.8011,0.4205,0.453,0.1125,0.5947,1.5928,6.9792,4.66,4.66,61.2,58.35,58.35,7.49,5.36,0.716,104.0,98.7,21.0,50.5,119.6,13.3,24.4,115.8,5.9,119.2,38.2,38.2
1535,default,0.3575,7.4654,1.2102,1.1652,4.8051,0.4536,0.024,0.0025,1.356,5.0741,2.5758,3.89,4.23,62.39,59.96,58.98,19.76,22.21,1.124,107.4,101.2,22.4,47.1,134.9,12.6,24.8,121.9,4.9,104.5,34.5,36.0
1536,default,0.5708,2.7016,0.9125,1.0476,12.1965,0.7125,0.1311,0.8147,0.6449,5.7384,2.46,4.49,4.49,61.89,59.11,59.04,18.66,18.69,1.002,118.4,114.8,22.0,48.0,131.6,9.8,18.1,87.8,5.1,107.0,31.8,35.0
1537,default,0.3708,4.7944,0.3321,0.6632,8.3045,0.8363,0.4428,0.566,1.3532,6.5999,9.0179,5.31,5.31,60.47,57.26,57.26,14.95,9.75,0.652,109.6,105.4,22.1,47.9,123.4,11.6,20.5,96.2,5.9,116.5,40.4,40.4
1538,default,0.3472,5.805,1.2465,0.8093,19.4693,0.7585,-0.2727,0.9938,0.8961,1.4135,7.2196,4.14,4.16,61.95,59.38,59.07,7.16,7.95,1.11,118.6,117.1,20.9,50.7,121.3,9.4,16.6,79.7,5.6,116.8,29.7,35.0
1539,default,0.256,4.1205,1.1817,0.6603,10.9383,0.4865,0.1526,0.2352,1.2111,4.0439,3.3168,4.56,4.56,61.32,58.53,58.53,8.71,7.09,0.814,105.3,100.7,21.3,49.8,120.8,12.7,23.3,110.5,5.8,118.1,37.5,37.5
1540,default,0.2619,5.0212,0.423,0.2738,3.2014,0.821,-0.118,0.8149,0.524,1.444,6.9951,3.8,5.54,60.21,57.93,56.82,20.3,21.05,1.037,126.4,193.3,20.8,46.0,127.2,3.5,9.8,85.0,10.8,124.5,27.4,43.4
1541,default,0.3644,4.1745,1.8935,1.1843,4.8535,0.6908,-0.2948,0.5374,0.6791,1.7182,1.6698,2.97,4.11,64.63,62.71,59.1,26.21,36.38,1.388,121.8,118.4,22.6,46.8,146.0,9.2,18.5,94.8,4.1,94.2,21.2,35.0
1542,default,0.3798,6.425,1.4062,0.8676,12.195,0.7539,-0.2146,0.473,0.7979,1.2047,6.1567,4.07,4.14,62.22,59.69,59.08,11.35,13.03,1.148,111.5,107.7,21.3,49.8,125.7,11.1,20.6,100.0,5.4,112.3,32.0,35.0
1543,default,0.2838,5.6297,0.3643,1.1971,11.7406,0.5451,0.0812,0.022,1.0547,3.7495,5.7479,4.06,4.18,62.08,59.56,59.06,8.5,9.81,1.154,104.5,98.6,21.0,50.6,123.4,13.3,26.0,123.6,5.5,114.5,35.1,35.5
1544,default,0.3176,7.4167,1.9394,0.3585,13.2515,0.6581,0.1151,0.2462,0.737,2.1281,3.2748,4.69,4.69,61.21,58.33,58.33,8.92,6.76,0.758,104.4,99.8,21.2,49.9,119.9,12.9,23.5,111.1,5.9,119.1,38.2,38.2
1545,default,0.3194,3.4478,0.6143,1.0022,6.3809,0.8123,0.4735,0.069,1.0387,3.9371,2.1492,4.6,4.6,61.48,58.66,58.66,16.75,15.51,0.926,107.3,100.3,21.7,48.9,128.8,12.8,24.7,119.8,5.2,109.8,37.6,37.6
1546,default,0.2971,4.2144,1.8638,0.9198,4.2287,0.5398,-0.1074,0.208,1.2963,2.7394,3.5479,3.88,4.21,62.5,60.08,59.01,20.84,23.6,1.132,110.0,105.0,22.4,47.1,135.0,11.7,22.6,111.2,4.9,104.3,32.8,35.5
1547,default,0.5545,2.6715,1.0693,0.4005,6.764,0.8754,0.313,0.1724,1.0496,8.9274,4.6443,7.47,7.47,58.05,53.72,53.72,29.77,14.57,0.489,96.8,92.6,24.7,41.6,127.0,15.0,26.3,111.0,6.5,116.4,58.8,58.8
1548,default,0.3065,5.6861,0.5702,0.8463,8.5007,0.2752,0.5627,0.707,1.3744,2.1662,5.0815,4.79,4.79,61.07,58.15,58.15,11.87,9.2,0.775,113.3,108.8,21.4,49.5,123.0,10.9,19.5,93.4,5.7,115.9,36.1,36.1
1549,default,0.4278,5.04,0.5043,1.0963,3.1075,0.6664,0.4289,0.9283,0.5361,2.2345,3.7517,4.71,4.71,61.47,58.58,58.58,32.82,31.36,0.956,127.5,121.4,23.1,45.5,144.7,8.7,16.4,82.5,4.4,96.7,32.3,35.6
1550,default,0.4625,5.7911,0.4011,0.5592,5.693,0.8841,0.0916,0.0592,1.1976,1.0798,5.9332,4.52,5.77,59.94,57.23,56.62,26.25,24.41,0.93,110.9,156.0,21.5,45.0,130.9,5.3,15.4,124.2,9.8,119.2,36.2,47.6
1551,default,0.5191,2.9063,1.5631,0.3233,3.8083,0.6049,-0.2813,0.0941,0.7288,1.2567,7.619,6.45,6.45,58.81,55.01,55.01,45.5,38.28,0.841,109.7,183.5,24.2,36.3,140.4,3.8,12.1,109.5,10.5,123.6,35.5,49.9
1552,default,0.3099,2.0105,1.4673,0.7683,4.2378,0.7474,0.4812,0.931,0.6212,8.4649,7.8239,5.21,5.21,60.63,57.47,57.47,21.99,17.4,0.791,119.5,115.4,22.5,46.9,130.4,9.7,17.1,81.7,5.4,109.5,37.4,37.4
1553,default,0.4663,5.2838,0.621,0.8168,14.1717,0.7645,-0.2853,0.7438,0.9767,1.0808,3.8872,4.58,4.58,61.52,58.7,58.7,13.32,12.2,0.916,112.1,110.0,22.0,48.2,124.3,10.7,19.0,89.3,5.7,114.9,34.8,35.2
1554,default,0.3973,7.0566,0.4446,0.9452,9.2201,0.2969,-0.0343,0.869,0.6333,6.1424,4.45,4.83,4.83,61.16,58.21,58.21,14.64,12.13,0.829,112.8,110.7,22.6,46.6,125.1,10.5,18.3,85.9,5.9,115.0,36.6,36.6
1555,default,0.3715,2.2515,1.3816,0.3465,3.8409,0.2953,0.4532,0.5659,0.7245,1.2157,0.4655,6.91,6.91,58.15,54.13,54.13,27.8,13.82,0.497,105.4,105.7,24.1,42.7,126.7,11.5,20.1,94.1,6.7,117.3,53.3,53.3
1556,default,0.3726,5.3519,1.0452,0.9203,19.4336,0.7598,0.4752,0.2121,0.9184,1.7783,3.4767,4.47,4.47,61.47,58.73,58.73,7.09,6.04,0.852,106.2,100.9,20.8,50.9,120.2,12.7,23.4,112.3,5.8,118.1,36.1,36.1
1557,default,0.275,4.1706,1.4914,0.5778,3.2505,0.7524,-0.2485,0.8249,1.0581,6.896,5.4922,4.6,4.6,61.5,58.67,58.67,24.05,22.86,0.951,115.3,114.0,23.1,45.5,132.7,9.9,17.9,84.1,5.3,107.7,35.4,35.9
1558,default,0.5582,2.0296,1.2989,1.1135,3.8004,0.4629,0.3665,0.2512,0.693,4.8727,3.0715,5.1,5.1,61.16,58.04,58.04,46.8,43.79,0.936,117.3,108.0,24.4,42.4,158.4,11.1,22.4,112.8,3.9,87.5,38.2,38.2
1559,default,0.526,6.5671,1.6456,0.5295,4.2666,0.2057,0.5777,0.5786,1.2654,7.8085,7.07,7.94,7.94,57.58,53.01,53.01,31.41,14.21,0.452,103.6,98.6,24.9,41.1,128.2,13.3,21.7,95.4,6.5,115.6,58.0,58.0
1560,default,0.578,4.7565,1.4514,0.3531,4.2989,0.216,0.5453,0.7609,0.8212,2.2651,6.1391,7.83,7.83,56.95,52.49,52.49,36.69,20.59,0.561,118.6,174.8,23.3,40.0,130.4,4.2,10.8,85.6,10.4,129.7,41.9,48.7
1561,default,0.5133,6.5189,0.9677,0.2503,7.0131,0.4124,0.4024,0.8807,0.9233,5.2958,6.7628,7.35,7.35,58.05,53.79,53.79,23.4,8.41,0.359,106.4,104.8,24.1,43.1,121.1,11.8,18.7,80.8,6.9,122.4,53.3,53.3
1562,default,0.3709,4.3587,1.2913,0.9963,8.6556,0.2953,-0.1022,0.5947,1.1553,1.2723,5.103,4.72,4.72,61.36,58.46,58.46,16.49,14.7,0.891,108.4,105.3,22.8,46.3,127.0,11.6,20.8,98.1,5.7,113.1,37.7,37.7
1563,default,0.5674,7.5005,1.355,0.5031,3.051,0.7953,0.221,0.2225,0.9931,1.5706,5.7761,5.44,6.58,58.74,55.54,55.38,43.17,35.55,0.823,117.6,170.0,23.3,40.3,145.4,4.5,13.1,108.8,8.8,107.5,41.2,51.0
1564,default,0.285,7.7653,1.927,0.7988,3.8879,0.2052,0.1632,0.2039,1.2468,2.7722,2.9103,4.7,4.74,61.18,58.3,58.28,17.62,15.4,0.874,105.6,100.5,22.6,46.6,128.2,12.8,23.5,112.0,5.6,112.0,39.9,39.9
1565,default,0.5994,5.6252,1.5552,0.7568,6.3094,0.7061,-0.0373,0.4365,1.1974,5.6282,7.3581,5.62,5.62,60.57,57.17,57.17,33.24,27.76,0.835,107.4,104.2,24.5,42.2,138.3,11.9,21.4,98.8,5.4,103.9,42.9,42.9
1566,default,0.274,6.6921,1.9414,0.9353,16.3849,0.8054,0.5646,0.8249,1.2046,1.7197,2.7236,4.36,4.36,61.54,58.86,58.86,5.77,5.1,0.884,116.2,113.1,20.6,51.4,119.3,10.1,17.8,86.0,5.8,118.9,31.9,35.0
1567,default,0.4571,3.0303,0.4796,0.7204,3.0112,0.3253,0.1725,0.1747,1.2251,1.6336,2.9137,5.33,6.12,59.02,55.87,55.87,39.56,30.51,0.771,107.3,129.6,24.7,39.3,142.3,7.7,18.2,115.9,7.2,107.1,46.6,51.3
1568,default,0.5647,4.8377,1.859,0.7306,3.1973,0.6941,0.2126,0.4924,0.89,1.2827,6.6858,5.79,5.79,60.23,56.75,56.75,49.77,43.12,0.866,114.8,108.5,25.2,40.4,156.1,11.0,21.0,99.9,4.3,90.6,43.4,43.4
1569,default,0.4995,4.3455,0.855,0.2442,4.3161,0.7508,-0.2718,0.1866,1.2984,2.0536,7.3459,7.67,7.67,57.32,52.93,52.93,41.4,28.15,0.68,103.2,170.0,24.1,36.9,128.3,4.5,12.9,106.4,11.4,135.6,44.5,53.1
1570,default,0.2773,5.3363,0.7195,1.1852,11.4679,0.2001,0.1512,0.6462,0.6594,1.9947,6.9556,4.22,4.22,61.87,59.26,59.05,8.51,8.95,1.052,114.9,111.6,21.2,50.1,122.8,10.4,18.6,90.1,5.6,115.5,31.8,35.0
1571,default,0.3117,2.9209,1.581,0.3809,13.5662,0.7837,0.4486,0.6207,1.4763,1.4091,5.0407,5.02,5.02,60.68,57.64,57.64,9.15,5.02,0.549,109.9,106.5,21.4,49.5,119.0,11.4,19.8,92.9,6.1,120.7,38.2,38.2
1572,default,0.4694,6.5203,0.765,1.0712,13.7725,0.8522,-0.0078,0.7955,1.0739,2.1748,7.2669,4.13,4.14,62.15,59.58,59.08,12.15,13.5,1.111,117.6,114.5,21.3,49.7,126.7,9.8,18.0,87.5,5.3,111.3,30.4,35.0
1573,default,0.4793,7.0898,1.4961,0.349,3.5992,0.2522,-0.2686,0.8291,0.7773,7.2945,3.753,8.89,8.89,56.33,51.32,51.32,39.25,17.31,0.441,92.3,96.5,28.4,33.0,124.8,13.8,19.8,77.8,7.8,124.4,70.1,70.1
1574,default,0.4193,3.3574,1.6714,0.987,11.3824,0.4735,0.5837,0.6116,0.7684,2.0564,2.8606,4.73,4.73,61.23,58.33,58.33,14.01,11.84,0.845,114.8,109.9,21.5,49.3,125.5,10.7,19.3,93.6,5.5,113.1,35.1,35.1
1575,default,0.5836,2.6433,1.3735,0.3021,7.2917,0.5216,0.3038,0.834,1.1168,1.8183,5.2273,5.41,6.67,58.3,55.14,55.14,30.36,20.4,0.672,121.2,171.0,22.4,43.1,129.9,4.4,11.1,83.4,9.5,120.2,39.5,48.4
1576,default,0.4937,6.8906,1.2597,0.5419,7.8605,0.43,0.1112,0.0566,1.2841,1.1447,2.0341,6.35,6.35,59.39,55.62,55.62,22.37,12.54,0.561,96.9,93.0,23.9,43.6,124.0,14.9,26.6,114.7,6.4,118.2,51.6,51.6
1577,default,0.524,5.1341,0.5967,0.6788,3.5197,0.7378,-0.2335,0.6342,1.2257,8.3625,3.2809,6.94,6.94,58.68,54.6,54.6,45.28,32.61,0.72,100.1,100.2,26.9,36.5,139.6,12.8,21.9,93.3,6.0,106.7,55.6,55.6
1578,default,0.4071,7.1337,1.3725,0.6383,5.8609,0.7933,0.0145,0.8599,1.3728,6.4784,1.4769,4.96,4.96,61.11,58.08,58.08,21.56,18.68,0.866,115.4,113.1,22.8,46.2,130.4,10.1,17.8,84.1,5.5,109.6,36.5,36.5
1579,default,0.5873,6.4219,1.1197,0.7472,15.7521,0.5044,0.402,0.1108,0.6771,2.9997,4.9507,5.21,5.21,60.68,57.52,57.52,12.96,8.49,0.655,103.0,97.5,21.9,48.5,122.4,13.6,25.0,116.2,5.9,117.0,41.9,41.9
1580,default,0.5293,2.0203,1.8537,0.5459,7.8661,0.3873,0.0545,0.4268,1.2387,3.962,2.0165,7.0,7.0,58.72,54.62,54.62,29.13,16.46,0.565,99.4,97.6,25.0,40.9,126.3,13.5,22.3,97.0,6.6,117.1,53.8,53.8
1581,default,0.4808,6.8614,1.1323,0.6738,6.4557,0.7078,-0.2528,0.6746,0.5771,8.0342,3.189,5.13,5.13,60.97,57.85,57.85,24.48,20.94,0.855,110.5,109.2,23.8,43.8,132.3,10.8,19.0,87.6,5.6,108.8,39.2,39.2
1582,default,0.3219,3.4515,1.0144,0.8961,5.7705,0.6401,0.4919,0.9889,1.4109,4.5061,5.6557,4.86,4.86,61.13,58.16,58.16,17.58,14.93,0.849,121.3,117.6,21.9,48.3,128.3,9.3,16.5,79.8,5.4,110.8,34.1,35.2
1583,default,0.398,6.9081,1.1244,1.1983,3.2456,0.524,-0.2538,0.1397,1.0089,9.0441,3.5121,3.11,4.29,63.18,61.21,58.94,29.91,35.89,1.2,111.6,106.5,23.9,43.7,148.0,11.4,22.7,113.9,4.3,94.8,29.8,36.2
1584,default,0.5344,4.009,1.5114,0.3082,12.7662,0.5612,-0.242,0.8354,0.6654,3.5403,4.1434,5.85,5.85,59.9,56.4,56.4,18.64,11.01,0.591,107.1,107.0,23.5,44.5,122.1,11.3,18.7,83.0,6.5,119.8,44.3,44.3
1585,default,0.4599,7.1423,1.8907,0.6844,4.9964,0.7944,0.5935,0.5295,0.7776,2.4683,5.2696,4.79,5.71,59.79,56.93,56.62,24.46,21.37,0.874,120.7,161.9,21.2,46.1,131.1,4.9,13.2,103.3,9.3,117.6,34.1,44.2
1586,default,0.3801,2.8014,0.8945,0.3371,4.6028,0.5453,-0.1812,0.7885,1.4354,1.0118,2.8444,6.5,6.5,58.35,54.55,54.55,31.14,18.34,0.589,107.6,136.1,24.4,40.1,125.3,7.0,14.3,83.0,8.6,126.6,45.1,47.0
1587,default,0.2779,5.4763,0.5757,0.2755,6.5793,0.849,0.5836,0.1967,1.4155,1.45,5.039,5.71,5.71,59.67,56.26,56.26,12.72,4.72,0.371,100.8,95.8,22.2,47.7,118.6,14.1,24.8,112.4,6.4,122.6,46.8,46.8
1588,default,0.4602,2.3841,0.7189,0.454,4.171,0.5698,0.4117,0.7278,1.1537,2.2715,0.8453,7.6,7.6,57.75,53.36,53.36,34.1,17.89,0.525,107.4,112.1,24.8,40.7,130.5,10.3,18.4,88.8,6.9,115.6,53.7,53.7
1589,default,0.2687,7.6877,1.8553,0.649,5.4767,0.884,-0.1931,0.5547,1.4615,9.4983,5.1204,3.8,4.15,62.57,60.19,59.08,15.32,18.39,1.2,115.6,111.9,21.3,49.8,129.6,10.3,19.4,95.1,5.0,108.1,29.2,35.0
1590,default,0.2664,6.2929,1.595,0.5809,17.2483,0.6071,0.5639,0.6707,0.6972,5.4903,2.5996,4.62,4.62,61.13,58.31,58.31,5.58,3.35,0.6,111.6,108.2,20.8,50.9,117.8,11.0,19.4,92.0,6.0,121.2,35.1,35.1
1591,default,0.4449,2.9682,1.0795,0.7461,3.2438,0.2694,-0.0759,0.7064,1.4701,3.6587,6.5581,5.35,6.32,58.87,55.72,55.52,40.28,34.56,0.858,120.5,190.2,24.2,37.3,139.3,3.6,9.9,83.9,9.8,115.1,39.4,50.8
1592,default,0.3799,3.2113,0.7241,0.548,9.0954,0.5344,-0.1837,0.4663,0.6994,1.8179,4.5041,5.45,5.45,60.3,57.02,57.02,16.7,10.83,0.649,103.4,101.2,23.2,45.4,122.7,12.6,21.8,98.8,6.3,118.7,44.0,44.0
1593,default,0.4005,5.9605,0.8338,0.292,6.4531,0.6574,0.0978,0.1572,0.9865,1.2277,3.7835,4.9,5.87,59.46,56.55,56.37,20.92,14.94,0.714,106.6,134.2,22.0,45.3,124.5,7.2,17.1,112.9,8.8,122.8,41.0,47.6
1594,default,0.5588,7.4173,0.5739,0.276,17.4671,0.3991,0.2628,0.0915,0.9468,3.5029,3.7229,5.91,5.91,59.66,56.13,56.13,12.33,3.93,0.319,96.2,91.8,22.4,47.1,117.0,15.3,28.0,119.9,6.7,124.6,49.3,49.3
1595,default,0.5847,2.1527,1.1808,0.4405,17.466,0.447,-0.0921,0.4355,0.9472,2.0985,6.3669,6.08,6.08,59.61,55.98,55.98,16.5,7.69,0.466,100.7,98.9,23.3,44.9,119.5,13.2,22.1,98.0,6.7,122.6,47.4,47.4
1596,default,0.2889,5.4036,0.9659,0.4313,4.1485,0.6754,0.5351,0.4978,1.2818,3.1924,8.1205,5.81,5.81,59.59,56.13,56.13,17.72,9.37,0.529,107.0,102.5,22.7,46.5,123.0,12.3,21.2,97.5,6.2,118.3,45.7,45.7
1597,default,0.5264,4.9728,1.7435,0.5933,10.1927,0.7778,0.577,0.9131,1.4001,4.3191,5.1222,6.18,6.18,59.55,55.87,55.87,17.83,8.69,0.487,112.4,109.2,22.8,46.3,122.7,10.8,18.1,82.8,6.2,118.3,43.8,43.8
1598,default,0.5974,4.5369,1.5522,0.5913,6.5612,0.6701,0.184,0.9501,1.0437,1.1875,1.8687,5.98,5.98,60.03,56.44,56.44,31.11,23.57,0.758,116.1,113.6,24.0,43.5,135.5,10.0,17.4,80.2,5.5,106.1,41.9,41.9
1599,default,0.4385,7.4482,1.7072,0.7065,6.4821,0.552,0.5585,0.1088,0.9533,1.8846,2.0576,5.82,5.82,59.88,56.39,56.39,19.68,12.04,0.612,101.3,94.7,22.7,46.4,125.7,14.4,27.1,121.8,5.9,115.0,47.4,47.4
1600,default,0.255,5.2275,1.541,0.9484,8.4906,0.7775,0.082,0.4066,0.6086,3.9158,2.8767,3.98,4.15,62.25,59.77,59.08,10.4,12.29,1.182,112.2,107.5,20.9,50.8,125.2,11.2,21.0,102.9,5.3,112.4,31.4,35.0
1601,default,0.3876,6.6128,1.7079,0.9934,11.9148,0.7844,0.5652,0.2685,1.3044,1.9643,6.2532,4.67,4.67,61.32,58.45,58.45,11.14,9.3,0.835,108.4,102.7,21.2,50.0,123.1,12.2,22.5,108.8,5.6,115.3,36.7,36.7
1602,default,0.5327,3.8524,1.4121,0.2479,6.513,0.6301,0.3238,0.7844,1.0182,3.3703,2.5168,7.87,7.87,57.63,53.1,53.1,29.5,12.55,0.425,103.2,101.5,24.8,41.4,124.1,12.5,20.0,85.2,6.8,119.9,57.1,57.1
1603,default,0.4308,2.3218,1.9047,0.2013,9.1196,0.7504,0.0065,0.2156,1.4392,2.3598,4.7193,6.29,6.29,59.4,55.66,55.66,22.74,13.03,0.573,98.0,95.1,23.5,44.5,122.4,14.3,24.8,108.8,6.5,119.6,50.6,50.6
1604,default,0.2585,6.6735,1.0841,0.4154,5.3324,0.5862,0.0316,0.9672,0.7611,1.661,4.8295,5.19,5.19,60.48,57.34,57.34,14.44,9.49,0.657,113.8,112.7,22.5,47.0,122.1,10.2,17.1,79.0,6.1,118.6,38.8,38.8
1605,default,0.2973,4.4604,0.6866,1.0961,9.1508,0.8477,0.3371,0.7323,1.1858,4.9202,3.0283,4.15,4.19,62.04,59.46,59.05,11.55,12.59,1.09,118.6,114.5,21.0,50.5,126.0,9.8,18.0,88.7,5.2,111.8,30.2,35.0
1606,default,0.4306,4.6354,1.6078,0.3943,7.893,0.7297,-0.084,0.981,0.5394,4.1008,4.276,5.35,5.35,60.56,57.32,57.32,20.38,15.35,0.753,114.2,113.5,23.1,45.6,126.6,10.0,17.1,78.3,5.9,114.0,39.0,39.0
1607,default,0.5664,2.7411,0.7493,0.2001,9.734,0.8346,0.5872,0.1482,0.7581,7.7093,7.12,8.19,8.19,57.25,52.56,52.56,22.63,4.15,0.183,92.6,88.4,24.4,42.5,117.8,16.5,28.0,112.9,7.3,126.8,63.6,63.6
1608,default,0.3129,5.608,1.2371,0.3862,5.5322,0.7229,0.0852,0.219,1.423,1.0806,3.3727,5.61,5.61,60.08,56.71,56.71,19.08,12.35,0.647,101.7,97.8,22.9,46.0,123.9,13.5,23.9,108.9,6.1,117.1,45.8,45.8
1609,default,0.5898,4.6129,0.7243,0.3756,8.3599,0.7567,0.2364,0.9292,1.1403,3.1617,1.4296,7.44,7.44,58.17,53.84,53.84,26.81,11.95,0.446,106.6,105.8,24.5,42.3,123.3,11.5,18.4,79.1,6.8,120.0,53.1,53.1
1610,default,0.3525,5.8158,0.5164,1.1344,10.1575,0.239,-0.2831,0.9973,0.8173,3.6812,3.9343,4.45,4.45,61.62,58.88,58.88,12.69,12.07,0.951,116.5,115.7,22.4,47.2,124.7,9.6,16.6,78.6,5.8,115.0,33.0,35.1
1611,default,0.5809,5.3927,0.7702,0.7949,11.1034,0.389,0.3215,0.985,1.3155,1.3074,4.6427,5.43,5.43,60.46,57.18,57.18,17.99,12.57,0.699,115.7,113.0,22.6,46.7,126.1,10.1,17.4,81.4,5.8,114.0,38.7,38.7
1612,default,0.3029,6.841,0.5831,1.1138,3.1344,0.236,0.5149,0.513,0.6418,1.0873,4.0091,4.23,4.35,62.0,59.37,58.9,20.93,21.73,1.038,117.8,110.7,21.7,48.8,134.8,10.5,20.3,102.2,4.7,103.8,32.4,35.6
1613,default,0.3682,2.3879,0.9406,0.7999,4.0497,0.8198,0.3724,0.3311,0.6317,2.0977,9.2491,5.13,5.13,60.78,57.66,57.66,26.13,22.08,0.845,109.7,103.2,22.9,45.9,135.2,12.1,22.8,109.6,5.1,105.4,41.0,41.0
1614,default,0.3207,3.4786,1.5089,0.4257,8.9125,0.3748,-0.1463,0.1798,1.4522,1.3907,5.9216,5.76,5.76,59.87,56.42,56.42,16.7,9.15,0.548,97.8,95.0,23.2,45.3,119.8,14.3,24.7,109.8,6.6,122.2,47.7,47.7
1615,default,0.3737,6.4387,1.1745,0.4678,3.1412,0.7943,0.3317,0.5223,0.6635,2.4377,2.4574,4.94,5.68,59.68,56.73,56.63,27.19,20.55,0.756,115.7,134.4,22.6,44.8,132.9,7.1,15.9,96.6,7.2,112.3,39.3,44.3
1616,default,0.447,2.8188,1.272,0.3627,5.4584,0.4297,0.1108,0.713,1.4286,1.5419,3.8473,6.59,6.59,58.5,54.65,54.65,30.28,18.89,0.624,111.6,147.4,23.6,41.3,126.7,5.9,13.3,86.2,9.1,126.9,41.1,45.3
1617,default,0.5446,6.0733,0.7182,0.9986,4.7827,0.6617,0.4955,0.2025,1.2234,4.6481,7.8075,5.78,5.78,60.15,56.67,56.67,31.74,24.89,0.784,109.0,101.2,23.7,44.1,138.7,12.6,23.6,113.2,5.1,102.9,44.5,44.5
1618,default,0.4921,2.4824,1.8913,0.7642,3.69,0.4605,0.3467,0.7485,0.6718,5.9507,5.4809,5.88,5.88,60.05,56.52,56.52,41.01,33.74,0.823,117.7,111.9,24.4,42.3,146.2,10.3,18.9,90.0,4.8,97.5,42.6,42.6
1619,default,0.2676,3.7826,1.3109,0.7141,3.6145,0.744,0.5596,0.0059,0.6534,3.65,1.5079,5.24,5.24,60.5,57.33,57.33,19.21,14.22,0.74,102.6,95.3,22.3,47.4,127.6,14.2,27.8,126.5,5.6,112.4,44.4,44.4
1620,default,0.5679,3.3876,1.5541,1.0519,8.9188,0.794,-0.193,0.7369,0.5149,8.0242,3.1168,3.4,4.13,62.99,60.85,59.1,25.92,30.86,1.191,122.9,120.0,22.5,46.9,141.7,9.0,17.3,86.2,4.4,98.1,25.3,35.0
1621,default,0.3069,5.8148,1.5801,0.9867,9.1667,0.7857,0.0105,0.2337,1.408,1.9529,8.5436,3.9,4.14,62.36,59.93,59.08,11.62,13.97,1.202,109.2,103.8,21.0,50.4,126.6,12.0,23.0,112.8,5.2,111.0,32.2,35.1
1622,default,0.4066,4.0686,0.558,0.3635,3.7711,0.3102,0.4654,0.0733,1.1021,3.4148,8.233,4.92,6.62,58.56,55.68,55.04,28.27,23.39,0.827,115.6,179.0,21.1,44.1,130.4,4.0,12.7,120.4,11.6,124.2,38.1,53.9
1623,default,0.5594,2.8214,1.5753,0.8693,16.0504,0.6912,0.1162,0.0527,0.7862,6.2135,4.6618,4.48,4.48,61.75,58.98,58.98,15.09,14.74,0.977,105.2,99.4,21.7,48.9,127.4,13.0,25.3,120.1,5.3,111.0,36.9,36.9
1624,default,0.3365,2.0601,0.8084,0.7387,5.4881,0.4542,0.4091,0.3028,0.6276,1.9615,1.6615,5.28,5.28,60.58,57.38,57.38,20.56,15.71,0.764,107.6,101.8,22.5,46.8,128.9,12.5,22.8,108.3,5.5,111.0,41.8,41.8
1625,default,0.3645,6.6632,0.8478,0.5041,7.1466,0.3055,0.5643,0.3912,0.6899,3.1855,2.8698,5.73,5.73,59.88,56.45,56.45,15.46,7.99,0.517,105.2,100.2,22.4,47.2,121.9,12.8,22.5,104.0,6.2,118.8,44.7,44.7
1626,default,0.361,2.788,1.4264,0.5056,17.4476,0.2018,0.5015,0.4706,1.4261,7.7292,2.3934,4.94,4.94,60.81,57.81,57.81,8.4,4.77,0.568,107.9,103.8,21.3,49.9,119.0,12.0,21.2,99.9,6.0,120.4,38.3,38.3
1627,default,0.3736,4.4223,1.8495,0.5561,3.8171,0.366,0.103,0.5018,0.5129,1.3671,3.2321,5.72,5.72,60.02,56.58,56.58,27.28,20.19,0.74,105.8,102.4,24.3,42.7,132.0,12.3,21.5,98.6,5.8,110.4,45.9,45.9
1628,default,0.2857,6.8492,0.7212,0.6648,4.8933,0.7922,0.4824,0.2235,0.8895,1.9046,4.4584,5.19,5.19,60.6,57.46,57.46,15.29,10.67,0.698,106.3,100.7,22.0,48.1,124.2,12.7,23.0,108.9,5.8,115.4,41.2,41.2
1629,default,0.4661,5.6363,0.5662,1.0606,9.9987,0.2198,-0.1259,0.6768,0.9462,1.2534,3.2602,5.03,5.03,60.95,57.89,57.89,17.26,13.84,0.802,109.3,107.3,23.2,45.2,126.0,11.2,19.3,89.9,6.0,114.8,39.1,39.1
1630,default,0.2675,3.554,1.1796,1.0689,9.2489,0.617,0.3241,0.3848,1.1355,2.8575,2.3589,4.15,4.19,62.06,59.48,59.06,10.26,11.35,1.106,111.7,106.4,20.8,50.9,124.8,11.4,21.4,105.1,5.3,112.8,32.4,35.1
1631,default,0.571,4.1452,1.6647,0.6093,6.3317,0.7758,-0.2196,0.0249,1.1729,5.917,4.3351,5.56,5.56,60.68,57.31,57.31,36.69,31.61,0.862,99.2,95.5,24.7,41.6,139.7,14.2,27.9,121.1,5.3,102.8,46.3,46.3
1632,default,0.3197,5.7243,1.7209,0.3765,19.2824,0.4469,-0.0037,0.3039,1.1914,2.105,4.1854,4.81,4.81,60.94,58.01,58.01,7.5,4.43,0.591,103.8,100.1,21.4,49.6,117.7,12.9,22.9,106.7,6.2,122.1,39.2,39.2
1633,default,0.44,6.1979,1.7826,1.0846,9.9832,0.4107,-0.1995,0.505,1.1423,6.8825,9.149,4.08,4.2,62.27,59.73,59.03,15.82,17.6,1.113,111.5,107.9,22.2,47.6,129.6,11.1,20.5,99.3,5.3,109.3,32.5,35.3
1634,default,0.5152,4.5044,1.5761,1.003,12.4739,0.4257,-0.1092,0.0398,1.1454,6.3347,5.0366,4.52,4.52,61.73,58.94,58.94,16.76,16.31,0.973,103.5,98.5,22.5,46.9,128.5,13.3,25.2,118.8,5.5,110.9,38.1,38.1
1635,default,0.5319,3.2773,0.4186,0.5188,6.1166,0.4991,0.2216,0.2868,0.8111,2.9507,1.9884,6.06,6.33,58.6,55.05,55.05,29.79,18.38,0.617,103.5,116.8,23.9,42.0,129.9,9.5,19.8,110.0,7.4,116.1,49.7,50.2
1636,default,0.5586,4.8449,1.8286,1.0103,3.8299,0.2707,0.2021,0.8183,0.532,4.7072,7.3646,5.75,5.75,60.39,56.92,56.92,42.05,35.89,0.854,117.3,113.1,25.6,39.7,149.4,10.1,18.0,85.7,4.9,95.9,41.7,41.7
1637,default,0.5709,3.9282,0.5085,0.8103,3.5635,0.6649,0.084,0.3287,1.3673,2.4373,0.6252,6.7,6.7,58.97,55.02,55.02,45.95,34.42,0.749,103.5,105.6,26.1,37.7,146.2,11.6,22.4,108.9,5.8,100.8,52.1,52.1
1638,default,0.5093,6.865,1.4048,1.0718,14.2818,0.691,0.3162,0.0206,1.2653,6.1969,0.3883,4.35,4.35,61.85,59.16,59.07,12.76,12.92,1.013,105.3,98.7,21.2,50.0,126.2,13.2,26.1,124.3,5.3,111.8,36.3,36.3
1639,default,0.2746,6.7795,0.3342,0.8701,12.8361,0.3677,0.3924,0.3769,1.2462,1.2666,3.3643,4.42,4.42,61.53,58.81,58.81,7.13,6.31,0.885,109.3,104.7,20.8,50.9,120.3,11.8,21.5,103.2,5.7,118.0,34.8,35.1
1640,default,0.5276,3.9951,1.1961,1.0226,9.3949,0.8528,0.1615,0.3028,0.9847,9.254,8.4412,4.26,4.26,62.13,59.48,59.05,20.04,21.11,1.053,112.7,106.9,21.9,48.4,133.8,11.3,21.8,107.5,4.8,104.7,33.2,35.3
1641,default,0.5277,4.3093,1.6034,0.6463,12.3746,0.6215,0.1191,0.6111,1.1884,1.3698,2.9221,5.08,5.08,60.92,57.83,57.83,17.14,13.53,0.789,110.5,107.2,22.4,47.3,126.0,11.2,20.0,93.7,5.7,113.6,38.4,38.4
1642,default,0.58,4.4156,0.5464,0.2507,7.3087,0.6264,0.2707,0.5672,0.6495,7.3471,2.1653,8.01,8.01,57.4,52.81,52.81,28.0,10.23,0.365,97.7,95.7,25.0,41.0,122.1,14.1,22.7,95.3,7.1,122.4,60.5,60.5
1643,default,0.573,7.601,1.9118,1.1164,3.2819,0.7678,-0.2356,0.8869,1.1065,1.1292,3.0592,2.94,4.1,64.63,62.72,59.1,50.87,61.03,1.2,129.3,126.7,25.0,41.0,172.2,8.0,16.3,84.0,3.1,78.3,19.4,35.0
1644,default,0.4082,6.9552,1.7496,0.2171,3.1436,0.6586,-0.0527,0.5524,0.5885,5.6225,2.1205,6.99,6.99,58.52,54.43,54.43,33.28,20.11,0.604,100.8,100.0,25.5,39.8,129.7,12.9,21.2,90.9,6.4,114.7,54.9,54.9
1645,default,0.493,5.079,1.6458,0.6332,8.2,0.3956,0.4078,0.344,0.6049,7.8562,3.12,5.64,5.64,60.26,56.86,56.86,20.31,13.99,0.689,106.9,101.7,22.7,46.5,127.1,12.5,22.4,104.6,5.8,113.0,43.1,43.1
1646,default,0.3944,3.8227,1.1083,0.8718,4.014,0.5285,0.0669,0.6242,0.567,4.1154,4.8865,4.93,4.93,61.19,58.18,58.18,27.91,25.32,0.907,113.1,109.2,23.8,43.8,138.1,10.8,19.8,94.5,5.1,103.4,38.2,38.2
1647,default,0.406,3.6316,0.4204,1.0286,3.3592,0.6606,0.0911,0.2493,1.3764,6.4117,2.608,4.51,4.51,61.65,58.88,58.73,32.12,31.51,0.981,108.7,102.2,23.8,43.9,144.1,12.3,24.6,119.3,4.6,98.1,38.6,38.6
1648,default,0.2553,4.8189,1.2059,0.8258,3.7492,0.6044,-0.296,0.7864,1.0162,1.3386,6.575,4.09,4.31,62.18,59.63,58.9,18.88,20.41,1.081,116.7,114.9,22.6,46.7,131.9,9.8,17.8,85.7,5.2,107.7,31.7,35.5
1649,default,0.5737,4.6164,0.6373,1.062,12.0222,0.8285,0.2353,0.9869,0.6586,1.2939,2.3948,4.65,4.65,61.57,58.71,58.71,17.36,16.26,0.937,120.6,117.5,21.9,48.3,129.4,9.3,16.8,81.3,5.3,109.3,32.3,35.0
1650,default,0.418,4.0871,1.8243,0.9343,18.4946,0.8236,-0.2795,0.2488,0.8621,5.4414,2.961,3.6,4.1,62.63,60.38,59.1,9.85,13.46,1.366,110.5,105.7,20.7,51.2,125.6,11.5,22.1,108.9,5.2,111.7,29.8,35.0
1651,default,0.2501,3.7507,0.3864,1.0593,4.0808,0.371,0.3711,0.1389,0.7477,2.0935,3.3125,4.22,4.29,62.01,59.39,58.96,16.99,17.83,1.049,108.6,101.5,21.5,49.3,130.8,12.5,24.6,121.3,5.0,107.4,35.1,36.0
1652,default,0.374,4.3295,0.8668,0.6789,5.5443,0.7874,0.0668,0.3523,0.6837,1.6746,4.0605,4.82,4.82,61.15,58.2,58.2,21.17,18.66,0.881,108.2,103.6,22.7,46.4,131.3,12.0,22.4,106.1,5.3,108.8,39.4,39.4
1653,default,0.5516,7.0502,1.1654,0.3802,19.0184,0.4879,0.0595,0.4831,0.8495,2.3432,4.0485,5.56,5.56,60.15,56.81,56.81,11.98,5.5,0.459,103.6,100.8,22.4,47.2,118.5,12.7,21.7,98.7,6.5,122.5,43.3,43.3
1654,default,0.3354,7.6626,1.9685,0.9608,5.3128,0.3557,-0.1354,0.4875,0.6686,1.2062,5.0484,4.21,4.28,62.04,59.43,58.98,18.35,19.29,1.051,110.0,106.1,22.7,46.5,131.2,11.5,21.1,102.2,5.3,108.5,34.8,35.7
1655,default,0.4265,3.1512,0.9084,0.2296,3.9516,0.6987,0.3997,0.1591,0.8809,1.0176,4.5229,6.96,6.96,57.66,53.65,53.65,31.61,17.43,0.551,105.7,140.0,23.2,41.6,127.4,6.6,16.1,110.8,9.5,128.2,45.2,49.9
1656,default,0.589,6.7924,1.127,0.803,14.5863,0.8201,-0.0799,0.4005,0.541,4.0239,5.0724,4.6,4.6,61.58,58.75,58.75,14.53,13.54,0.932,108.6,104.7,22.0,48.2,126.5,11.8,21.6,102.5,5.5,112.4,36.1,36.1
1657,default,0.4984,4.7406,1.4357,1.0917,6.852,0.8396,0.5723,0.5386,0.5046,9.7063,5.8675,5.22,5.22,60.82,57.64,57.64,23.61,19.49,0.825,115.0,108.6,22.5,46.9,133.0,10.9,20.1,97.6,5.2,106.7,38.4,38.4
1658,default,0.5318,4.7064,1.7605,0.9529,6.5267,0.6312,-0.0036,0.7373,0.8749,1.8872,2.5922,4.5,4.5,61.89,59.11,59.04,29.41,29.42,1.0,118.2,114.9,23.5,44.5,140.9,9.8,18.1,87.8,4.8,100.1,33.1,35.1
1659,default,0.4058,6.6917,0.6235,1.0304,5.1527,0.7473,0.2664,0.0471,1.3051,1.8446,3.3097,4.5,4.5,61.72,58.94,58.93,21.8,21.36,0.98,107.0,99.7,22.2,47.5,134.3,13.0,26.1,124.8,4.9,104.9,37.5,37.5
1660,default,0.5167,3.4169,1.3756,0.353,19.1966,0.217,0.1692,0.7305,1.0744,4.522,3.8292,5.98,5.98,59.64,56.07,56.07,13.17,4.62,0.351,105.7,104.1,22.7,46.4,117.4,11.9,19.6,87.8,6.7,124.5,45.0,45.0
1661,default,0.557,6.722,0.4575,0.7127,8.0962,0.6136,0.1333,0.9597,1.125,2.2906,4.2301,5.76,5.76,60.15,56.68,56.68,22.39,15.57,0.695,112.9,111.0,23.4,44.8,127.6,10.5,17.8,81.8,5.9,113.4,41.9,41.9
1662,default,0.4956,3.7792,1.8258,0.9663,5.6004,0.5038,-0.2512,0.6711,1.1859,6.4524,6.0325,4.33,4.33,62.04,59.36,58.95,33.34,34.06,1.022,114.9,113.0,24.5,42.3,143.5,10.1,18.6,88.9,4.8,99.1,34.3,35.5
1663,default,0.4765,2.4291,1.8346,0.5391,4.0701,0.626,-0.1295,0.0882,0.9157,4.5787,3.4383,6.23,6.23,59.62,55.9,55.9,42.05,33.04,0.786,98.1,95.1,26.0,38.7,141.4,14.3,26.6,114.5,5.6,103.5,52.5,52.5
1664,default,0.512,6.4256,0.3232,1.0323,15.6697,0.4121,0.4451,0.1315,0.7476,2.1571,3.7455,4.78,4.78,61.24,58.31,58.31,11.46,9.23,0.805,105.5,99.7,21.4,49.5,123.1,13.0,24.0,115.2,5.7,115.6,38.2,38.2
1665,default,0.4383,2.3632,0.4408,0.7969,9.8322,0.2626,0.2769,0.097,0.946,7.6128,4.1887,5.32,5.32,60.52,57.3,57.3,16.91,11.84,0.7,100.9,95.4,22.6,46.6,125.3,14.2,26.7,120.9,5.9,114.9,44.1,44.1
1666,default,0.4442,6.5439,1.2225,0.228,5.9459,0.8562,-0.0551,0.2848,0.6027,3.478,7.2373,6.45,6.45,59.2,55.38,55.38,24.71,14.22,0.575,98.3,95.8,24.1,43.1,125.3,14.1,24.1,105.8,6.4,117.2,51.7,51.7
1667,default,0.5461,3.6902,1.8749,0.4595,15.9767,0.2588,0.4896,0.8617,0.5403,3.2205,0.8809,5.72,5.72,60.0,56.56,56.56,13.57,6.4,0.472,111.8,109.1,22.2,47.7,120.3,10.8,18.3,84.0,6.3,120.1,41.2,41.2
1668,default,0.4533,5.3861,1.9623,0.7831,19.909,0.4924,0.4359,0.4568,0.6531,9.766,5.3157,4.67,4.67,61.28,58.42,58.42,9.0,7.08,0.787,110.0,105.6,21.1,50.3,120.9,11.6,20.8,99.5,5.8,117.7,35.8,35.8
1669,default,0.5512,6.9274,1.4598,1.1951,11.6723,0.319,0.2745,0.0814,1.2727,2.4463,2.3211,4.44,4.44,61.8,59.06,59.02,16.36,16.24,0.993,107.2,100.8,21.9,48.5,129.4,12.7,24.2,118.3,5.2,109.2,36.3,36.3
1670,default,0.5258,4.487,1.0022,0.5967,14.457,0.3413,0.5982,0.4796,1.0845,1.0553,9.3532,5.66,5.66,60.01,56.62,56.62,13.49,6.48,0.48,106.6,102.2,22.1,47.8,120.7,12.4,21.5,99.4,6.2,119.7,43.2,43.2
1671,default,0.3501,3.5659,1.0921,0.6031,7.9249,0.8024,-0.0046,0.7006,1.1512,3.4943,4.0266,5.01,5.01,60.92,57.87,57.87,17.02,13.54,0.796,111.0,108.4,22.5,47.0,125.8,11.0,19.4,90.7,5.8,114.1,38.4,38.4
1672,default,0.4382,3.2361,1.2037,0.2325,8.013,0.8675,-0.2334,0.7,1.4476,5.0468,3.661,6.34,6.34,59.27,55.51,55.51,24.71,14.58,0.59,103.4,103.2,23.9,43.6,123.1,12.1,20.2,88.0,6.5,119.5,49.0,49.0
1673,default,0.3563,4.183,1.4027,0.3292,6.3328,0.2962,0.1309,0.432,1.0082,1.7382,5.2255,4.83,5.97,59.46,56.59,56.18,20.65,16.39,0.794,113.9,157.2,21.7,44.9,124.2,5.2,13.1,97.6,9.9,125.6,37.1,46.8
1674,default,0.5399,4.0792,1.394,0.5733,17.3469,0.534,0.0638,0.036,1.2416,9.0728,4.9684,5.36,5.36,60.49,57.25,57.25,13.66,8.42,0.616,100.4,96.2,22.3,47.4,121.0,13.9,25.2,114.2,6.2,119.3,43.5,43.5
1675,default,0.3408,2.666,0.3012,1.0167,4.4871,0.7377,0.0229,0.1404,1.0377,2.1366,3.4616,4.37,4.37,61.86,59.16,58.9,23.63,23.81,1.008,106.2,100.2,22.9,46.0,136.1,12.8,25.7,122.2,4.9,104.0,37.6,37.6
1676,default,0.2596,2.3385,0.745,0.9159,14.3302,0.667,0.3793,0.5613,1.1193,3.4431,1.144,4.39,4.39,61.57,58.87,58.87,7.26,6.62,0.912,111.6,107.5,20.8,51.0,120.6,11.2,20.2,97.3,5.7,117.6,33.7,35.1
1677,default,0.494,4.0488,1.2711,0.757,5.1805,0.831,-0.056,0.0612,1.3601,3.8654,7.1074,5.33,5.33,60.82,57.59,57.59,33.11,28.83,0.871,102.5,97.6,24.2,42.8,139.8,13.5,26.6,119.9,5.1,102.4,44.3,44.3
1678,default,0.342,5.3635,1.8773,1.141,11.7575,0.3946,0.336,0.7188,0.8246,9.9654,0.7263,4.13,4.16,62.1,59.53,59.07,10.72,11.94,1.114,116.5,112.2,20.8,50.9,125.0,10.2,18.9,92.8,5.3,112.5,30.5,35.0
1679,default,0.2821,6.6576,0.6354,0.5817,18.6491,0.3823,-0.0205,0.0407,1.0817,3.0593,6.7388,4.6,4.6,61.14,58.33,58.33,6.19,4.01,0.648,100.1,95.2,21.2,50.0,117.7,14.2,27.0,122.3,6.1,121.8,39.9,39.9
1680,default,0.3533,3.8578,0.9363,0.5485,9.3756,0.5707,-0.1046,0.3267,1.4169,8.9649,5.6679,5.46,5.46,60.23,56.94,56.94,16.11,10.02,0.622,101.3,98.3,22.8,46.1,121.3,13.4,23.3,105.8,6.3,119.9,44.7,44.7
1681,default,0.3446,7.0374,0.3806,0.804,12.1021,0.7811,0.4968,0.2567,0.6609,2.5264,6.4811,4.71,4.71,61.15,58.27,58.27,9.38,7.05,0.752,106.2,100.9,21.2,50.0,121.0,12.7,23.2,110.7,5.8,117.8,37.9,37.9
1682,default,0.375,7.3109,0.7781,0.8314,5.7523,0.8643,0.1916,0.3876,1.4386,3.3311,6.5014,4.66,4.66,61.43,58.57,58.57,18.19,16.71,0.919,109.5,104.2,22.1,47.9,129.7,11.9,22.3,107.1,5.3,109.4,37.2,37.2
1683,default,0.5747,2.1274,1.875,0.8696,15.047,0.8593,-0.2007,0.1803,0.8189,3.6433,7.0411,3.8,4.12,62.56,60.18,59.1,18.37,21.42,1.166,109.6,104.6,21.6,49.0,132.2,11.8,23.1,113.0,4.9,105.9,31.6,35.0
1684,default,0.4185,5.0952,0.8258,0.6479,8.8654,0.6359,0.4062,0.5197,1.0666,1.0057,3.9989,5.37,5.37,60.47,57.22,57.22,16.33,11.02,0.675,108.8,104.3,22.3,47.5,124.6,11.9,21.1,98.9,5.8,115.3,41.1,41.1
1685,default,0.4441,6.5584,1.8545,0.5387,9.2912,0.684,0.0452,0.5501,0.6487,1.3401,5.5145,4.97,4.97,61.05,58.02,58.02,17.39,14.33,0.824,109.9,106.6,22.4,47.3,126.3,11.4,20.3,95.2,5.7,113.3,38.1,38.1
1686,default,0.3243,2.18,0.7516,0.6438,8.3688,0.3334,0.5106,0.7193,0.5917,1.541,3.3659,5.26,5.26,60.5,57.32,57.32,14.28,9.26,0.648,112.2,108.3,22.0,48.2,123.0,11.0,19.2,90.5,5.9,116.7,39.2,39.2
1687,default,0.4801,2.4607,0.9508,0.567,4.3449,0.6698,0.5019,0.8418,0.5301,7.4664,2.8086,7.44,7.44,58.1,53.78,53.78,33.5,18.48,0.552,109.9,105.7,24.9,41.3,132.3,11.5,19.1,85.1,6.1,111.2,53.4,53.4
1688,default,0.505,2.8685,1.7243,0.7423,3.2355,0.3181,0.2112,0.9632,0.8365,3.8664,3.8463,6.67,6.67,59.08,55.14,55.14,44.61,33.44,0.75,115.2,112.5,26.2,38.0,146.6,10.2,17.3,79.1,5.3,99.7,48.8,48.8
1689,default,0.4496,7.0118,1.7307,1.1229,7.796,0.4741,0.5824,0.7183,0.7642,2.639,6.0874,4.77,4.77,61.4,58.47,58.47,18.06,16.28,0.901,118.8,113.3,21.8,48.7,129.7,10.1,18.3,90.2,5.2,108.9,33.7,35.1
1690,default,0.274,4.6906,1.3355,0.2007,7.5555,0.6277,0.4252,0.9202,1.4731,1.7159,2.2396,5.59,5.59,59.88,56.53,56.53,12.54,5.3,0.423,110.9,108.7,22.1,47.9,118.6,10.9,18.3,83.6,6.4,122.4,41.9,41.9
1691,default,0.3383,5.1687,0.9571,0.5928,4.891,0.4084,-0.1791,0.9106,0.7078,2.4558,7.1812,5.68,5.68,60.06,56.65,56.65,22.16,15.26,0.689,109.4,109.3,24.2,42.9,126.5,10.8,17.9,80.4,6.2,115.9,43.7,43.7
1692,default,0.5259,5.8504,0.9161,0.7204,18.5016,0.4338,0.4268,0.6256,0.9252,1.3086,2.9429,4.98,4.98,60.88,57.85,57.85,10.58,7.04,0.665,110.2,106.2,21.5,49.3,121.1,11.4,20.2,95.6,5.9,118.1,37.7,37.7
1693,default,0.5709,2.8798,1.1697,0.7709,12.6663,0.6402,0.2054,0.4682,1.0307,1.6879,4.7472,5.12,5.12,60.93,57.81,57.81,18.03,14.39,0.798,108.4,103.8,22.3,47.4,127.5,12.0,21.8,103.1,5.6,111.9,39.3,39.3
1694,default,0.4698,2.8128,1.5961,1.0204,5.9316,0.3192,-0.1299,0.4361,0.8349,6.6667,4.7348,5.17,5.17,61.0,57.84,57.84,29.21,25.66,0.878,107.7,105.2,24.7,41.7,136.7,11.7,20.7,96.3,5.5,105.7,41.2,41.2
1695,default,0.2826,5.5819,1.3149,0.2778,3.2816,0.4081,-0.0409,0.4416,0.772,6.809,4.703,6.44,6.44,58.84,55.05,55.05,23.19,11.79,0.508,98.6,97.1,24.5,42.1,122.5,13.7,22.6,98.2,6.8,121.5,53.2,53.2
1696,default,0.2601,3.1265,0.642,0.7834,17.9041,0.7618,0.039,0.0998,1.2798,2.4985,3.301,4.32,4.32,61.6,58.94,58.94,5.89,5.45,0.925,103.3,98.1,20.8,51.0,119.4,13.4,25.4,119.3,5.8,119.0,36.7,36.7
1697,default,0.4977,4.2069,0.38,0.3908,3.344,0.8209,-0.1729,0.5231,0.5162,3.8861,3.4425,6.05,6.85,57.93,54.43,54.43,41.21,28.08,0.681,105.2,138.8,25.3,37.3,136.9,6.7,16.0,100.4,8.1,113.6,51.4,55.6
1698,default,0.3959,6.6586,1.717,0.2662,13.5401,0.785,-0.0677,0.7393,0.893,6.7152,4.4575,4.99,4.99,60.9,57.86,57.86,11.89,8.39,0.706,110.4,108.2,21.8,48.6,120.6,11.0,19.1,88.7,6.0,119.1,37.5,37.5
1699,default,0.529,3.8314,0.6916,1.0039,15.2055,0.3808,-0.1901,0.6858,1.0902,3.6554,3.4671,5.03,5.03,60.95,57.89,57.89,15.84,12.43,0.785,109.4,107.7,22.9,46.0,124.4,11.1,19.2,89.2,6.0,116.0,38.7,38.7
1700,default,0.4013,4.8145,1.4277,0.2187,6.434,0.8123,0.0633,0.6898,1.3747,2.1575,3.7633,4.86,5.81,59.68,56.78,56.53,22.8,17.61,0.772,117.5,151.5,21.9,45.7,125.9,5.6,13.0,86.3,8.7,121.1,36.5,44.0
1701,default,0.4222,4.7929,1.3074,0.4466,3.3495,0.8444,-0.1542,0.8578,1.4886,8.0728,3.4241,6.43,6.43,59.33,55.51,55.51,38.63,28.53,0.739,108.9,109.3,25.4,40.1,136.5,10.8,18.4,80.5,5.8,107.5,48.6,48.6
1702,default,0.3968,3.7011,1.9124,0.2615,5.8914,0.7567,0.5608,0.6045,0.8305,2.2414,6.6658,4.82,6.21,59.03,56.19,55.71,20.82,16.46,0.791,121.8,177.7,20.8,46.2,124.9,4.1,11.1,93.2,10.9,126.7,34.3,47.2
1703,default,0.4325,7.0947,1.7343,0.3985,3.0717,0.367,0.4293,0.2578,0.7951,3.2678,2.9322,7.18,7.18,58.19,54.01,54.01,31.79,17.45,0.549,100.2,94.7,24.7,41.7,130.4,14.4,25.1,110.0,6.2,113.1,56.7,56.7
1704,default,0.434,3.3642,0.4792,1.1796,9.6909,0.4881,0.5971,0.234,1.4215,7.5747,7.3077,4.52,4.52,61.55,58.77,58.77,15.87,14.94,0.941,109.8,102.7,21.5,49.4,128.4,12.2,23.2,114.3,5.2,109.9,36.2,36.2
1705,default,0.5106,7.5319,1.7325,0.6962,16.2046,0.2569,0.0787,0.7429,1.058,6.2507,6.9455,5.2,5.2,60.62,57.47,57.47,12.3,7.7,0.626,109.2,106.9,22.3,47.4,120.6,11.3,19.3,89.4,6.2,119.7,39.5,39.5
1706,default,0.4079,4.8344,0.3082,0.4983,12.2402,0.5142,0.0843,0.4312,1.0571,8.7019,1.425,5.64,5.64,60.0,56.61,56.61,14.27,7.24,0.507,102.3,99.3,22.7,46.6,119.6,13.1,22.5,102.1,6.4,121.7,44.9,44.9
1707,default,0.3132,2.7154,0.3351,0.7865,3.4941,0.3035,0.2305,0.7838,0.6625,2.1366,3.2096,5.14,5.14,60.7,57.58,57.58,24.35,20.09,0.825,115.8,112.4,23.4,44.8,133.0,10.2,18.0,85.5,5.4,108.1,39.0,39.0
1708,default,0.3601,4.6393,1.3802,0.2376,18.7178,0.7095,-0.0363,0.4403,0.7436,2.111,6.8159,4.96,4.96,60.82,57.8,57.8,8.57,4.91,0.573,105.9,102.8,21.5,49.2,118.1,12.2,21.4,99.4,6.2,121.7,39.0,39.0
1709,default,0.5507,7.1704,1.8576,0.7783,3.2363,0.6652,-0.1723,0.7502,1.0822,9.0362,8.0458,5.14,5.14,61.13,57.99,57.99,49.2,46.03,0.936,114.8,113.3,26.1,38.4,155.6,10.1,18.3,85.4,4.5,91.4,38.9,38.9
1710,default,0.5933,7.2391,1.3201,0.9789,15.1891,0.7299,0.1935,0.939,0.921,1.4064,4.2181,4.49,4.49,61.76,58.98,58.98,14.03,13.69,0.976,118.3,115.0,21.5,49.4,126.8,9.7,17.6,85.1,5.3,111.4,31.7,35.0
1711,default,0.5195,3.7882,0.4267,0.7631,16.1987,0.762,0.0108,0.4322,1.4544,4.7818,3.4102,5.19,5.19,60.7,57.55,57.55,14.54,10.18,0.7,104.2,100.5,22.3,47.4,122.4,12.8,22.8,105.5,6.0,117.6,41.4,41.4
1712,default,0.5062,4.9719,0.5315,0.7001,3.3127,0.7333,0.3526,0.3323,1.0258,2.8558,4.7821,5.09,6.27,59.23,56.21,55.85,37.9,31.54,0.832,119.2,159.8,22.9,42.1,142.7,5.1,13.9,107.0,8.2,107.8,39.1,48.3
1713,default,0.4971,4.1692,0.6542,0.2536,15.3614,0.7824,-0.1702,0.3271,1.113,8.4288,2.2766,6.07,6.07,59.63,56.01,56.01,15.64,6.92,0.442,97.9,95.5,23.0,45.8,118.1,14.1,24.2,106.9,6.7,123.8,48.3,48.3
1714,default,0.5587,7.2223,1.2108,0.5477,5.7275,0.2536,-0.1751,0.122,0.9329,1.8479,5.788,6.66,6.66,58.48,54.59,54.59,31.75,22.3,0.702,102.7,151.5,24.1,38.2,127.3,5.6,14.4,108.6,10.4,132.1,41.6,48.9
1715,default,0.4287,5.1141,0.7041,0.2509,4.6721,0.3638,-0.2317,0.9717,1.4922,1.0988,5.4589,8.33,8.33,57.05,52.3,52.3,34.34,18.21,0.53,107.4,163.6,24.7,37.0,119.9,4.8,10.8,74.7,11.0,147.3,45.9,45.9
1716,default,0.2533,2.5804,1.7977,0.5798,3.7808,0.8446,0.4268,0.4698,1.1229,1.1955,5.8048,5.2,5.2,60.56,57.41,57.41,18.75,14.01,0.747,109.5,104.5,22.3,47.5,126.8,11.8,21.3,100.7,5.6,113.2,40.8,40.8
1717,default,0.5228,3.3726,1.8951,0.3166,8.3093,0.6225,0.1728,0.547,0.9441,4.5084,3.3125,6.39,6.39,59.39,55.6,55.6,25.04,15.15,0.605,104.9,102.2,23.7,44.2,126.1,12.4,21.1,94.4,6.2,115.6,48.1,48.1
1718,default,0.393,5.265,0.4087,0.8942,5.1785,0.6725,-0.0681,0.7014,0.9264,7.8817,1.3301,4.94,4.94,61.07,58.06,58.06,23.7,20.77,0.876,111.9,109.4,23.5,44.6,132.3,10.8,19.3,90.6,5.5,108.7,38.6,38.6
1719,default,0.4275,6.9918,1.7923,0.7142,19.9196,0.5995,-0.0923,0.6999,1.3891,1.1194,4.2752,4.41,4.41,61.63,58.91,58.91,8.63,8.11,0.94,112.6,109.8,21.2,50.0,121.1,10.7,19.0,90.6,5.8,117.5,33.4,35.0
1720,default,0.3564,5.5346,1.3565,0.9909,8.5149,0.2882,0.019,0.958,0.8146,1.258,6.254,4.54,4.54,61.49,58.7,58.7,14.1,12.98,0.921,115.2,112.8,22.3,47.5,126.1,10.1,17.8,85.1,5.6,113.4,34.2,35.1
1721,default,0.5351,4.437,1.3981,0.633,13.7776,0.352,0.3581,0.8302,0.5877,7.1741,6.9613,5.43,5.43,60.45,57.17,57.17,15.29,9.82,0.642,113.9,111.1,22.2,47.6,123.4,10.4,18.0,83.7,6.0,116.5,38.9,38.9
1722,default,0.5551,4.4257,0.8183,1.1752,15.7113,0.7642,0.5795,0.9657,0.9256,1.6978,8.5325,4.89,4.89,61.23,58.23,58.23,13.48,11.02,0.818,118.6,114.7,21.5,49.3,124.8,9.8,17.3,83.6,5.6,113.7,34.0,35.0
1723,default,0.3469,3.2652,0.4484,0.4918,10.7151,0.6939,0.3636,0.8736,0.7322,4.9712,3.9271,5.19,5.19,60.55,57.41,57.41,12.05,7.28,0.604,114.3,111.9,21.8,48.5,121.0,10.3,17.7,82.4,6.0,118.8,37.8,37.8
1724,default,0.2823,4.9485,0.3268,0.9923,4.6539,0.8544,-0.0106,0.4792,0.5204,3.2092,0.8156,4.11,4.32,62.08,59.53,58.9,17.25,18.47,1.071,112.5,107.9,22.0,48.2,130.9,11.1,21.0,102.4,5.1,107.9,33.4,35.7
1725,default,0.3506,2.5678,1.7182,0.9776,11.7102,0.204,0.3228,0.0835,0.5181,5.458,0.9185,4.48,4.48,61.57,58.81,58.81,11.85,11.05,0.932,105.3,99.5,21.4,49.5,124.5,13.0,24.6,118.2,5.5,114.0,37.1,37.1
1726,default,0.3067,4.4945,0.7736,0.9291,6.1682,0.3522,0.5816,0.4689,1.1087,7.5724,2.7498,4.78,4.78,61.23,58.3,58.3,15.74,13.51,0.858,112.7,106.9,21.6,49.0,127.0,11.3,20.7,100.7,5.4,111.8,36.3,36.3
1727,default,0.4899,6.1939,0.5546,0.5126,19.8757,0.7119,0.087,0.364,0.5129,2.2685,3.2376,4.96,4.96,60.86,57.84,57.84,9.39,5.82,0.62,104.8,101.0,21.6,49.1,119.5,12.6,22.5,105.1,6.1,120.1,39.5,39.5
1728,default,0.3814,4.6914,0.9143,1.1247,13.0389,0.41,-0.0599,0.2495,1.4556,2.9953,8.256,4.31,4.31,61.79,59.13,58.97,11.41,11.49,1.007,105.7,100.9,21.7,48.7,124.7,12.7,23.5,113.0,5.6,114.2,36.2,36.2
1729,default,0.5987,7.3089,0.9984,0.6577,10.638,0.3278,-0.037,0.3631,1.3671,1.6131,6.5402,4.36,5.67,59.87,57.26,56.7,20.81,19.39,0.932,115.0,169.4,21.4,44.6,125.7,4.5,12.4,102.4,10.7,125.6,33.1,45.6
1730,default,0.3157,3.8795,1.9232,0.708,6.4088,0.2721,0.3366,0.1631,1.4757,5.7738,2.6181,4.97,4.97,60.94,57.92,57.92,16.51,13.18,0.798,106.2,100.8,22.1,47.8,126.1,12.7,23.3,110.7,5.6,113.4,40.1,40.1
1731,default,0.4188,2.6809,0.403,0.3128,4.5138,0.7074,0.5972,0.1924,1.465,5.4219,4.9866,7.93,7.93,57.16,52.63,52.63,27.66,9.42,0.341,95.0,89.8,24.7,41.6,123.0,16.0,27.4,113.1,6.9,121.6,63.8,63.8
1732,default,0.3366,5.2072,0.8586,0.8949,19.7079,0.5179,-0.1733,0.6181,0.8616,2.5482,4.8421,4.33,4.33,61.65,58.98,58.98,6.82,6.49,0.952,111.3,108.4,21.1,50.2,120.2,11.0,19.6,93.3,5.8,118.5,33.5,35.0
1733,default,0.2982,5.1971,0.3317,1.0902,13.3992,0.6009,-0.1737,0.7095,1.4157,1.8467,3.1952,4.12,4.19,62.03,59.47,59.04,8.66,9.72,1.122,115.0,112.3,21.2,50.0,123.0,10.2,18.4,89.0,5.6,115.3,31.1,35.0
1734,default,0.2911,3.9655,0.978,0.8094,10.7224,0.754,-0.1954,0.436,0.7644,1.6802,3.6806,4.23,4.28,61.87,59.26,59.02,10.68,11.13,1.042,110.0,106.3,21.4,49.5,124.1,11.4,21.0,100.8,5.5,114.4,33.9,35.2
1735,default,0.5442,6.0036,0.989,0.3156,4.875,0.7763,0.1199,0.4439,0.8708,2.8246,7.4841,5.5,6.74,58.4,55.18,55.08,34.13,27.18,0.796,117.9,186.3,22.3,41.6,133.1,3.7,11.2,99.5,10.9,120.5,39.5,51.8
1736,default,0.256,7.6316,0.752,0.7528,3.1103,0.2702,0.3321,0.8409,1.1573,1.5357,6.3056,4.93,4.93,60.92,57.92,57.92,17.38,14.06,0.809,115.7,112.0,22.3,47.3,127.3,10.3,18.2,86.6,5.6,112.5,37.1,37.1
1737,default,0.3052,6.0994,0.5072,0.5115,10.0346,0.2334,0.2196,0.4765,1.2395,1.8332,3.6526,5.23,5.23,60.43,57.26,57.26,11.03,5.86,0.531,106.6,103.5,22.0,48.0,119.1,12.0,20.8,96.1,6.3,121.4,41.0,41.0
1738,default,0.4305,4.4389,0.6904,0.5163,18.973,0.7813,0.3087,0.3753,0.6697,4.4435,4.1353,4.93,4.93,60.84,57.84,57.84,8.79,5.24,0.596,105.0,100.6,21.4,49.6,119.2,12.7,22.9,107.1,6.1,120.2,39.5,39.5
1739,default,0.3337,4.7488,1.8035,1.007,9.2868,0.8135,0.1245,0.4107,1.0453,4.2517,5.8963,3.67,4.14,62.6,60.3,59.08,13.32,16.7,1.254,115.5,110.3,20.8,51.0,128.8,10.6,20.3,101.3,4.9,108.5,28.7,35.0
1740,default,0.5026,5.791,1.9176,0.3807,3.335,0.6984,0.1544,0.2898,1.3033,8.2014,6.6748,7.26,7.26,58.6,54.35,54.35,43.06,29.63,0.688,102.0,98.2,25.6,39.6,139.5,13.4,23.4,102.9,5.7,104.8,54.8,54.8
1741,default,0.4978,3.1129,1.2627,0.3474,5.0481,0.3034,-0.1062,0.0767,1.1419,1.3911,8.7682,7.16,7.16,57.44,53.33,53.33,36.33,25.02,0.689,106.0,181.5,23.6,37.1,126.5,3.9,11.6,106.8,12.7,142.1,39.3,54.0
1742,default,0.2618,7.0475,0.8209,0.3226,7.8348,0.6049,-0.159,0.8887,0.5937,1.0328,5.6257,5.13,5.13,60.55,57.44,57.44,11.49,6.83,0.594,110.7,109.6,22.2,47.6,119.5,10.7,18.2,83.2,6.3,121.1,39.1,39.1
1743,default,0.4812,2.997,1.9776,0.2781,9.3553,0.7499,0.5047,0.8896,1.0246,9.3123,4.4304,6.79,6.79,58.74,54.75,54.75,19.69,7.41,0.376,107.6,105.1,23.3,44.9,120.7,11.7,19.0,84.5,6.6,121.6,49.2,49.2
1744,default,0.3594,5.6876,1.199,0.7645,5.3824,0.6512,0.2281,0.6494,1.0262,9.2904,6.8754,4.77,4.77,61.27,58.34,58.34,19.5,17.38,0.891,113.8,109.4,22.2,47.6,130.3,10.8,19.8,95.0,5.3,109.0,36.5,36.5
1745,default,0.5953,4.1842,0.8118,0.4483,10.9655,0.8909,0.562,0.7258,1.3007,9.1128,4.8328,6.85,6.85,58.72,54.7,54.7,19.37,6.94,0.358,106.4,103.2,23.4,44.9,120.9,12.1,19.9,88.4,6.6,121.3,49.7,49.7
1746,default,0.3303,4.2972,0.6323,1.111,4.5496,0.3655,0.3717,0.6725,0.9645,1.7604,2.2846,4.21,4.27,62.08,59.47,58.98,21.84,22.9,1.049,120.5,114.7,21.9,48.3,135.8,9.8,18.7,93.6,4.7,103.0,31.0,35.1
1747,default,0.4119,4.9151,0.8992,0.8491,4.4348,0.8883,-0.1286,0.5198,1.1559,4.8171,2.8,4.24,4.26,62.08,59.45,58.97,27.68,28.67,1.036,115.1,111.5,23.2,45.3,140.4,10.4,19.9,96.1,4.7,100.3,33.3,35.5
1748,default,0.5838,7.2175,1.1345,0.2956,10.641,0.2554,0.3646,0.4271,1.4615,1.6035,7.0785,4.7,6.2,59.13,56.35,55.86,19.37,15.68,0.809,117.8,175.4,20.7,46.1,122.7,4.2,11.6,98.9,11.4,129.5,34.3,47.6
1749,default,0.5232,3.4538,1.1793,0.6063,3.2117,0.4253,0.5925,0.8661,1.1922,1.9643,8.2958,6.9,6.9,58.09,54.08,54.08,41.52,32.06,0.772,134.9,218.9,22.4,40.7,140.5,2.7,8.2,81.2,11.1,125.2,28.4,46.8
1750,default,0.3794,2.2034,1.2236,0.7029,6.3272,0.5093,-0.1153,0.0556,1.3826,2.1466,8.0067,5.58,5.58,60.2,56.84,56.84,24.08,17.71,0.735,98.3,94.6,24.0,43.5,128.1,14.4,26.6,116.8,6.0,113.8,48.1,48.1
1751,default,0.2523,4.0794,0.6695,0.5973,5.2871,0.6826,-0.0734,0.0672,0.9524,2.1755,4.8523,5.03,5.03,60.73,57.68,57.68,15.96,11.97,0.75,100.0,95.6,22.6,46.8,124.0,14.1,26.6,119.4,6.0,116.6,43.5,43.5
1752,default,0.3257,7.8398,0.4683,0.95,7.9954,0.5965,0.5197,0.6614,1.4549,1.8318,7.5422,4.63,4.63,61.35,58.51,58.51,12.03,10.36,0.861,114.6,110.0,21.3,49.7,124.1,10.7,19.2,93.0,5.6,114.5,34.5,35.2
1753,default,0.5851,5.1077,1.0812,0.3818,4.783,0.4218,0.0212,0.4033,0.7208,5.9882,3.4165,9.21,9.21,56.15,50.98,50.98,39.03,16.12,0.413,89.6,89.7,27.6,34.7,126.5,16.0,24.5,97.3,7.5,121.3,72.6,72.6
1754,default,0.3161,2.9164,1.0783,0.2247,5.2412,0.5189,0.1896,0.5951,0.5861,5.6199,3.8335,6.4,6.4,59.04,55.26,55.26,20.33,9.5,0.467,103.8,101.6,23.6,44.3,121.9,12.5,20.9,92.2,6.6,120.7,49.5,49.5
1755,default,0.5139,7.6223,1.0902,0.2776,4.4445,0.3627,0.0941,0.0696,0.5734,1.2417,6.4572,6.99,6.99,57.82,53.78,53.78,31.38,19.9,0.634,103.6,155.4,23.5,39.2,126.8,5.3,14.4,114.1,10.9,134.3,42.6,51.1
1756,default,0.5159,6.8781,1.4294,0.5307,9.768,0.5485,0.2673,0.4554,1.4635,2.2071,3.8366,5.52,5.52,60.36,57.03,57.03,18.16,12.3,0.677,107.0,102.8,22.5,46.8,125.2,12.2,21.6,100.3,5.9,114.9,42.2,42.2
1757,default,0.5815,7.0911,1.1563,1.0152,3.199,0.4115,-0.1872,0.5776,1.382,3.7087,6.4779,6.53,6.53,59.39,55.52,55.52,49.03,38.91,0.794,102.7,102.3,27.8,34.4,148.5,12.3,20.8,91.7,5.6,99.9,52.2,52.2
1758,default,0.3002,7.2367,1.0437,0.7673,6.984,0.4726,-0.0261,0.0589,0.7239,7.4401,3.9356,4.68,4.68,61.3,58.43,58.43,13.24,11.35,0.857,101.8,96.8,22.2,47.7,124.4,13.8,26.1,120.2,5.8,115.2,40.0,40.0
1759,default,0.517,3.0627,1.9815,0.8193,10.3356,0.2058,0.2536,0.9366,0.6847,2.8953,5.2178,5.33,5.33,60.61,57.38,57.38,19.0,14.13,0.744,114.4,111.8,22.9,46.0,127.2,10.3,17.8,83.4,5.8,113.1,38.8,38.8
1760,default,0.4275,5.2027,0.6099,0.6734,8.5485,0.5,-0.2247,0.6432,0.979,9.5822,7.4477,5.68,5.68,60.14,56.72,56.72,19.81,13.11,0.662,104.2,102.9,23.7,44.1,123.9,12.2,20.7,92.9,6.3,117.9,44.6,44.6
1761,default,0.2811,4.535,1.5058,0.567,10.7752,0.2559,-0.2914,0.3016,1.1003,7.4959,2.422,5.04,5.04,60.7,57.64,57.64,11.69,7.57,0.648,102.3,99.5,22.4,47.1,119.6,13.0,22.7,104.4,6.3,121.3,41.7,41.7
1762,default,0.3395,6.807,0.5302,0.2386,10.9687,0.6859,0.269,0.0209,0.7625,7.5182,8.407,5.5,5.5,60.08,56.77,56.77,11.22,4.66,0.415,97.4,92.5,22.0,48.1,118.0,15.1,28.4,123.0,6.4,122.8,46.8,46.8
1763,default,0.499,5.2468,0.7352,0.3905,14.2138,0.2921,0.2786,0.9793,1.1476,6.0766,5.4258,5.91,5.91,59.69,56.16,56.16,13.9,5.61,0.404,110.3,108.9,22.6,46.6,118.6,10.9,17.9,80.5,6.6,122.9,43.1,43.1
1764,default,0.5626,2.4986,0.9447,0.6675,13.4898,0.4106,0.5257,0.7119,0.6473,3.3252,8.3119,5.93,5.93,59.86,56.31,56.31,16.83,8.95,0.532,110.2,106.6,22.6,46.8,122.9,11.4,19.4,89.5,6.1,117.6,43.1,43.1
1765,default,0.3248,3.4275,1.1337,0.561,10.6886,0.277,0.3729,0.5291,1.4713,2.8975,3.7193,5.04,5.04,60.69,57.63,57.63,10.95,6.82,0.623,108.6,104.8,21.7,48.9,120.7,11.7,20.7,97.0,6.0,119.0,39.1,39.1
1766,default,0.3207,4.985,0.98,1.0866,3.6501,0.8352,0.233,0.6606,0.8112,1.6344,3.3645,3.53,4.21,62.82,60.6,59.03,23.23,27.47,1.183,123.0,117.0,21.7,48.8,140.1,9.4,18.6,95.2,4.3,98.7,26.4,35.3
1767,default,0.5024,7.589,1.1459,0.8255,5.4483,0.3939,0.2033,0.8106,0.9378,6.3213,3.2058,5.5,5.5,60.44,57.12,57.12,25.68,20.08,0.782,114.0,110.7,23.7,44.0,133.3,10.5,18.4,86.3,5.5,108.1,40.7,40.7
1768,default,0.539,4.2516,0.8077,0.9558,4.112,0.8127,0.4312,0.5853,0.9615,7.8452,0.512,5.75,5.75,60.26,56.8,56.8,37.17,30.66,0.825,117.6,110.8,24.1,43.1,144.6,10.5,19.4,93.8,4.8,98.2,41.3,41.3
1769,default,0.2586,5.0988,1.8829,0.8983,7.7446,0.4524,0.0748,0.1944,0.83,6.8899,4.9276,4.24,4.24,61.94,59.31,59.03,11.8,12.4,1.051,107.4,102.3,21.4,49.5,125.3,12.3,23.1,112.2,5.4,113.0,34.9,35.4
1770,default,0.369,5.5444,1.882,1.1822,8.4832,0.8407,0.2857,0.3316,1.2412,2.7921,3.8301,3.69,4.14,62.62,60.31,59.08,15.79,19.22,1.217,114.3,107.8,21.0,50.6,131.4,11.1,21.7,109.4,4.8,106.0,29.4,35.1
1771,default,0.3101,7.775,0.8247,0.5183,13.4181,0.423,-0.2904,0.6766,0.9935,2.7183,2.5576,4.95,4.95,60.74,57.73,57.73,9.72,5.87,0.604,107.9,106.2,22.0,48.1,118.4,11.4,19.6,90.1,6.3,122.2,38.9,38.9
1772,default,0.3207,4.2811,0.6396,0.5985,9.8803,0.6775,-0.1582,0.0661,1.3895,2.1296,3.1554,5.16,5.16,60.6,57.47,57.47,14.06,9.47,0.674,98.1,94.0,22.4,47.2,121.0,14.6,27.6,121.2,6.2,119.6,44.7,44.7
1773,default,0.3959,6.5661,0.8058,0.2493,3.7413,0.3823,0.4513,0.4371,0.896,6.5037,5.7299,7.6,7.6,57.6,53.22,53.22,26.65,10.09,0.379,99.4,95.7,24.6,42.0,122.8,14.1,23.0,99.1,6.9,121.4,58.8,58.8
1774,default,0.3669,5.8593,0.521,0.7218,4.4403,0.6178,0.5288,0.6734,1.4909,3.5245,3.6019,5.65,5.65,60.0,56.61,56.61,21.81,14.8,0.679,111.5,106.3,22.9,46.1,128.3,11.4,20.1,94.6,5.7,112.4,42.9,42.9
1775,default,0.3816,2.6119,0.9458,0.9986,9.4879,0.8678,0.5427,0.1093,1.0292,4.2808,2.6434,4.89,4.89,61.08,58.1,58.1,15.18,12.35,0.814,105.4,98.7,21.7,48.8,126.0,13.2,25.1,119.3,5.5,112.9,39.6,39.6
1776,default,0.4669,2.6396,1.8779,0.5518,4.088,0.7241,0.4492,0.1318,1.3748,5.5042,4.9905,6.99,6.99,58.51,54.42,54.42,34.44,21.25,0.617,101.2,94.8,24.7,41.8,134.1,14.3,25.9,114.3,5.8,109.1,55.2,55.2
1777,default,0.4559,6.5222,1.5922,1.07,3.1376,0.3717,0.1101,0.5163,1.2658,3.4484,2.9417,4.17,4.34,62.19,59.6,58.87,34.71,36.13,1.041,118.9,113.5,24.1,43.1,149.0,10.0,19.2,95.9,4.3,94.2,32.5,35.9
1778,default,0.5447,2.7819,0.5401,1.0668,4.3137,0.3328,0.3901,0.8644,0.7363,2.6018,4.265,5.58,5.58,60.56,57.18,57.18,38.5,33.06,0.859,122.3,116.3,24.2,43.0,146.8,9.5,17.6,85.6,4.6,96.3,38.6,38.6
1779,default,0.4255,6.5571,0.3864,0.7978,7.5301,0.6211,-0.013,0.1936,1.4953,2.8534,7.9312,5.55,5.55,60.28,56.93,56.93,20.28,14.16,0.698,99.7,95.7,23.3,45.0,125.2,14.1,25.6,114.6,6.1,116.0,46.0,46.0
1780,default,0.4309,3.9015,1.0893,0.5786,4.2285,0.3285,-0.201,0.3043,0.6668,2.415,1.2351,6.2,6.2,58.86,55.21,55.21,32.33,21.39,0.662,99.3,109.9,25.8,38.0,132.0,10.7,20.1,101.0,7.1,114.8,52.2,52.2
1781,default,0.2791,7.2585,0.8308,0.4422,15.6891,0.3397,-0.1547,0.6531,0.6825,5.442,5.3226,4.75,4.75,60.94,58.05,58.05,7.08,4.11,0.581,108.9,106.7,21.5,49.2,117.7,11.3,19.6,91.2,6.2,122.4,37.2,37.2
1782,default,0.4228,2.6311,1.2016,0.6189,5.2422,0.7624,-0.2175,0.818,0.5746,2.2631,4.1107,5.16,5.16,60.92,57.77,57.77,29.06,25.32,0.871,113.1,112.2,24.1,43.0,136.2,10.2,18.3,84.3,5.4,105.6,39.3,39.3
1783,default,0.42,7.6621,0.6613,0.7181,16.572,0.5566,0.1337,0.5491,1.1118,7.435,5.573,4.72,4.72,61.15,58.27,58.27,9.2,6.85,0.745,109.5,106.1,21.4,49.4,120.5,11.4,20.3,95.9,5.9,118.7,36.5,36.5
1784,default,0.2679,7.2944,1.212,0.225,13.961,0.8542,0.1689,0.2803,1.3397,3.4632,6.4047,4.78,4.78,60.92,58.01,58.01,7.18,4.12,0.574,104.0,99.8,21.1,50.2,117.7,13.0,23.3,108.8,6.1,121.8,39.1,39.1
1785,default,0.5274,3.107,0.4912,1.068,4.3329,0.2681,-0.0204,0.9198,1.3396,9.8527,6.7099,5.58,5.58,60.62,57.24,57.24,39.99,34.74,0.869,116.2,115.1,26.2,38.2,146.6,9.7,16.8,78.2,5.2,98.8,40.8,40.8
1786,default,0.4327,2.8849,0.3583,0.5309,10.1073,0.6197,-0.0384,0.209,1.3823,1.9817,3.1621,6.08,6.08,59.54,55.92,55.92,19.36,10.38,0.536,97.1,94.0,23.5,44.6,121.2,14.6,25.8,112.0,6.6,121.1,50.3,50.3
1787,default,0.3071,2.7284,0.8878,0.4874,13.6576,0.8871,-0.0513,0.8925,0.9369,5.2192,5.2669,4.68,4.68,61.15,58.29,58.29,9.51,7.23,0.76,115.9,114.5,21.4,49.5,120.4,9.8,17.0,80.0,5.9,118.9,34.4,35.0
1788,default,0.5333,3.4652,0.9559,0.2687,16.5164,0.7271,-0.1406,0.2162,0.6987,3.1171,1.4986,5.89,5.89,59.84,56.31,56.31,14.95,7.07,0.473,98.4,95.6,22.9,46.0,119.2,14.1,24.5,108.8,6.6,122.3,47.5,47.5
1789,default,0.5098,6.3019,0.3627,0.6866,17.1308,0.6568,0.3558,0.9438,1.1271,1.2526,4.9483,5.05,5.05,60.85,57.78,57.78,10.75,7.02,0.653,115.1,112.6,21.6,49.1,120.9,10.2,17.6,82.7,6.0,118.4,36.0,36.0
1790,default,0.3087,7.4191,1.9452,0.9878,5.2868,0.3937,0.1734,0.4307,1.3796,5.2831,4.0391,4.17,4.21,62.17,59.58,59.02,16.41,17.77,1.083,112.9,107.7,21.7,48.8,130.2,11.1,20.9,103.1,5.1,108.2,32.6,35.2
1791,default,0.5325,4.1369,1.1818,0.3524,8.8464,0.8166,-0.0353,0.0984,1.4121,8.0725,4.7274,6.97,6.97,58.72,54.63,54.63,27.11,14.48,0.534,92.2,89.1,24.5,42.3,123.9,16.3,30.2,120.8,6.7,119.1,57.9,57.9
1792,default,0.5076,4.362,1.8694,0.5677,3.9519,0.7375,0.1486,0.6885,1.1727,4.4935,5.858,5.87,5.87,60.21,56.67,56.67,40.48,33.62,0.831,114.5,110.5,24.6,42.0,144.6,10.6,19.3,89.8,4.9,98.7,42.6,42.6
1793,default,0.2592,3.0063,1.7759,1.0086,4.8272,0.3526,0.0069,0.7366,1.2355,4.6992,3.0045,4.32,4.32,61.95,59.28,58.93,17.04,17.55,1.03,116.3,113.3,22.3,47.3,130.0,10.0,18.2,88.1,5.3,109.2,32.4,35.2
1794,default,0.3604,3.3396,1.6345,1.1142,15.1623,0.2196,-0.0602,0.1952,0.9999,2.8058,2.6481,4.31,4.31,61.81,59.14,59.02,9.69,9.82,1.013,105.4,100.7,21.6,49.1,123.2,12.7,23.5,113.0,5.7,115.5,35.9,35.9
1795,default,0.5626,2.6206,1.0745,0.3326,11.5757,0.375,0.2434,0.9299,0.5911,1.7773,0.4325,6.62,6.62,58.75,54.86,54.86,20.51,8.53,0.416,108.1,111.1,23.7,43.8,121.5,10.5,17.6,81.0,7.0,121.9,48.4,48.4
1796,default,0.5847,7.5957,1.0606,1.1303,4.8302,0.4234,0.5221,0.6464,0.8387,4.5174,3.675,5.1,5.1,61.02,57.91,57.91,32.24,28.89,0.896,121.2,113.5,23.2,45.3,142.8,10.0,18.8,94.0,4.6,98.5,36.4,36.4
1797,default,0.3536,2.5332,1.5894,0.2259,9.431,0.761,0.5868,0.5955,0.6975,2.0125,3.2219,4.7,5.59,59.73,56.92,56.73,13.62,8.57,0.629,114.3,138.0,21.0,48.2,120.6,6.8,15.0,95.4,8.6,125.1,36.4,42.9
1798,default,0.418,5.632,1.8226,0.2132,4.0166,0.2482,0.1148,0.6811,0.9768,2.5453,3.4049,6.96,6.96,57.59,53.58,53.58,30.73,15.19,0.494,106.4,137.4,24.4,39.7,124.0,6.8,14.3,87.0,9.1,129.8,47.1,48.5
1799,default,0.3365,2.8539,0.8778,0.3374,7.9287,0.4155,-0.2676,0.9242,0.7768,7.154,4.4884,6.03,6.03,59.48,55.89,55.89,18.36,9.31,0.507,106.2,106.8,23.9,43.6,120.3,11.3,18.2,80.0,6.8,122.7,46.4,46.4
1800,default,0.3769,2.3005,0.8585,0.8084,17.2394,0.5145,-0.1807,0.4245,1.2098,3.2623,6.2803,4.74,4.74,61.18,58.28,58.28,10.71,8.38,0.782,105.8,102.5,21.8,48.5,121.0,12.3,21.9,102.7,6.0,118.6,38.2,38.2
1801,default,0.2878,3.6854,0.7906,0.2774,8.576,0.4491,0.4758,0.2822,0.6838,7.0004,0.8944,5.51,5.51,60.02,56.71,56.71,11.8,5.06,0.429,102.3,97.8,22.0,48.1,119.0,13.5,23.7,109.1,6.3,121.7,44.4,44.4
1802,default,0.4833,5.9246,1.4456,0.9094,6.2892,0.5074,0.261,0.5311,1.0897,2.3786,2.7073,4.72,4.72,61.44,58.54,58.54,24.54,22.98,0.936,115.3,109.9,22.6,46.6,135.6,10.7,19.9,97.1,5.0,104.2,35.6,35.6
1803,default,0.4306,3.7942,1.4806,0.7335,9.6395,0.4696,-0.1663,0.8022,0.5199,1.4209,6.7632,4.78,4.78,61.23,58.31,58.31,18.01,15.79,0.877,113.0,111.4,22.9,45.9,127.8,10.4,18.2,85.2,5.7,112.5,36.6,36.6
1804,default,0.4722,6.9034,0.9044,1.0592,10.6709,0.3614,0.1338,0.1942,1.2614,1.8209,3.4234,4.6,4.6,61.56,58.73,58.73,14.77,13.71,0.928,106.7,101.6,22.1,47.8,127.1,12.5,23.2,111.3,5.5,112.0,37.1,37.1
1805,default,0.5355,5.437,1.5579,0.781,7.1616,0.8111,0.1569,0.5981,0.6599,4.0807,1.8691,4.8,4.8,61.44,58.48,58.48,25.44,23.7,0.932,116.3,111.9,22.7,46.5,135.7,10.3,19.1,92.0,5.0,104.0,35.4,35.4
1806,default,0.2728,7.9029,0.7462,0.4437,9.8726,0.7308,0.3691,0.0797,1.1441,1.2243,2.7206,4.9,4.9,60.8,57.82,57.82,8.79,5.18,0.589,102.2,97.0,21.4,49.6,119.1,13.7,25.2,116.8,6.1,120.4,40.8,40.8
1807,default,0.4425,5.9666,0.3938,0.4124,7.0834,0.7307,-0.2416,0.5718,0.7078,2.7277,6.532,6.25,6.25,59.44,55.73,55.73,22.27,12.75,0.573,100.6,99.6,24.1,43.0,123.2,13.0,21.9,95.7,6.6,119.5,49.2,49.2
1808,default,0.2528,6.4749,0.5178,0.784,7.0035,0.4433,0.4302,0.4087,1.2384,6.1619,1.4606,4.67,4.67,61.24,58.38,58.38,10.75,8.72,0.811,109.0,104.0,21.3,49.8,122.5,11.9,21.7,104.1,5.7,116.3,36.8,36.8
1809,default,0.514,7.8728,1.2322,1.1536,3.7108,0.4269,0.5014,0.1868,1.2225,3.5319,8.637,4.98,4.98,61.3,58.25,58.25,33.86,31.45,0.929,114.3,104.9,23.2,45.2,145.3,11.7,23.1,116.6,4.4,96.2,37.7,37.7
1810,default,0.2772,5.8853,0.5609,0.4361,3.804,0.4401,0.1678,0.6088,0.5373,5.2083,2.6616,5.76,5.76,59.76,56.32,56.32,19.17,11.35,0.592,105.5,102.6,23.3,45.0,123.9,12.3,21.0,95.5,6.2,117.9,45.8,45.8
1811,default,0.4438,7.1465,1.8474,0.7228,14.3314,0.8863,-0.1373,0.4787,1.194,3.7734,5.2574,4.0,4.13,62.29,59.79,59.1,11.73,13.69,1.167,113.1,109.3,21.0,50.4,125.8,10.8,20.1,97.8,5.3,111.9,30.9,35.0
1812,default,0.4449,4.1068,0.989,0.6994,7.9673,0.3051,0.0336,0.5352,0.6645,1.3363,5.8685,5.57,5.57,60.2,56.84,56.84,20.0,13.64,0.682,105.0,102.2,23.7,44.2,126.2,12.4,21.3,97.5,6.1,115.4,44.4,44.4
1813,default,0.4171,4.3898,1.6487,0.4172,7.8087,0.3984,0.5385,0.3299,1.1789,2.5756,2.1448,6.21,6.21,59.35,55.66,55.66,17.85,8.15,0.457,103.1,98.4,22.9,46.1,121.9,13.3,23.0,104.5,6.3,119.5,48.1,48.1
1814,default,0.5702,6.658,0.9305,0.6821,5.618,0.2826,-0.1976,0.9343,1.477,3.5924,5.4591,5.56,6.87,58.04,54.81,54.81,36.06,25.04,0.694,115.7,174.3,24.5,37.4,130.8,4.2,10.3,76.4,9.8,121.9,43.5,52.2
1815,default,0.2705,5.43,1.2951,0.6676,8.8326,0.7721,0.4655,0.1134,1.153,6.4488,5.974,4.73,4.73,61.1,58.2,58.2,9.78,7.25,0.741,104.2,98.6,21.3,49.9,121.1,13.3,24.6,116.4,5.8,117.8,39.1,39.1
1816,default,0.3524,7.0499,1.8009,0.9651,9.8135,0.2385,0.3912,0.0613,0.7855,2.1139,7.5139,4.48,4.48,61.59,58.83,58.83,12.11,11.35,0.937,105.8,99.6,21.3,49.8,124.7,13.0,24.7,119.1,5.5,113.6,36.9,36.9
1817,default,0.4388,7.1693,1.1036,0.5448,7.7166,0.8346,0.1976,0.6083,1.2982,5.3006,5.4881,5.3,5.3,60.59,57.38,57.38,17.96,13.11,0.73,109.1,105.2,22.5,47.0,126.1,11.6,20.7,96.7,5.8,113.9,40.5,40.5
1818,default,0.3076,7.7426,1.174,0.4027,13.1119,0.3079,0.1655,0.9316,1.3582,2.4276,7.0113,5.04,5.04,60.61,57.56,57.56,9.0,4.65,0.517,112.1,110.4,21.7,48.9,117.9,10.6,17.9,83.0,6.3,122.3,37.7,37.7
1819,default,0.5594,3.1718,0.7354,0.6626,6.1623,0.2602,0.2346,0.9808,1.3179,2.4291,0.9262,6.96,6.96,58.31,54.25,54.25,32.61,18.94,0.581,111.7,120.3,25.0,40.1,130.6,8.9,15.7,76.7,6.9,114.6,50.3,50.3
1820,default,0.3024,6.2369,1.0278,0.5742,10.8307,0.4896,-0.105,0.6728,1.4958,2.1426,4.55,5.06,5.06,60.75,57.68,57.68,11.44,7.43,0.649,108.7,106.6,22.1,47.9,119.8,11.3,19.5,90.2,6.2,120.5,39.0,39.0
1821,default,0.3732,5.1836,1.4527,0.8051,6.5207,0.635,0.5033,0.1393,1.1316,2.1211,8.8177,5.13,5.13,60.79,57.67,57.67,18.2,14.17,0.779,106.0,99.5,22.1,47.8,127.5,13.0,24.2,115.8,5.5,111.9,41.1,41.1
1822,default,0.5249,4.1832,0.7166,0.284,4.4073,0.4529,0.0081,0.0058,0.6927,5.0905,1.5571,9.35,9.35,55.89,50.66,50.66,37.41,13.6,0.364,82.4,81.4,27.5,35.0,123.4,19.5,34.0,119.8,7.7,124.8,78.7,78.7
1823,default,0.3483,2.0394,1.4555,0.5461,13.5835,0.8477,-0.234,0.2405,0.6537,1.4037,3.9269,4.43,4.43,61.69,58.96,58.96,11.77,11.38,0.967,105.8,101.7,21.5,49.3,123.7,12.5,23.2,110.2,5.6,114.9,36.3,36.3
1824,default,0.33,2.182,1.7823,0.9363,3.1841,0.2224,0.1935,0.8674,0.5675,3.683,0.9648,4.91,4.91,61.08,58.08,58.08,27.94,25.08,0.898,118.4,115.1,23.8,43.9,137.7,9.7,17.3,83.4,5.1,104.0,37.1,37.1
1825,default,0.5538,5.4342,0.5792,0.2633,6.6185,0.8442,-0.2904,0.8446,0.66,7.3768,4.4306,7.2,7.2,58.43,54.22,54.22,30.46,16.69,0.548,101.1,102.6,25.4,39.9,125.7,12.2,19.8,83.0,6.8,118.6,54.5,54.5
1826,default,0.5164,6.223,1.1097,0.7758,5.1244,0.5476,-0.2801,0.1658,1.1936,2.049,5.3052,6.35,6.35,59.62,55.84,55.84,35.77,26.55,0.742,96.5,94.8,25.9,38.8,135.1,14.3,25.2,108.7,6.1,108.9,52.3,52.3
1827,default,0.3481,5.3465,0.6555,0.498,3.9158,0.5092,0.0481,0.1354,1.4656,1.3298,4.67,5.14,5.95,59.27,56.22,56.11,26.48,20.56,0.776,106.4,142.2,22.6,43.1,127.7,6.4,16.2,115.4,9.3,121.8,42.3,50.2
1828,default,0.4796,5.5823,1.1972,0.7448,12.6825,0.4717,0.0662,0.53,1.0448,2.732,2.8131,5.09,5.09,60.84,57.75,57.75,14.56,10.73,0.737,108.7,105.6,22.4,47.2,123.6,11.6,20.3,94.7,5.9,116.3,39.2,39.2
1829,default,0.3738,2.9639,0.7331,1.1309,9.4302,0.8566,0.0884,0.5415,1.4745,2.8919,7.8375,3.8,4.17,62.49,60.11,59.07,14.49,17.35,1.197,117.5,112.9,21.2,50.1,130.1,10.1,19.3,95.6,4.9,107.6,29.0,35.0
1830,default,0.467,7.9547,0.9465,0.8267,4.8896,0.8077,0.4325,0.9654,1.3049,2.1248,1.8453,5.5,5.5,60.37,57.05,57.05,24.59,18.81,0.765,118.6,114.4,23.0,45.6,132.3,9.9,17.3,82.4,5.4,108.3,39.4,39.4
1831,default,0.4257,7.0834,1.4292,0.9094,3.715,0.5523,-0.0168,0.1656,1.3967,1.2117,1.3394,4.56,4.56,61.64,58.83,58.83,29.85,29.09,0.975,107.5,102.3,24.0,43.4,141.1,12.3,23.4,113.0,4.9,100.7,38.4,38.4
1832,default,0.4233,7.6438,1.5454,0.9108,3.9136,0.46,-0.0648,0.8037,0.6563,8.556,6.1649,4.67,4.67,61.6,58.72,58.72,29.06,27.99,0.963,117.1,114.9,24.2,43.0,139.8,9.8,17.5,83.8,5.1,102.1,35.1,35.7
1833,default,0.5504,3.5693,1.5889,0.3636,6.4839,0.5813,-0.2952,0.0537,1.3889,2.141,6.4518,5.47,6.61,58.59,55.38,55.32,36.82,29.27,0.795,105.8,162.5,23.4,39.3,131.5,4.9,13.8,111.8,10.3,121.4,44.3,54.4
1834,default,0.3854,3.8674,0.6016,0.3372,4.352,0.8263,0.2899,0.0897,1.3151,6.3233,0.8415,7.37,7.37,57.91,53.64,53.64,28.34,12.95,0.457,93.7,89.5,24.6,41.9,124.1,16.1,29.2,118.0,6.7,119.8,61.0,61.0
1835,default,0.5265,7.2249,1.5165,1.0979,9.5542,0.7418,-0.2415,0.5051,0.7793,2.4537,5.2695,3.44,4.12,63.0,60.84,59.1,20.1,24.99,1.243,116.4,112.5,22.0,48.1,136.3,10.2,19.6,97.7,4.7,102.3,26.8,35.0
1836,default,0.3236,7.2826,1.3065,0.5468,10.0475,0.5146,0.0376,0.2362,1.154,4.7993,6.7166,5.02,5.02,60.8,57.75,57.75,11.82,8.01,0.678,103.0,99.0,22.0,48.1,120.8,13.2,23.5,109.4,6.1,119.2,41.0,41.0
1837,default,0.4279,2.0161,0.4249,0.9866,5.2319,0.8708,-0.11,0.784,1.3201,4.011,7.5061,4.11,4.32,62.17,59.61,58.91,28.49,29.96,1.052,119.2,116.1,23.3,45.1,141.3,9.6,18.4,89.3,4.6,99.7,31.9,35.4
1838,default,0.3097,2.4841,0.4643,0.3031,17.5991,0.305,-0.1604,0.0703,0.7223,3.5922,3.0253,5.2,5.2,60.39,57.25,57.25,8.69,3.48,0.4,97.3,93.4,22.0,48.0,116.6,14.8,27.1,119.1,6.5,124.4,45.0,45.0
1839,default,0.2676,6.6287,1.5572,1.073,17.6858,0.6079,0.2274,0.7913,0.8964,1.0222,5.2318,4.06,4.13,62.01,59.49,59.08,5.67,6.79,1.198,116.8,113.7,20.4,51.9,120.6,10.0,18.0,87.4,5.6,117.0,29.7,35.0
1840,default,0.5325,7.4291,1.0033,0.7815,3.4835,0.5686,0.1544,0.9926,1.1622,9.1525,7.9098,6.14,6.14,59.82,56.15,56.15,37.87,29.54,0.78,117.4,115.0,25.2,40.5,142.9,9.8,16.9,77.9,5.2,101.1,43.7,43.7
1841,default,0.475,2.9539,1.7676,0.4264,16.4655,0.3187,0.3312,0.4102,1.0534,1.0528,1.8329,5.39,5.39,60.32,57.07,57.07,12.33,6.6,0.535,105.2,101.4,22.0,48.1,120.0,12.5,21.9,101.4,6.2,120.2,42.2,42.2
1842,default,0.3085,7.5012,1.7004,0.6981,3.3497,0.8178,-0.2688,0.0519,0.7336,5.1554,5.2411,3.61,4.2,62.81,60.55,59.04,24.24,28.33,1.169,108.1,102.8,22.4,47.2,138.6,12.2,24.4,119.8,4.6,100.8,31.8,35.6
1843,default,0.3883,3.379,1.9634,0.9993,9.7323,0.7238,0.3053,0.7518,1.1749,1.9359,2.9719,4.24,4.24,62.01,59.39,59.06,15.1,15.92,1.054,119.4,115.3,21.2,49.9,128.3,9.7,17.9,87.9,5.1,109.6,30.5,35.0
1844,default,0.4322,6.5257,0.9603,0.5973,8.2652,0.8233,0.0813,0.7335,1.4706,6.8886,1.7785,5.21,5.21,60.7,57.54,57.54,17.78,13.39,0.753,111.7,109.1,22.5,47.0,125.7,10.8,19.0,88.5,5.8,114.2,39.0,39.0
1845,default,0.2822,5.3973,1.7398,1.0893,6.212,0.7937,0.3266,0.0748,0.843,5.9922,7.8947,4.01,4.18,62.31,59.81,59.06,14.05,16.06,1.143,109.0,102.2,21.0,50.5,128.7,12.4,24.1,120.0,5.0,108.8,33.0,35.4
1846,default,0.5249,4.9778,1.0248,0.563,8.2454,0.4848,0.1558,0.2585,0.7139,1.3217,3.1396,6.3,6.3,59.53,55.78,55.78,22.71,13.34,0.587,99.6,95.7,23.8,43.7,125.9,14.1,24.8,110.3,6.3,115.9,49.6,49.6
1847,default,0.2664,7.9983,0.5506,0.4234,13.1925,0.6312,0.198,0.8821,0.8911,2.7969,1.5824,4.71,4.71,61.04,58.17,58.17,7.12,4.49,0.631,112.7,110.2,21.1,50.2,118.3,10.6,18.5,86.8,6.0,121.0,35.4,35.4
1848,default,0.5589,4.8875,0.3564,0.5776,3.5832,0.5948,-0.0657,0.8364,0.7731,9.3534,4.3891,8.64,8.64,56.9,51.98,51.98,45.59,25.5,0.559,98.6,100.3,27.9,34.1,134.2,12.8,19.9,81.0,6.8,113.3,64.7,64.7
1849,default,0.3515,4.5975,0.3331,0.9287,10.5968,0.2625,0.2741,0.0231,0.5403,2.6119,1.8185,4.62,4.62,61.34,58.51,58.51,11.68,10.02,0.858,102.4,96.5,21.6,49.0,123.7,13.9,26.9,124.3,5.7,115.3,39.5,39.5
1850,default,0.5024,6.5076,1.1718,0.3982,17.94,0.6834,0.4135,0.5945,1.3005,1.0171,5.0042,5.31,5.31,60.4,57.19,57.19,10.19,4.81,0.472,108.6,105.3,21.7,48.8,118.8,11.6,20.1,93.1,6.2,121.3,40.0,40.0
1851,default,0.387,6.9348,0.4168,0.3374,10.3982,0.4895,-0.2549,0.4503,1.3928,7.0889,5.2081,6.08,6.08,59.38,55.78,55.78,16.42,7.04,0.429,98.1,96.5,23.4,44.8,117.2,13.9,23.0,100.9,6.9,125.8,49.7,49.7
1852,default,0.277,6.0702,1.2559,0.5569,5.0783,0.8504,-0.1393,0.3426,0.8051,1.2896,8.3221,4.59,4.59,61.49,58.67,58.67,16.39,15.18,0.926,107.3,103.5,22.1,47.8,127.1,12.0,22.2,105.3,5.5,112.1,37.4,37.4
1853,default,0.3345,4.4494,1.7892,1.011,3.1023,0.378,0.2809,0.0982,1.0359,3.2706,3.9032,4.13,4.31,62.16,59.6,58.9,27.27,28.69,1.052,110.7,102.9,22.5,46.9,140.8,12.2,24.5,122.8,4.5,99.2,34.9,36.1
1854,default,0.3667,3.1218,1.2842,0.8431,7.5219,0.7976,-0.0178,0.8092,0.6596,1.3093,4.2145,4.28,4.28,61.96,59.3,59.02,17.41,17.99,1.033,117.4,114.3,22.0,48.1,130.4,9.9,18.1,87.8,5.2,108.3,31.8,35.0
1855,default,0.3518,5.3055,1.0587,1.17,11.1284,0.6905,0.4244,0.3956,0.6053,9.7946,7.5736,4.21,4.22,61.98,59.38,59.03,11.17,11.96,1.071,112.3,106.7,20.9,50.6,125.5,11.3,21.3,104.7,5.3,112.2,32.7,35.1
1856,default,0.5716,4.9603,1.9565,0.4076,16.6423,0.3631,0.3243,0.4291,0.8567,4.7167,1.5974,5.67,5.67,60.12,56.71,56.71,14.05,7.3,0.52,104.7,101.0,22.3,47.5,120.5,12.7,22.0,100.8,6.3,120.0,43.3,43.3
1857,default,0.5803,6.0165,0.7168,0.4368,8.8026,0.3897,-0.1344,0.3303,1.2334,9.8813,3.1662,7.82,7.82,57.65,53.14,53.14,27.48,10.66,0.388,90.8,90.4,25.7,39.3,119.4,15.8,25.2,102.6,7.5,126.4,63.1,63.1
1858,default,0.4499,6.4477,1.534,0.6496,8.6306,0.8118,0.3223,0.1508,0.5203,1.0356,2.9304,5.13,5.13,60.78,57.66,57.66,17.09,13.02,0.762,104.8,99.2,22.2,47.7,126.1,13.1,24.1,114.0,5.7,113.4,41.3,41.3
1859,default,0.5082,6.7566,1.0948,0.4595,8.8895,0.3062,-0.1257,0.7589,0.5005,5.7141,4.1943,6.49,6.49,59.14,55.3,55.3,20.37,9.64,0.473,102.6,102.4,24.5,42.2,121.6,12.3,19.8,86.2,6.8,121.8,49.7,49.7
1860,default,0.5391,6.8036,1.2357,0.5758,7.1102,0.5076,0.4181,0.4315,0.5953,5.844,5.4245,6.28,6.28,59.45,55.72,55.72,23.4,13.84,0.591,105.4,100.5,23.4,44.7,127.4,12.8,22.3,101.9,6.0,113.9,47.7,47.7
1861,default,0.5281,4.9272,1.1589,0.2986,15.8132,0.7234,0.5852,0.1,0.7423,3.192,5.3097,6.0,6.0,59.53,55.96,55.96,12.29,3.42,0.278,99.1,94.3,22.3,47.4,117.7,14.5,25.7,114.2,6.6,123.6,48.0,48.0
1862,default,0.5694,5.524,1.2795,0.5086,8.5868,0.2547,0.2355,0.8838,1.3027,1.4373,4.9789,5.1,6.08,59.16,56.14,56.06,23.38,17.25,0.738,119.4,164.8,22.1,44.1,126.1,4.7,11.6,84.6,9.6,123.3,36.8,45.4
1863,default,0.3861,7.3589,0.5764,0.9836,4.6924,0.3944,0.3753,0.9626,1.4205,2.2438,5.9684,4.77,4.77,61.39,58.46,58.46,21.55,19.76,0.917,123.4,119.5,22.3,47.4,132.8,9.0,16.3,79.5,5.1,106.5,32.9,35.2
1864,default,0.2727,3.7701,1.8568,0.5016,12.9677,0.5841,0.2381,0.2836,1.338,1.3415,6.6047,4.54,4.54,61.39,58.6,58.6,8.55,7.15,0.836,105.4,100.5,21.0,50.5,120.6,12.8,23.5,112.1,5.8,118.0,37.1,37.1
1865,default,0.5754,3.0075,1.4011,0.9705,13.9302,0.7395,-0.2853,0.3,1.0008,2.109,5.4036,4.27,4.27,62.16,59.51,59.06,18.77,19.91,1.061,108.5,104.7,22.3,47.4,131.1,11.8,22.3,107.0,5.2,107.7,34.1,35.1
1866,default,0.4545,2.0619,1.0124,0.8131,11.2925,0.4248,-0.1613,0.6432,0.6936,8.1652,3.8639,5.02,5.02,61.02,57.96,57.96,16.84,13.61,0.808,110.1,108.3,23.0,45.8,126.0,11.0,19.2,89.1,5.9,114.4,38.4,38.4
1867,default,0.4567,6.1396,1.0018,0.4371,3.0473,0.2042,0.5673,0.0211,0.7604,3.2457,2.5534,6.73,6.96,57.43,53.56,53.56,32.84,17.25,0.525,102.3,116.9,23.9,41.4,130.5,9.4,20.5,120.8,7.9,117.0,55.0,55.6
1868,default,0.4618,6.1993,1.1373,0.5824,13.1333,0.7808,-0.0304,0.2823,0.6568,7.4924,7.395,4.92,4.92,61.04,58.04,58.04,13.12,10.12,0.771,104.5,100.5,22.0,48.1,123.1,12.8,23.1,108.1,5.9,116.4,39.7,39.7
1869,default,0.5221,5.573,1.4118,0.8063,11.1326,0.37,-0.0085,0.5344,0.7693,8.3469,3.3728,5.36,5.36,60.56,57.32,57.32,17.96,12.92,0.719,106.9,104.2,23.2,45.3,125.3,11.9,20.6,94.7,6.0,115.5,41.5,41.5
1870,default,0.3655,3.3888,1.8029,0.6444,14.1731,0.2648,0.4119,0.7614,0.8468,5.486,1.2942,4.87,4.87,60.99,58.03,58.03,10.26,7.23,0.705,113.2,109.9,21.4,49.6,121.0,10.7,18.7,88.7,5.9,118.1,36.0,36.0
1871,default,0.4188,7.2321,0.4281,0.7065,9.2892,0.2021,0.2981,0.4255,1.2429,3.518,6.5395,5.19,5.19,60.52,57.38,57.38,14.31,9.47,0.662,106.7,102.5,22.4,47.3,123.0,12.3,21.7,101.2,6.0,117.3,41.3,41.3
1872,default,0.3452,3.7179,1.8389,0.6766,14.8164,0.4345,-0.2142,0.7031,0.8051,8.2462,2.5336,4.56,4.56,61.45,58.65,58.65,10.61,9.33,0.879,111.0,108.7,21.8,48.7,121.9,10.9,19.2,90.9,5.9,117.4,35.1,35.2
1873,default,0.5243,6.2348,1.3146,0.8842,10.0554,0.2382,0.1169,0.4137,1.1119,9.5962,3.151,5.71,5.71,60.31,56.87,56.87,19.45,13.14,0.676,104.9,101.6,23.4,44.8,125.6,12.5,21.7,99.5,6.1,115.4,43.7,43.7
1874,default,0.4662,7.1902,0.9264,1.0758,3.8242,0.2927,-0.2077,0.2044,0.9379,2.8606,5.4105,5.26,5.26,60.84,57.64,57.64,33.62,29.51,0.878,101.1,98.1,25.8,39.2,140.4,13.4,24.0,110.9,5.5,103.8,45.1,45.1
1875,default,0.3346,3.8516,1.3933,1.1746,4.6283,0.7815,0.4982,0.3883,0.6892,4.691,6.1056,4.39,4.39,61.92,59.21,58.93,21.82,22.12,1.014,116.0,108.8,21.8,48.6,135.1,10.9,21.0,105.4,4.7,103.6,33.2,35.5
1876,default,0.5466,4.2887,0.4516,0.9133,10.9894,0.8676,0.4369,0.4568,1.4655,2.93,6.3753,5.36,5.36,60.62,57.37,57.37,18.52,13.63,0.736,109.2,104.0,22.4,47.2,127.2,11.9,21.5,102.0,5.6,112.5,40.6,40.6
1877,default,0.3041,6.594,1.5203,0.4962,4.0527,0.8055,0.1787,0.2716,0.7113,3.1756,3.298,5.07,5.07,60.88,57.8,57.8,19.86,16.19,0.815,105.9,100.8,22.4,47.1,128.5,12.7,23.5,110.6,5.5,111.2,40.9,40.9
1878,default,0.4409,2.6535,0.8836,0.5864,6.0485,0.4685,0.3397,0.8187,0.7793,9.5826,1.9772,6.07,6.07,59.62,56.0,56.0,24.52,15.79,0.644,112.4,109.2,23.5,44.6,129.0,10.8,18.6,85.1,5.9,112.4,44.6,44.6
1879,default,0.5709,6.0197,0.6972,0.8946,16.2807,0.4403,0.5434,0.7244,0.6073,8.4945,2.7981,5.12,5.12,60.76,57.65,57.65,12.78,8.67,0.678,112.0,107.7,21.7,48.8,122.7,11.1,19.6,93.0,5.8,116.6,38.0,38.0
1880,default,0.5232,5.4267,1.4967,1.1041,3.9382,0.8165,0.4887,0.5283,1.3929,5.5094,1.8765,5.22,5.22,61.0,57.82,57.82,35.81,32.19,0.899,118.9,110.7,23.5,44.6,145.8,10.5,20.1,100.4,4.5,96.2,37.5,37.5
1881,default,0.3577,7.9738,0.9454,0.7353,16.8959,0.3437,-0.2073,0.0076,1.0647,1.9429,4.4222,4.74,4.74,61.06,58.17,58.17,8.46,5.85,0.691,99.3,94.8,21.7,48.8,118.9,14.3,27.0,121.4,6.2,121.0,41.1,41.1
1882,default,0.4033,7.5779,1.4437,0.2339,6.639,0.5843,0.3035,0.1486,0.6398,1.681,3.125,6.14,6.14,59.41,55.76,55.76,18.6,9.18,0.494,98.8,94.2,23.0,45.7,121.9,14.5,26.1,114.5,6.4,119.7,49.9,49.9
1883,default,0.4881,4.306,1.2078,0.716,18.8373,0.6541,0.3795,0.76,0.6762,2.2469,3.0607,4.85,4.85,61.06,58.1,58.1,9.8,6.97,0.711,113.0,109.7,21.3,49.7,120.9,10.7,18.9,89.5,5.9,118.0,35.7,35.7
1884,default,0.5389,4.3741,1.92,0.485,18.6836,0.8063,-0.1023,0.259,0.7234,2.304,4.132,4.72,4.72,61.36,58.47,58.47,13.1,11.3,0.863,104.8,100.6,21.7,48.8,123.3,12.7,23.4,110.2,5.7,115.7,38.1,38.1
1885,default,0.481,2.6749,0.8887,0.9726,8.2766,0.8808,0.5005,0.4858,0.9911,1.8729,1.3028,5.33,5.33,60.59,57.36,57.36,21.47,16.56,0.771,111.3,105.6,22.5,46.8,130.0,11.6,21.0,100.4,5.4,109.8,40.3,40.3
1886,default,0.2619,5.0909,1.4823,1.0832,10.3703,0.8467,0.5353,0.3348,0.79,3.489,3.8047,4.32,4.32,61.72,59.06,58.98,9.22,9.11,0.988,109.6,104.0,20.8,50.9,122.9,11.9,22.2,108.3,5.5,115.1,34.4,35.3
1887,default,0.3717,4.8803,1.8545,1.0367,13.2854,0.8975,0.1415,0.4121,1.1763,1.0166,1.2784,3.85,4.12,62.41,60.0,59.1,11.29,13.84,1.226,113.3,108.3,20.7,51.2,126.3,11.0,20.9,103.3,5.1,110.9,30.2,35.0
1888,default,0.4629,4.9356,0.5722,0.871,4.7912,0.3078,0.18,0.8253,0.7481,2.9608,1.0492,5.64,5.64,60.31,56.91,56.91,28.61,22.43,0.784,114.0,111.0,24.3,42.6,135.4,10.5,18.2,85.0,5.5,106.7,41.8,41.8
1889,default,0.3564,6.8656,0.6414,0.2039,13.3855,0.4932,-0.2818,0.383,0.5607,1.267,3.2664,5.42,5.42,60.17,56.91,56.91,10.89,4.71,0.433,100.1,97.6,22.5,46.9,117.5,13.5,23.3,104.8,6.6,124.1,44.5,44.5
1890,default,0.383,7.8953,0.5882,0.4385,4.8212,0.5135,0.5312,0.4411,1.3649,1.5099,0.9621,5.78,5.78,59.24,55.82,55.82,20.18,10.95,0.543,107.9,111.5,22.7,45.7,124.2,10.4,19.6,99.7,6.8,118.8,45.4,45.4
1891,default,0.5013,7.4636,0.3264,1.0555,7.9973,0.4119,0.2611,0.3834,1.2331,8.7788,1.7584,4.69,4.69,61.46,58.57,58.57,19.11,17.62,0.922,110.8,105.3,22.3,47.3,130.8,11.6,21.7,105.0,5.3,108.6,36.8,36.8
1892,default,0.5939,3.8442,1.5513,0.6291,4.9556,0.6251,0.5852,0.053,1.2183,5.1387,2.7418,8.58,8.58,56.93,52.04,52.04,36.18,16.25,0.449,95.0,88.4,25.6,39.5,130.5,16.5,29.5,119.4,6.5,114.1,66.2,66.2
1893,default,0.5098,7.5887,1.251,0.4585,11.3146,0.6878,0.1776,0.4808,1.4995,4.034,9.3122,5.44,5.44,60.37,57.09,57.09,15.77,10.08,0.639,106.1,102.5,22.3,47.3,122.7,12.3,21.6,99.4,6.0,117.5,42.1,42.1
1894,default,0.5925,5.1043,0.9832,0.425,5.3671,0.5148,-0.2313,0.6778,0.9775,3.83,6.4295,5.53,7.3,57.64,54.45,54.2,37.57,25.99,0.692,113.3,179.6,24.2,37.3,131.9,4.0,10.6,85.2,10.3,122.3,45.2,56.4
1895,default,0.5545,4.8237,1.5355,0.2501,3.0291,0.4567,0.1881,0.2657,0.7107,8.6342,2.6811,10.38,10.38,54.99,49.28,49.28,48.0,20.3,0.423,87.3,86.0,28.3,33.2,130.9,17.4,28.2,104.9,7.3,117.8,80.8,80.8
1896,default,0.4885,3.1313,0.8083,1.1676,19.1493,0.4735,0.3338,0.8503,0.5539,7.1304,1.2138,4.35,4.35,61.78,59.1,59.06,10.48,10.47,0.999,118.5,115.1,21.0,50.4,124.1,9.7,17.5,85.1,5.4,113.8,31.1,35.0
1897,default,0.5663,3.8835,1.895,0.6924,3.7175,0.7068,0.4553,0.4792,0.8051,4.5727,3.3608,7.65,7.65,58.04,53.6,53.6,44.78,29.25,0.653,107.5,101.0,25.7,39.2,143.1,12.6,21.9,99.1,5.5,102.2,56.1,56.1
1898,default,0.358,5.8998,1.0381,0.5368,15.2852,0.6753,0.3819,0.3029,0.6943,1.7095,5.3408,4.79,4.79,61.01,58.09,58.09,8.25,5.39,0.653,105.4,100.7,21.2,50.0,119.5,12.7,23.0,108.6,6.0,119.6,38.5,38.5
1899,default,0.3022,3.4465,0.4256,0.716,3.9543,0.5334,0.1348,0.2179,0.5774,1.886,6.4302,5.28,5.28,60.59,57.39,57.39,21.31,16.5,0.774,104.4,99.7,23.2,45.4,129.1,13.0,23.7,110.4,5.7,111.7,43.1,43.1
1900,default,0.2655,2.79,0.6539,1.0066,7.6238,0.8066,0.3447,0.9723,0.6224,2.1807,2.7607,4.24,4.31,61.9,59.27,58.98,12.39,12.89,1.04,120.9,117.5,21.1,50.2,126.2,9.3,16.9,82.8,5.3,111.8,30.3,35.0
1901,default,0.4337,2.6097,0.8494,0.8394,10.7983,0.6965,0.0358,0.6329,1.0642,2.0131,7.7906,4.86,4.86,61.23,58.25,58.25,15.97,13.56,0.849,111.0,107.8,22.3,47.5,126.4,11.1,20.0,94.2,5.6,113.0,36.9,36.9
1902,default,0.2603,4.9638,1.6304,0.4089,3.7815,0.6428,0.179,0.2843,1.1164,4.4248,2.71,5.15,5.15,60.67,57.55,57.55,18.76,14.4,0.768,105.5,100.9,22.4,47.1,126.5,12.7,23.1,108.1,5.7,113.5,41.7,41.7
1903,default,0.492,3.0971,0.7996,1.0705,19.6048,0.5161,0.3977,0.9084,1.2134,2.759,0.8391,4.56,4.56,61.55,58.74,58.74,10.52,9.5,0.903,117.8,114.6,21.1,50.1,123.3,9.8,17.5,84.3,5.6,114.9,32.1,35.0
1904,default,0.4189,2.7831,1.3965,0.3633,5.3434,0.8704,-0.1817,0.9117,1.2135,9.7216,5.6412,6.0,6.0,59.81,56.22,56.22,30.59,22.47,0.735,110.5,110.7,24.3,42.7,131.0,10.5,18.0,79.8,5.9,111.2,44.8,44.8
1905,default,0.2866,6.0708,0.3034,1.0097,3.2502,0.8828,0.3663,0.8101,0.831,3.2948,2.4008,4.44,4.44,61.74,58.99,58.84,20.65,20.36,0.986,121.8,117.1,22.0,48.1,133.2,9.4,17.4,85.7,4.9,105.8,31.9,35.3
1906,default,0.3255,7.4371,0.8535,1.032,14.3487,0.6001,0.4323,0.283,0.7339,7.1156,2.2598,4.32,4.32,61.71,59.04,59.04,7.68,7.52,0.979,108.5,103.2,20.8,51.1,121.5,12.1,22.5,108.9,5.6,116.5,34.6,35.1
1907,default,0.3337,5.4057,1.8478,0.7049,14.0152,0.4893,0.5843,0.2906,1.4183,2.3085,8.1855,4.76,4.76,61.03,58.13,58.13,8.65,5.91,0.683,107.2,102.2,21.1,50.2,120.1,12.4,22.3,106.3,5.9,118.9,37.9,37.9
1908,default,0.3239,5.8943,1.2546,1.0465,17.0434,0.8003,-0.099,0.5402,1.2141,3.9577,7.3244,3.96,4.13,62.17,59.71,59.09,7.0,8.73,1.247,112.3,108.4,20.7,51.3,122.3,11.0,20.3,98.6,5.5,115.4,31.0,35.0
1909,default,0.3443,5.943,0.5999,0.4876,15.0663,0.6165,0.0603,0.0272,0.7036,1.0662,4.7063,4.93,4.93,60.84,57.84,57.84,9.02,5.46,0.605,99.0,94.1,21.6,49.1,118.9,14.6,27.8,123.7,6.1,120.9,42.4,42.4
1910,default,0.2718,7.4583,1.5416,0.8356,4.5967,0.347,0.1583,0.2496,1.4876,3.661,0.9492,4.54,4.54,61.5,58.71,58.71,15.82,14.74,0.932,106.2,100.8,22.1,47.8,127.6,12.7,23.6,113.8,5.5,111.7,37.9,37.9
1911,default,0.3726,5.0104,0.7294,0.3877,6.4356,0.2659,-0.2184,0.928,1.3761,5.9412,2.4968,6.97,6.97,58.3,54.24,54.24,24.05,10.35,0.43,101.6,103.3,25.1,40.8,118.9,12.1,18.5,78.3,7.3,126.5,54.1,54.1
1912,default,0.2668,5.4236,1.3917,0.2625,16.5672,0.6767,-0.1629,0.8961,0.9937,8.4496,8.4757,4.69,4.69,61.11,58.24,58.24,7.1,4.68,0.659,112.8,111.1,21.2,49.9,117.9,10.4,18.0,84.2,6.1,121.6,35.0,35.0
1913,default,0.4261,2.9399,0.8046,1.0719,8.4975,0.3035,0.5467,0.4989,1.3257,2.2961,6.2171,4.82,4.82,61.23,58.28,58.28,17.9,15.6,0.872,113.2,107.2,21.8,48.5,129.0,11.2,20.7,101.0,5.3,109.8,36.5,36.5
1914,default,0.2522,3.4597,0.8362,0.9053,9.3551,0.5378,0.2974,0.9024,0.5262,3.1685,2.8455,4.29,4.29,61.8,59.14,59.03,9.57,9.7,1.014,119.4,116.5,20.9,50.6,123.3,9.5,17.0,82.4,5.5,114.7,30.6,35.0
1915,default,0.4307,3.9587,0.9718,0.7787,18.7492,0.7375,-0.1464,0.8381,1.4721,3.0996,2.1494,4.55,4.55,61.51,58.71,58.71,9.99,8.89,0.89,113.1,110.8,21.5,49.4,121.8,10.5,18.6,88.1,5.8,117.0,33.9,35.0
1916,default,0.2662,7.4925,1.991,0.2926,11.1505,0.3182,0.3861,0.6799,0.5777,6.1559,1.9513,4.87,4.87,60.84,57.88,57.88,8.04,4.6,0.572,109.8,106.5,21.2,49.9,118.5,11.4,19.9,93.6,6.1,121.0,37.4,37.4
1917,default,0.3309,7.2382,1.4418,0.3634,3.091,0.7006,0.4524,0.1155,1.3222,3.3153,3.1613,6.38,6.38,58.99,55.22,55.22,23.03,12.12,0.526,100.2,94.8,23.5,44.5,125.1,14.4,25.6,113.4,6.2,117.1,51.9,51.9
1918,default,0.2758,3.1735,0.7713,0.5129,5.5391,0.4343,-0.0936,0.4199,1.3264,1.9892,3.4827,4.58,5.46,60.23,57.47,56.96,18.47,15.78,0.854,111.0,138.9,22.0,45.6,124.3,6.7,15.4,99.9,8.6,122.5,37.1,44.3
1919,default,0.3684,7.259,0.4606,0.381,13.209,0.6383,0.1462,0.6138,0.7216,1.5521,5.6095,5.2,5.2,60.53,57.38,57.38,10.39,5.55,0.534,107.8,105.0,21.8,48.5,118.9,11.7,20.3,93.6,6.2,121.3,39.9,39.9
1920,default,0.4226,7.3132,0.703,0.5033,12.0196,0.5674,0.336,0.7669,0.8906,1.4746,1.1205,5.16,5.16,60.59,57.46,57.46,11.81,7.2,0.61,112.9,110.1,21.8,48.6,121.0,10.6,18.4,85.7,6.0,118.9,38.2,38.2
1921,default,0.4678,2.0618,0.5814,0.8967,7.0372,0.3243,-0.2592,0.2091,0.556,9.6312,6.4326,5.53,5.53,60.4,57.06,57.06,25.51,19.77,0.775,98.9,96.3,24.9,41.3,131.1,13.9,24.7,110.9,6.0,111.7,47.0,47.0
1922,default,0.2615,2.2133,0.897,0.9574,4.632,0.8448,0.2481,0.5012,1.4302,1.7408,3.5338,4.34,4.34,61.94,59.25,58.99,17.27,17.69,1.024,114.5,109.3,21.7,48.9,130.6,10.8,20.4,100.1,5.1,107.7,32.9,35.3
1923,default,0.4198,6.27,0.8037,0.7184,7.7599,0.7885,-0.2457,0.7644,1.1284,7.4604,5.2109,4.79,4.79,61.21,58.28,58.28,19.45,17.14,0.881,111.9,110.2,22.8,46.2,128.2,10.6,18.8,87.8,5.6,112.0,37.2,37.2
1924,default,0.5676,6.3593,0.8591,0.7466,4.3615,0.7212,-0.156,0.1243,0.9412,8.7606,5.5173,6.53,6.53,59.58,55.69,55.69,39.93,30.27,0.758,97.9,95.3,26.0,38.5,140.2,14.2,26.0,111.8,5.7,104.2,52.2,52.2
1925,default,0.3015,2.5089,1.4808,0.6154,12.2627,0.5643,0.0864,0.5693,1.4959,4.9293,4.2743,4.63,4.63,61.28,58.45,58.45,10.47,8.64,0.825,111.0,107.8,21.5,49.3,121.8,11.1,19.8,93.6,5.8,117.3,35.9,35.9
1926,default,0.5172,6.0506,0.8105,0.5877,6.4365,0.8713,0.5408,0.4113,0.9163,3.0655,4.2761,6.84,6.84,58.75,54.73,54.73,23.8,11.47,0.482,102.5,97.3,23.7,44.0,125.4,13.6,23.3,104.9,6.3,116.8,52.1,52.1
1927,default,0.4799,6.9379,1.8793,1.1712,7.0049,0.6916,-0.1934,0.8628,0.647,2.1781,4.2363,2.96,4.1,64.02,62.12,59.1,24.85,33.38,1.343,126.2,123.2,22.3,47.5,143.7,8.5,16.5,84.7,4.2,95.9,20.5,35.0
1928,default,0.2965,7.5425,1.3482,0.3247,12.925,0.8132,0.5099,0.1256,1.1243,1.7915,2.9899,4.97,4.97,60.68,57.67,57.67,7.6,3.56,0.468,102.3,97.3,21.3,49.9,117.8,13.6,24.7,114.9,6.2,121.9,40.9,40.9
1929,default,0.5186,5.7422,0.3495,0.5315,8.8671,0.7508,0.4496,0.2451,0.5275,4.5789,6.2051,6.23,6.23,59.41,55.71,55.71,19.03,9.46,0.497,100.9,95.7,23.1,45.6,123.2,14.1,24.9,111.9,6.3,118.2,49.0,49.0
1930,default,0.5208,7.3606,0.9674,1.1902,14.9347,0.6292,0.4788,0.4206,1.3931,1.3152,3.6844,4.47,4.47,61.68,58.92,58.92,12.15,11.65,0.959,113.1,107.8,21.2,50.0,125.3,11.1,20.5,100.1,5.4,112.7,33.6,35.0
1931,default,0.5281,2.0782,0.5954,0.2957,12.1612,0.7059,-0.2385,0.5437,0.9118,1.5405,6.1782,4.58,5.91,59.63,56.9,56.33,20.49,17.84,0.871,115.1,169.1,21.4,44.9,123.8,4.5,12.1,95.9,10.6,127.3,34.6,46.3
1932,default,0.3661,5.6503,1.8117,0.759,6.4856,0.6698,-0.159,0.3023,0.7856,5.5004,3.4739,4.2,4.24,62.13,59.53,59.03,19.5,20.7,1.062,109.8,105.6,22.3,47.3,131.9,11.6,21.8,105.3,5.1,107.2,34.1,35.3
1933,default,0.364,4.1188,1.809,0.5169,12.7581,0.5699,0.034,0.1044,1.2465,3.7352,6.4535,4.9,4.9,60.97,57.98,57.98,12.18,9.03,0.741,101.2,96.6,21.9,48.4,121.5,13.8,25.8,118.0,6.0,118.1,41.2,41.2
1934,default,0.3443,6.544,0.3772,0.4582,14.3416,0.8712,0.1997,0.4084,1.4698,3.8721,3.0659,4.99,4.99,60.72,57.7,57.7,9.32,5.37,0.576,103.8,99.7,21.5,49.3,118.6,13.0,23.2,107.9,6.1,121.2,40.5,40.5
1935,default,0.302,5.0509,0.3487,0.5986,9.357,0.7521,-0.1076,0.6542,0.6481,9.6911,1.0066,4.83,4.83,61.0,58.06,58.06,11.87,8.94,0.753,109.4,106.8,22.0,48.2,121.6,11.3,19.9,92.9,6.0,118.2,37.7,37.7
1936,default,0.3792,5.3213,0.6778,0.5508,9.9329,0.7184,0.151,0.1388,1.4932,1.403,8.3936,5.18,5.18,60.66,57.52,57.52,14.1,9.64,0.684,101.4,96.5,22.1,48.0,122.4,13.8,25.8,117.3,6.0,117.5,42.7,42.7
1937,default,0.4569,7.8095,1.0099,0.8893,3.6492,0.8719,0.124,0.2451,1.211,4.1749,1.4821,4.57,4.57,61.66,58.84,58.84,30.54,29.82,0.976,111.0,104.5,23.3,45.1,143.1,11.8,23.2,113.1,4.6,98.3,37.2,37.2
1938,default,0.4311,7.6012,1.3651,0.4895,3.4568,0.7074,0.5057,0.4981,0.6425,6.1664,9.4399,6.93,6.93,58.48,54.43,54.43,28.19,15.02,0.533,105.4,100.3,24.2,42.8,128.6,12.8,21.7,97.7,6.2,114.3,52.8,52.8
1939,default,0.452,6.3063,0.7528,0.7453,3.1511,0.2761,0.4775,0.1686,0.7296,2.0383,3.1526,4.98,5.84,59.59,56.63,56.38,32.39,26.06,0.805,113.4,134.2,22.7,44.0,138.5,7.2,17.6,117.3,7.3,108.5,40.8,47.1
1940,default,0.5041,3.7633,0.4474,0.6251,3.1504,0.635,-0.2978,0.852,1.0426,1.9738,7.3504,5.7,5.9,59.5,56.11,56.11,46.6,42.35,0.909,127.5,216.9,24.3,36.3,144.5,2.7,8.4,76.2,9.9,119.3,27.7,45.9
1941,default,0.4219,2.2639,0.5848,1.1071,13.0029,0.2597,0.0392,0.8138,1.0432,6.1037,6.1292,4.45,4.45,61.62,58.88,58.87,13.33,12.72,0.954,114.9,112.2,22.1,47.9,126.0,10.2,18.2,87.3,5.6,113.2,33.7,35.1
1942,default,0.536,7.0739,1.0032,0.9749,3.9388,0.2208,0.5403,0.7384,0.7473,4.6884,3.8209,6.16,6.16,59.77,56.09,56.09,34.03,25.53,0.75,116.6,109.7,24.0,43.3,139.6,10.7,19.2,91.7,5.2,102.6,43.8,43.8
1943,default,0.4934,2.3425,0.9379,0.4388,5.8324,0.6752,-0.1091,0.3526,1.4224,9.4527,8.5332,7.83,7.83,57.65,53.13,53.13,35.89,19.06,0.531,93.4,92.9,26.1,38.4,126.5,14.9,24.4,101.0,7.0,119.0,62.6,62.6
1944,default,0.2699,3.5935,1.6558,0.5499,3.8525,0.8972,-0.0851,0.6874,0.7003,1.2305,8.1026,4.33,4.33,61.95,59.27,58.97,21.5,21.97,1.022,116.0,112.9,22.3,47.5,133.0,10.1,18.9,91.1,5.0,106.2,32.9,35.2
1945,default,0.3946,3.4337,1.3451,0.4979,11.6148,0.4582,-0.2166,0.2496,0.9786,1.6431,7.4951,5.56,5.56,60.23,56.88,56.88,16.18,9.9,0.612,100.3,97.7,23.1,45.5,121.2,13.5,23.4,105.5,6.4,120.1,45.1,45.1
1946,default,0.5613,2.6488,1.1955,1.0972,9.5648,0.8756,0.1084,0.7169,0.7113,2.4032,4.9403,4.14,4.18,62.29,59.72,59.06,23.88,25.61,1.072,121.3,117.0,22.2,47.6,138.1,9.4,18.0,89.2,4.6,101.0,29.5,35.0
1947,default,0.506,5.33,0.4093,0.5544,10.2683,0.4522,0.0167,0.6463,1.053,2.3882,5.6731,4.42,5.57,60.0,57.34,56.83,19.36,17.68,0.913,118.8,168.5,21.3,45.5,124.9,4.5,11.8,91.4,10.1,124.9,32.3,43.6
1948,default,0.3958,4.0978,1.3865,0.5139,16.4769,0.6794,-0.0826,0.1067,1.336,4.3474,5.341,4.84,4.84,61.02,58.07,58.07,10.73,7.82,0.729,101.2,96.8,21.7,48.8,120.4,13.8,25.5,116.8,6.0,119.2,40.6,40.6
1949,default,0.4429,2.3762,0.7404,0.8716,5.0666,0.2668,0.5798,0.3202,1.0341,2.417,4.0181,5.91,5.91,59.81,56.28,56.28,28.06,20.1,0.716,108.5,101.3,23.4,44.9,133.7,12.6,22.8,108.0,5.4,107.5,45.7,45.7
1950,default,0.336,6.9288,0.4046,1.0223,6.8633,0.5987,-0.0139,0.1206,0.5406,1.3562,4.9756,4.25,4.29,61.92,59.29,58.95,14.83,15.38,1.037,105.1,99.6,22.0,48.1,128.4,13.0,25.0,119.7,5.3,110.7,36.6,36.6
1951,default,0.2986,6.1824,1.6651,0.5489,17.9305,0.615,0.5014,0.8554,0.6035,3.0571,5.5623,4.65,4.65,61.12,58.28,58.28,6.05,3.73,0.617,114.7,112.1,20.9,50.8,118.0,10.3,17.8,84.4,6.0,120.9,34.0,35.0
1952,default,0.5012,4.1543,1.1975,0.211,5.2224,0.718,0.5319,0.7315,0.8473,1.5153,1.963,8.03,8.03,56.84,52.27,52.27,29.66,10.4,0.351,105.6,120.7,24.3,41.0,122.8,8.9,16.6,87.4,8.3,127.1,54.6,54.6
1953,default,0.5035,5.5867,1.3003,0.7032,14.667,0.6083,0.1705,0.4199,1.0639,1.982,9.2945,4.93,4.93,61.13,58.11,58.11,13.22,10.42,0.788,108.1,103.9,21.8,48.6,123.7,11.9,21.6,101.9,5.8,115.4,37.9,37.9
1954,default,0.4734,3.7894,1.8278,0.8274,7.9141,0.3539,0.4619,0.2261,0.5874,4.0278,2.6446,5.21,5.21,60.78,57.61,57.61,21.31,17.11,0.803,107.4,100.9,22.4,47.1,130.1,12.7,23.6,112.9,5.4,109.6,41.1,41.1
1955,default,0.5074,2.8705,1.3517,1.0705,5.5787,0.2445,0.0026,0.3697,1.4114,2.5306,3.3544,5.52,5.52,60.66,57.31,57.31,32.42,27.36,0.844,105.2,101.6,25.1,40.7,139.0,12.5,22.3,104.0,5.5,104.2,43.9,43.9
1956,default,0.4986,7.5152,1.4804,0.2711,7.0352,0.5016,0.5817,0.7171,1.0165,3.8799,7.5539,7.4,7.4,58.04,53.75,53.75,21.18,6.08,0.287,104.2,101.1,23.8,43.7,119.7,12.6,20.3,88.5,6.9,123.6,53.8,53.8
1957,default,0.4242,3.475,0.8349,0.9795,8.0959,0.8507,0.0026,0.2925,1.273,1.0131,6.9839,4.27,4.27,62.03,59.38,58.98,18.62,19.41,1.042,110.6,105.7,22.1,47.8,132.1,11.5,22.1,107.2,5.1,106.8,34.4,35.6
1958,default,0.48,3.49,1.0561,1.1826,15.7552,0.4002,0.2159,0.7599,1.4597,1.3999,2.1845,4.32,4.32,61.83,59.16,59.03,11.92,12.08,1.013,116.5,112.9,21.4,49.6,125.6,10.1,18.3,89.1,5.4,112.7,32.0,35.0
1959,default,0.4817,5.4755,1.5543,0.737,9.3239,0.213,0.2563,0.5243,0.9027,6.5777,4.7448,5.45,5.45,60.42,57.13,57.13,17.86,12.3,0.689,108.2,104.5,22.9,46.0,125.5,11.8,20.6,96.1,5.9,115.0,41.7,41.7
1960,default,0.3452,4.2828,0.8631,1.1123,6.4838,0.62,0.0694,0.3577,1.2605,4.976,4.7048,3.96,4.19,62.35,59.88,59.04,17.2,19.41,1.128,112.4,107.1,21.8,48.5,132.2,11.3,21.6,106.8,4.9,106.3,32.0,35.3
1961,default,0.5927,2.3693,1.5507,0.3559,15.9684,0.4806,0.0142,0.6093,0.5878,1.3776,6.2744,6.02,6.02,59.64,56.05,56.05,16.81,8.2,0.488,103.4,101.5,23.3,45.1,120.5,12.5,21.0,93.5,6.6,121.3,46.5,46.5
1962,default,0.5138,2.574,1.5751,0.5002,18.6952,0.2673,-0.1446,0.1573,0.884,2.4983,3.2879,5.68,5.68,60.04,56.63,56.63,13.88,6.91,0.498,97.2,94.0,23.0,45.8,119.0,14.6,25.7,113.4,6.6,122.6,47.2,47.2
1963,default,0.4343,3.052,0.781,0.402,3.4914,0.651,-0.204,0.1318,1.0161,4.3888,2.9459,6.34,7.19,57.66,54.01,54.01,39.68,25.38,0.64,96.9,122.3,25.5,37.2,132.7,8.6,19.4,114.2,8.2,117.4,57.3,60.0
1964,default,0.474,6.6278,0.6023,0.9432,14.7676,0.2709,-0.2544,0.7432,0.8691,9.465,6.0325,5.01,5.01,60.9,57.85,57.85,13.23,9.7,0.733,108.1,106.4,22.7,46.4,122.0,11.4,19.6,90.4,6.2,118.6,38.9,38.9
1965,default,0.4728,3.9771,0.8915,1.0846,14.2417,0.3238,0.3945,0.5297,0.8677,2.7424,2.3742,4.58,4.58,61.54,58.72,58.72,12.74,11.66,0.915,112.0,107.1,21.4,49.6,125.3,11.3,20.7,100.2,5.5,113.1,34.8,35.0
1966,default,0.5615,7.7614,1.5579,0.7723,4.4312,0.7036,0.0248,0.1786,0.6303,3.6168,6.8755,5.26,5.26,60.84,57.64,57.64,36.21,32.09,0.886,105.5,100.2,24.7,41.8,144.2,12.8,24.2,114.0,4.9,99.1,43.3,43.3
1967,default,0.4517,2.0772,0.8997,0.2972,6.3429,0.2492,-0.0845,0.9421,0.8158,1.2215,3.1397,6.92,6.92,57.87,53.87,53.87,28.46,13.7,0.481,109.3,142.0,24.6,39.2,122.9,6.4,12.8,75.0,9.1,130.3,45.3,46.1
1968,default,0.4798,2.3123,1.4085,0.3247,11.4479,0.816,0.5453,0.3229,0.5836,5.2868,3.1659,6.38,6.38,59.15,55.37,55.37,16.51,5.98,0.362,101.0,96.5,22.9,46.1,119.9,13.9,23.7,106.4,6.5,121.8,49.5,49.5
1969,default,0.3911,2.9836,0.5447,1.1208,6.1053,0.2554,0.409,0.1132,1.3547,7.3391,3.9627,4.51,4.51,61.66,58.89,58.8,21.3,20.7,0.972,109.0,101.5,22.1,47.9,133.8,12.5,24.3,120.1,4.9,105.4,37.2,37.2
1970,default,0.2989,3.2405,0.488,1.0887,13.1447,0.8764,0.162,0.0783,1.0278,1.187,2.0698,4.1,4.18,62.06,59.52,59.05,8.73,9.93,1.137,105.3,99.3,20.8,51.0,123.5,13.1,25.6,122.6,5.4,114.2,34.8,35.4
1971,default,0.3194,2.4243,1.2843,1.0077,19.9848,0.6978,0.5869,0.5637,0.9698,5.2199,3.924,4.37,4.37,61.52,58.84,58.83,6.69,5.96,0.891,111.4,107.0,20.7,51.2,120.1,11.3,20.4,98.5,5.7,118.1,33.9,35.0
1972,default,0.4712,3.2961,0.8035,0.3169,16.1003,0.603,0.0377,0.4347,0.7985,1.5853,0.5466,5.67,5.67,59.99,56.59,56.59,13.18,6.09,0.462,102.3,99.5,22.5,46.8,118.9,13.0,22.4,101.2,6.5,122.4,44.8,44.8
1973,default,0.3112,2.4966,1.7051,0.8363,7.178,0.7836,0.0477,0.8648,1.4779,1.7531,4.0096,4.09,4.16,62.28,59.73,59.08,16.24,18.04,1.111,120.8,117.8,21.5,49.3,130.0,9.3,17.1,84.1,5.0,108.0,29.0,35.0
1974,default,0.5808,5.5491,1.6958,0.6866,3.6544,0.421,0.2935,0.5694,0.6825,8.1781,5.3739,7.19,7.19,58.68,54.46,54.46,43.56,30.44,0.699,109.1,104.4,25.8,39.1,143.8,11.8,20.6,92.9,5.4,101.3,52.2,52.2
1975,default,0.4691,2.1925,0.4516,0.9105,4.4102,0.7044,0.0533,0.2775,1.1001,3.613,3.8286,5.29,5.29,60.67,57.46,57.46,34.3,29.67,0.865,104.6,99.2,24.5,42.1,141.8,13.1,25.5,117.5,5.1,101.3,44.6,44.6
1976,default,0.5483,2.0406,0.3984,1.1281,14.0206,0.4602,-0.0372,0.5751,1.0355,8.705,8.9942,4.52,4.53,61.52,58.74,58.72,16.76,15.75,0.94,110.5,107.0,22.6,46.8,128.5,11.3,20.5,97.6,5.5,111.2,36.3,36.3
1977,default,0.4112,5.3088,1.2851,0.6741,3.8377,0.8328,0.3521,0.3698,1.4943,2.2618,5.0838,5.63,5.63,60.16,56.78,56.78,28.08,21.54,0.767,108.8,102.9,23.5,44.6,134.6,12.2,22.3,105.0,5.4,106.7,44.2,44.2
1978,default,0.2723,3.8552,1.975,1.1746,5.9201,0.361,0.3317,0.3743,0.5832,4.6025,3.6832,3.84,4.21,62.47,60.07,59.06,15.7,18.44,1.175,114.9,108.8,21.1,50.2,130.8,10.9,21.1,105.7,4.9,106.8,30.3,35.1
1979,default,0.2803,7.6483,0.3319,0.2914,6.0466,0.7333,0.1532,0.0349,0.7206,1.8357,2.4257,5.57,5.57,59.94,56.6,56.6,13.93,6.89,0.495,96.1,91.2,22.4,47.2,119.5,15.5,29.9,126.4,6.4,121.7,48.8,48.8
1980,default,0.2533,4.2748,1.4138,0.6365,16.4957,0.4946,0.1822,0.5028,0.5041,3.6391,1.5789,4.46,4.46,61.42,58.69,58.69,6.1,4.94,0.81,108.2,104.1,20.9,50.8,119.0,11.9,21.5,102.2,5.9,119.7,35.4,35.4
1981,default,0.3116,5.2843,1.8578,1.1224,3.8879,0.299,-0.1829,0.8334,0.69,4.3415,4.9738,3.94,4.27,62.39,59.93,58.99,22.77,25.14,1.104,118.2,116.0,23.3,44.9,136.8,9.6,17.4,85.2,5.0,103.8,30.9,35.3
1982,default,0.5275,7.3296,0.433,1.1509,8.089,0.376,0.5055,0.8648,1.4264,2.6015,2.9,5.05,5.05,61.06,57.98,57.98,20.64,17.47,0.846,119.1,114.1,22.3,47.5,130.9,9.9,17.8,86.7,5.3,108.4,35.5,35.5
1983,default,0.5929,6.4703,1.5778,0.8694,3.1185,0.7508,0.1167,0.3387,0.8555,4.3149,1.3962,4.93,4.93,61.55,58.51,58.51,48.22,46.53,0.965,115.8,108.9,24.9,41.3,160.2,10.9,21.8,107.0,3.9,86.4,36.7,36.7
1984,default,0.3772,4.9652,0.8773,0.4165,15.4123,0.7945,0.0472,0.2441,1.1631,1.1227,7.2465,5.03,5.03,60.73,57.68,57.68,10.41,6.39,0.614,102.1,98.0,21.7,48.8,119.4,13.4,24.1,111.8,6.1,120.5,41.3,41.3
1985,default,0.3912,4.2126,1.1727,0.5858,13.876,0.5229,0.4828,0.6275,0.9599,6.2256,2.6579,5.01,5.01,60.74,57.7,57.7,10.55,6.6,0.626,111.4,107.8,21.5,49.3,120.6,11.1,19.5,91.7,6.0,118.8,37.9,37.9
1986,default,0.5437,5.6052,0.4621,1.0582,3.4322,0.2978,0.4675,0.6606,0.8154,1.2114,5.6592,6.07,6.07,60.06,56.42,56.42,40.33,32.74,0.812,118.0,110.5,24.5,42.3,147.0,10.6,19.5,94.5,4.7,96.5,42.3,42.3
1987,default,0.5838,4.8366,1.3283,0.4566,8.9129,0.8179,0.1002,0.9357,1.4406,5.5814,7.6805,6.28,6.28,59.61,55.86,55.86,25.26,16.11,0.638,111.2,110.0,23.6,44.3,127.0,10.7,17.9,80.3,6.1,114.3,44.8,44.8
1988,default,0.5344,2.7263,1.3511,0.2752,7.7027,0.841,0.2639,0.2632,0.549,7.544,2.8148,7.18,7.18,58.44,54.24,54.24,26.39,12.67,0.48,97.5,93.7,24.3,42.7,125.0,14.7,25.5,109.1,6.5,117.9,56.0,56.0
1989,default,0.4487,3.5091,1.0386,1.1133,11.4384,0.5611,0.3515,0.2599,0.8063,1.3221,5.2277,4.36,4.36,61.88,59.19,59.06,14.68,14.92,1.016,109.3,103.0,21.4,49.6,128.2,12.2,23.2,114.0,5.2,109.8,34.8,35.2
1990,default,0.2545,2.508,0.523,0.2263,3.9373,0.2641,-0.297,0.6234,1.1832,2.9442,5.8119,6.0,6.06,58.63,55.12,55.12,23.37,15.46,0.662,110.2,162.9,22.8,41.6,119.9,4.9,11.8,87.3,10.9,140.5,36.5,48.5
1991,default,0.4496,4.1742,1.7994,0.9551,19.9733,0.3323,0.3396,0.8262,0.5096,3.0654,3.296,4.46,4.46,61.57,58.82,58.82,9.13,8.34,0.913,116.4,113.3,21.0,50.4,122.0,10.0,17.8,85.9,5.6,116.3,32.4,35.0
1992,default,0.4999,3.9782,1.0965,0.9447,13.9117,0.857,0.123,0.461,0.6331,3.0297,0.6584,4.41,4.41,61.85,59.12,59.07,13.83,13.88,1.004,111.9,107.3,21.5,49.4,127.1,11.2,20.9,101.2,5.3,111.1,33.7,35.1
1993,default,0.4182,3.578,1.0633,0.3169,4.1183,0.8262,-0.1611,0.5775,0.9042,1.9101,2.8797,5.37,6.09,59.11,55.93,55.93,32.88,23.98,0.729,110.6,138.3,23.9,41.3,133.0,6.7,15.2,92.0,7.8,114.5,43.6,47.8
1994,default,0.4182,5.8566,1.5005,0.5731,4.0415,0.4323,-0.0704,0.8834,1.4349,5.8362,1.0809,6.81,6.81,58.8,54.79,54.79,33.01,20.87,0.632,105.1,105.5,25.6,39.5,129.3,11.6,18.6,80.5,6.5,115.1,51.9,51.9
1995,default,0.5027,4.7267,1.7078,0.8296,9.8382,0.5872,0.1037,0.7157,0.7955,5.3934,7.946,4.68,4.68,61.53,58.65,58.65,19.18,17.9,0.933,114.9,111.4,22.3,47.3,130.2,10.4,18.8,90.4,5.3,109.0,34.6,35.1
1996,default,0.4494,5.3509,1.5855,0.7608,5.3256,0.3554,0.531,0.0484,0.763,4.9402,3.3945,6.05,6.05,59.72,56.11,56.11,25.45,17.0,0.668,102.2,95.0,23.3,45.0,130.4,14.3,27.1,122.2,5.7,110.6,48.4,48.4
1997,default,0.5184,3.4128,0.6759,0.8687,6.2935,0.4309,0.2792,0.2295,0.5551,7.4296,5.7274,5.58,5.58,60.39,57.02,57.02,26.86,21.0,0.782,106.1,100.3,23.5,44.4,134.2,12.8,23.7,111.4,5.4,106.9,44.0,44.0
1998,default,0.457,2.7541,1.5629,0.3001,13.4931,0.41,-0.0996,0.3837,1.2483,7.1541,7.6971,6.12,6.12,59.43,55.79,55.79,16.94,7.6,0.449,97.4,95.1,23.4,44.9,118.5,14.3,24.0,105.9,6.8,124.2,50.2,50.2
1999,default,0.2909,2.8539,1.2628,1.1227,9.7775,0.8792,-0.1455,0.7936,1.3357,4.4251,1.1929,3.44,4.13,62.81,60.65,59.09,11.38,15.75,1.384,120.2,116.8,20.8,51.0,128.3,9.4,17.8,88.6,5.0,109.0,25.8,35.0
