seed,policy,cog_auto_2032,robot_lag_years,jevons,new_task_rate,diffusion_t50,passthrough,wage_share,housing_supply,demand_mult,policy_lag_years,policy_scale_pct,unemployment_2036,peak_unemployment,participation_2036,emp_pop_2036,min_emp_pop,jobs_destroyed_total,jobs_created_total,created_per_destroyed,median_income_2036,bottom20_income_2036,top1_share_2036,labour_share_2036,gdp_index_2036,poverty_2036,homeless_2036,housing_cost_2036,deficit_2036,debt_2036,unrest_2036,peak_unrest
1000,laissez,0.5221,6.019,0.4685,0.553,7.2884,0.5743,0.5805,0.1303,1.1712,2.3133,4.0182,8.08,8.08,58.49,53.76,53.76,26.8,11.74,0.438,97.0,90.8,24.3,42.6,125.8,15.6,28.2,118.6,6.6,117.5,60.3,60.3
1001,laissez,0.5288,2.3518,1.5924,1.0627,3.5672,0.8317,0.4073,0.4067,0.8745,4.4568,3.5243,6.34,6.34,60.88,57.02,57.02,54.12,48.21,0.891,119.8,110.2,25.2,40.5,163.7,10.6,21.1,105.3,3.9,85.2,42.6,42.6
1002,laissez,0.4323,4.5275,0.6756,0.3303,7.5138,0.6383,0.259,0.7073,0.9354,1.1171,2.6009,7.48,7.48,58.9,54.49,54.49,24.43,11.42,0.467,104.3,102.2,24.0,43.3,123.4,12.4,20.4,89.1,6.6,119.9,53.9,53.9
1003,laissez,0.4241,4.1599,1.5275,0.6467,7.09,0.2181,0.0014,0.4755,0.9513,1.2243,2.9754,7.16,7.16,59.36,55.12,55.12,27.16,15.92,0.586,99.5,97.7,25.2,40.6,126.8,13.5,22.3,97.6,6.6,117.2,54.2,54.2
1004,laissez,0.3974,7.8566,1.3426,0.893,7.8773,0.3315,0.4471,0.8449,0.7096,4.4722,5.42,5.11,5.11,61.32,58.19,58.19,18.92,16.37,0.865,118.6,114.0,22.1,48.0,129.6,9.9,17.8,86.5,5.3,109.8,36.3,36.5
1005,laissez,0.4191,7.4131,1.2137,1.0761,8.8992,0.8962,0.0217,0.6617,0.9883,3.738,3.1205,3.9,4.24,62.75,60.31,59.07,18.51,21.92,1.184,118.9,114.4,21.6,49.0,134.4,9.9,18.8,93.8,4.7,103.9,29.0,35.0
1006,laissez,0.3713,3.3718,0.3211,1.1308,5.5315,0.2005,-0.1113,0.518,1.2628,2.0369,2.1293,5.16,5.16,61.45,58.28,58.28,27.38,25.09,0.916,107.4,104.3,24.6,42.0,136.6,11.8,21.2,100.2,5.5,106.1,41.4,41.4
1007,laissez,0.5496,6.8029,1.3095,1.087,12.2489,0.7668,-0.0977,0.9762,1.1339,3.6143,3.7746,4.43,4.43,62.45,59.69,59.07,19.72,21.37,1.084,120.7,118.3,22.3,47.5,133.5,9.2,16.8,82.1,5.0,105.4,30.2,35.0
1008,laissez,0.4319,7.7504,0.8785,0.9082,17.3547,0.2352,0.2952,0.8271,1.3735,3.9021,1.8383,4.91,4.91,61.43,58.41,58.41,10.64,8.7,0.818,115.6,112.7,21.6,49.2,122.6,10.2,17.8,85.1,5.8,116.4,34.8,35.0
1009,laissez,0.3131,4.9242,0.4319,0.7226,17.1721,0.8134,0.1527,0.816,1.3059,1.637,1.6253,4.7,4.7,61.54,58.64,58.64,8.5,7.22,0.849,113.8,110.9,21.1,50.2,120.9,10.5,18.7,88.9,5.8,117.8,34.3,35.0
1010,laissez,0.4849,7.1393,0.7199,0.2832,6.8376,0.315,0.0931,0.7288,0.7043,6.8227,4.1427,8.97,8.97,57.59,52.42,52.42,28.28,9.43,0.333,96.5,96.7,25.9,38.7,120.5,13.8,21.0,86.6,7.6,126.0,64.6,64.6
1011,laissez,0.3784,2.1846,0.6017,0.6421,13.2726,0.5099,0.1548,0.1784,0.9653,1.9798,6.2227,5.5,5.5,60.82,57.48,57.48,14.5,9.93,0.685,101.6,96.8,22.3,47.4,123.0,13.8,25.4,116.1,6.0,117.2,43.8,43.8
1012,laissez,0.3685,2.8689,0.654,0.2298,4.8794,0.7953,0.1799,0.1984,0.6529,2.6029,3.5165,8.17,8.17,58.14,53.39,53.39,29.32,13.22,0.451,93.6,90.4,24.9,41.1,124.5,15.8,28.1,113.5,6.8,120.2,64.1,64.1
1013,laissez,0.5669,6.5935,1.47,0.9256,14.5812,0.6883,0.2112,0.0272,1.3655,1.1366,2.7162,4.99,4.99,61.69,58.61,58.61,17.04,15.65,0.918,104.0,97.7,21.9,48.4,128.5,13.5,26.7,124.3,5.4,110.2,39.6,39.6
1014,laissez,0.4304,3.4356,0.3593,0.6295,19.0212,0.6354,0.1201,0.5129,0.7507,5.0185,4.6249,5.41,5.41,60.85,57.55,57.55,12.01,7.64,0.636,106.3,102.8,22.0,48.2,120.9,12.2,21.6,100.1,6.1,119.2,41.1,41.1
1015,laissez,0.2863,3.8057,1.8885,0.6866,11.7272,0.7321,0.0613,0.4364,1.1628,2.0255,5.6873,4.55,4.55,61.95,59.14,59.05,12.29,12.39,1.008,110.3,105.9,21.3,49.8,124.9,11.5,21.3,102.7,5.5,113.4,34.7,35.2
1016,laissez,0.3777,4.3427,0.8928,0.7603,10.1643,0.6577,0.0137,0.4928,0.9686,8.0927,3.9513,5.26,5.26,61.2,57.98,57.98,17.2,14.04,0.816,108.3,104.8,22.6,46.7,126.5,11.7,21.1,98.7,5.8,113.6,40.1,40.1
1017,laissez,0.4185,5.8112,0.6243,0.2941,5.4265,0.4046,0.3877,0.9758,0.5096,1.9279,3.9535,8.22,8.22,58.2,53.42,53.42,27.29,11.27,0.413,107.5,105.9,24.6,41.8,124.1,11.5,18.2,78.8,6.8,120.1,56.9,56.9
1018,laissez,0.3879,6.6262,1.5054,0.8767,13.336,0.4218,0.3631,0.1869,1.0267,5.5557,2.5483,4.81,4.81,61.6,58.64,58.64,12.62,11.33,0.898,106.5,100.6,21.4,49.6,124.7,12.7,23.9,115.1,5.5,113.9,37.9,37.9
1019,laissez,0.262,3.2851,1.6216,0.6466,19.4738,0.8946,-0.0946,0.7917,0.7947,2.3788,2.9329,4.31,4.31,62.0,59.33,59.08,7.41,8.06,1.088,115.0,112.2,20.8,51.1,121.3,10.3,18.5,89.0,5.6,116.7,31.5,35.0
1020,laissez,0.2894,4.7729,0.9892,0.3797,13.1852,0.6209,0.0281,0.521,0.7758,2.0278,3.5708,5.31,5.31,60.79,57.57,57.57,10.58,6.27,0.593,106.5,103.6,21.9,48.4,119.4,12.0,21.0,97.0,6.2,120.9,40.8,40.8
1021,laissez,0.4359,3.0697,0.7175,0.4521,6.5126,0.5009,0.0681,0.1076,1.3116,1.8093,3.6481,8.42,8.42,58.05,53.16,53.16,31.84,15.1,0.474,90.1,87.5,25.7,39.3,124.5,16.8,29.9,116.9,7.1,121.1,67.4,67.4
1022,laissez,0.2963,7.5807,0.9139,1.0155,8.4249,0.6625,0.3482,0.8583,0.7374,1.1345,2.8678,4.53,4.53,61.95,59.14,58.96,12.73,12.85,1.009,118.5,114.5,21.2,49.9,126.3,9.8,17.9,87.5,5.3,111.9,32.0,35.1
1023,laissez,0.421,4.711,1.9926,0.622,3.0129,0.8617,0.0776,0.7878,0.8675,2.5989,1.4102,5.24,5.24,61.61,58.38,58.38,46.22,44.2,0.956,122.0,117.7,24.4,42.4,154.9,9.3,17.9,87.0,4.1,90.4,37.0,37.0
1024,laissez,0.529,4.901,0.962,1.0294,15.6415,0.2703,0.1616,0.9567,1.2218,5.1996,3.4569,5.27,5.27,61.28,58.05,58.05,15.65,12.68,0.81,116.1,113.8,22.5,47.0,126.1,10.0,17.3,81.7,5.8,113.7,36.6,36.6
1025,laissez,0.3234,2.266,0.886,0.4292,10.8339,0.4689,-0.0156,0.8994,0.6357,1.9674,1.4443,5.92,5.92,60.27,56.71,56.71,15.3,8.55,0.559,110.2,109.4,23.0,45.8,121.2,10.8,17.9,81.1,6.4,120.4,43.1,43.1
1026,laissez,0.259,4.8438,0.9594,0.4646,8.9509,0.4906,0.3495,0.3201,1.0396,3.3499,1.7324,5.39,5.39,60.79,57.51,57.51,12.09,7.62,0.63,104.0,99.1,21.8,48.6,121.3,13.1,23.7,110.7,6.0,118.6,42.3,42.3
1027,laissez,0.2571,7.4388,1.2196,1.0983,14.4331,0.544,-0.2975,0.5974,1.1992,7.4677,4.2517,4.08,4.2,62.32,59.77,59.05,7.95,9.85,1.239,113.6,110.6,21.1,50.4,123.1,10.6,19.2,93.2,5.5,115.0,31.0,35.0
1028,laissez,0.4119,4.3614,1.3702,0.4524,16.4564,0.5266,0.1916,0.8498,0.5246,1.2959,6.0291,5.46,5.46,60.78,57.46,57.46,12.76,8.14,0.638,112.7,110.6,22.0,48.1,121.5,10.5,18.1,84.1,6.1,118.6,39.2,39.2
1029,laissez,0.4616,6.2142,1.1923,0.9463,8.677,0.8005,0.4167,0.8843,0.7574,2.3847,6.6591,5.56,5.56,61.11,57.71,57.71,21.49,17.57,0.818,118.7,114.6,22.5,46.9,130.9,9.8,17.5,84.0,5.4,108.9,37.7,37.7
1030,laissez,0.5853,4.5546,1.3163,0.8552,4.2908,0.8643,0.5475,0.5108,1.3633,5.6723,3.7882,8.9,8.9,58.12,52.95,52.95,45.73,28.37,0.62,107.9,100.6,26.0,38.6,143.5,12.7,21.8,98.5,5.7,102.6,60.9,60.9
1031,laissez,0.4953,5.3059,1.9469,1.0478,5.4431,0.2322,0.4274,0.373,1.3262,1.8884,6.1263,5.68,5.68,61.18,57.71,57.71,34.7,30.76,0.886,114.8,107.1,23.6,44.3,143.8,11.2,21.4,105.3,4.7,98.3,40.8,40.8
1032,laissez,0.3854,5.2792,1.6286,0.5378,7.1644,0.7021,-0.2508,0.3607,0.6909,2.4002,1.9739,5.34,5.34,61.35,58.07,58.07,23.71,20.81,0.878,104.5,101.5,23.4,44.9,130.9,12.5,22.8,105.7,5.6,109.9,41.9,41.9
1033,laissez,0.5855,3.2565,0.7633,1.1019,3.4154,0.2534,0.3348,0.2313,0.8786,2.3714,6.2255,7.27,7.27,59.85,55.5,55.5,54.93,44.74,0.814,109.3,100.8,26.6,37.2,161.4,12.7,24.1,115.1,4.5,88.6,52.2,52.2
1034,laissez,0.5381,5.7926,0.4429,0.5866,4.6697,0.466,0.5951,0.1855,0.8261,1.4386,2.9222,9.68,9.68,57.15,51.62,51.62,36.98,15.86,0.429,95.7,89.3,25.9,38.9,130.3,16.2,27.9,114.3,6.7,115.3,70.1,70.1
1035,laissez,0.5162,7.3384,1.0523,0.4632,3.4395,0.4654,0.164,0.2299,0.7383,2.1862,3.0169,9.75,9.75,57.2,51.63,51.63,43.35,22.26,0.513,91.3,88.5,27.3,35.4,134.2,16.5,28.2,110.8,6.8,113.2,73.2,73.2
1036,laissez,0.3956,6.3853,1.7737,0.9196,3.2266,0.4569,-0.1727,0.3558,1.1204,1.2737,4.163,5.11,5.11,61.94,58.78,58.78,38.66,37.74,0.976,107.9,104.4,25.3,40.2,147.8,11.8,22.1,105.3,4.8,96.7,40.0,40.0
1037,laissez,0.2795,6.0367,1.426,0.2456,5.8552,0.3999,-0.0755,0.1385,1.0944,1.0011,2.1413,6.77,6.77,59.33,55.31,55.31,19.99,9.32,0.466,94.4,91.8,24.0,43.4,119.7,15.3,26.6,112.6,6.9,124.1,55.8,55.8
1038,laissez,0.2895,3.5248,0.5114,0.6896,7.1539,0.5281,-0.1664,0.0412,1.4304,1.8445,1.652,5.83,5.83,60.47,56.95,56.95,19.16,13.1,0.684,97.6,94.1,23.3,45.0,123.6,14.6,26.8,117.4,6.3,118.2,48.2,48.2
1039,laissez,0.4866,3.1197,1.4659,0.255,16.5689,0.7579,0.5303,0.1612,0.6693,1.3999,1.8191,6.78,6.78,59.38,55.35,55.35,14.95,4.37,0.292,97.8,93.1,22.7,46.3,118.3,14.9,26.3,114.4,6.7,123.8,52.5,52.5
1040,laissez,0.3566,5.3962,0.6994,0.5699,15.1215,0.3908,0.4082,0.6088,0.8058,8.1963,6.0897,5.31,5.31,60.88,57.65,57.65,10.48,6.38,0.609,109.9,106.3,21.6,49.1,120.4,11.4,20.1,94.2,6.0,119.3,39.2,39.2
1041,laissez,0.4051,4.7189,0.3155,0.9721,4.4419,0.2542,0.0492,0.9182,1.326,3.3168,8.1542,5.87,5.87,60.61,57.05,57.05,31.93,26.18,0.82,114.2,112.5,25.1,40.7,138.1,10.2,17.4,81.1,5.6,105.8,43.9,43.9
1042,laissez,0.3373,4.131,1.8897,1.0847,7.5903,0.8979,0.3834,0.4811,0.6714,4.2287,5.7142,4.38,4.38,62.38,59.65,59.01,19.45,21.0,1.08,116.3,109.9,21.5,49.4,133.3,10.7,20.6,102.9,4.8,104.9,32.0,35.3
1043,laissez,0.5845,4.1819,1.1019,0.8862,16.3504,0.4254,0.5304,0.7488,1.2626,1.7031,5.7183,5.94,5.94,60.53,56.94,56.94,16.61,10.51,0.633,113.0,109.1,22.3,47.4,124.4,10.8,18.8,88.1,5.9,115.6,41.3,41.3
1044,laissez,0.5293,4.1413,1.5804,0.6463,12.2971,0.7587,0.4845,0.6892,1.4949,3.5583,4.0434,6.51,6.51,60.05,56.14,56.14,20.11,11.75,0.584,111.0,107.2,22.9,46.0,125.3,11.2,19.2,88.5,6.1,115.5,44.9,44.9
1045,laissez,0.5719,6.0576,1.9936,1.0576,11.3655,0.6687,0.4602,0.4296,0.9762,5.7118,3.8805,5.43,5.43,61.38,58.05,58.05,21.7,18.71,0.862,113.5,107.6,22.3,47.5,131.6,11.1,20.6,99.9,5.3,107.6,38.0,38.0
1046,laissez,0.4114,6.8476,0.4511,0.564,4.2859,0.8079,0.4486,0.8649,1.149,1.5083,1.4931,7.21,7.21,59.21,54.94,54.94,28.66,16.95,0.591,113.2,109.6,24.2,43.0,130.4,10.7,18.0,81.6,6.0,112.5,50.2,50.2
1047,laissez,0.2776,4.2505,1.0874,0.6696,5.9819,0.3741,0.4528,0.0654,1.0435,1.1848,4.7804,5.53,5.53,60.75,57.4,57.4,16.79,11.99,0.714,102.9,96.6,22.2,47.7,125.5,13.8,26.2,120.7,5.8,114.6,44.4,44.4
1048,laissez,0.3438,2.9603,1.9587,0.8582,5.2766,0.4744,-0.2283,0.4009,0.5937,1.0318,1.963,4.54,4.54,62.18,59.36,58.98,27.86,28.6,1.027,109.8,106.5,23.8,43.8,138.9,11.4,21.3,102.1,5.0,102.7,36.7,36.7
1049,laissez,0.5994,6.0242,1.8627,0.9937,3.3766,0.5348,0.5105,0.2603,0.6789,1.0349,1.8502,7.98,7.98,59.24,54.51,54.51,50.62,37.64,0.744,110.9,101.5,25.8,39.1,153.1,12.5,23.0,109.0,4.9,94.0,54.7,54.7
1050,laissez,0.3627,5.6627,1.0637,0.5471,14.4002,0.8131,-0.146,0.7729,1.3196,2.6723,8.0964,5.15,5.15,61.22,58.06,58.06,12.61,9.68,0.768,112.7,111.1,21.9,48.3,121.9,10.5,18.2,84.6,6.0,117.7,37.1,37.1
1051,laissez,0.2665,2.6956,1.1016,0.8329,4.9131,0.5091,-0.2173,0.7626,1.4085,2.7768,5.3238,4.93,4.99,61.45,58.42,58.3,22.08,20.2,0.915,113.2,111.7,23.4,44.8,131.1,10.3,18.3,85.7,5.6,110.2,38.3,38.5
1052,laissez,0.5784,5.8218,0.508,0.3257,7.1175,0.3828,0.1362,0.4685,1.1149,7.6894,2.9718,10.38,10.38,56.39,50.53,50.53,35.53,11.35,0.319,89.4,89.3,27.0,36.3,120.6,16.2,24.2,95.9,7.9,127.6,76.1,76.1
1053,laissez,0.5135,4.128,1.4386,0.5607,11.9968,0.4445,0.0769,0.3265,0.5858,1.352,4.0754,6.52,6.52,60.01,56.1,56.1,21.18,12.7,0.6,101.5,98.5,23.7,44.0,125.0,13.3,22.9,102.9,6.3,116.9,49.1,49.1
1054,laissez,0.2935,7.0432,0.3051,0.7947,10.7597,0.3205,0.4711,0.8163,1.1076,1.9422,4.495,4.97,4.97,61.26,58.22,58.22,10.68,8.19,0.767,114.4,110.7,21.4,49.7,122.0,10.5,18.6,89.0,5.8,117.0,36.0,36.0
1055,laissez,0.2802,4.0887,1.2669,0.4077,6.9342,0.7288,0.4265,0.7219,0.9228,3.8943,5.1457,5.95,5.95,60.24,56.66,56.66,15.95,9.07,0.569,110.2,106.8,22.4,47.2,122.5,11.3,19.5,89.8,6.1,118.2,43.4,43.4
1056,laissez,0.2891,7.1969,1.6477,1.1762,5.8842,0.8398,0.5199,0.6031,1.0096,8.3164,1.4209,4.31,4.46,62.18,59.5,58.96,16.4,17.55,1.07,118.4,112.4,21.3,49.9,130.6,10.2,19.3,96.6,4.9,107.6,31.9,35.4
1057,laissez,0.5428,5.3527,0.5738,0.5579,4.5722,0.6087,-0.0662,0.3495,0.6038,2.595,5.0769,9.48,9.48,57.56,52.1,52.1,44.01,24.25,0.551,90.5,89.8,27.8,34.4,134.4,16.0,26.9,106.0,6.9,113.3,71.5,71.5
1058,laissez,0.3556,2.7682,1.7673,0.753,7.7162,0.3412,-0.2373,0.1206,1.4526,1.1613,4.2518,5.91,5.91,60.61,57.03,57.03,23.97,18.14,0.757,98.8,96.0,24.2,43.0,127.6,14.0,24.8,111.3,6.2,114.8,48.0,48.0
1059,laissez,0.2646,5.5878,0.7074,1.1125,6.6282,0.6887,0.4258,0.7937,0.6064,4.7586,1.3276,4.42,4.42,62.14,59.4,58.97,14.32,15.17,1.059,120.2,115.7,21.2,50.0,128.4,9.6,17.8,87.9,5.1,109.6,30.9,35.1
1060,laissez,0.3357,2.1,1.415,0.3378,15.3109,0.7613,-0.154,0.294,0.6103,5.1728,4.2191,5.2,5.2,61.09,57.91,57.91,12.22,8.87,0.726,103.7,100.2,22.0,48.2,121.3,12.9,23.1,107.2,6.0,118.6,41.0,41.0
1061,laissez,0.4369,3.964,1.9832,0.5451,3.6491,0.4796,-0.1848,0.3653,1.4182,3.1362,4.3087,8.04,8.04,58.82,54.09,54.09,48.46,34.33,0.708,96.2,95.9,27.4,35.2,139.9,14.0,23.3,98.8,6.2,107.5,62.2,62.2
1062,laissez,0.2906,4.1175,1.5144,1.0272,3.2332,0.5213,-0.237,0.8291,0.6151,1.1647,3.2882,3.94,4.36,62.86,60.38,58.94,28.19,31.81,1.128,121.4,119.6,23.6,44.2,143.0,9.0,16.8,82.8,4.6,98.6,29.3,35.5
1063,laissez,0.3197,7.9035,1.2206,1.0603,12.4951,0.7731,0.2091,0.8572,0.7363,2.3333,3.1158,4.21,4.24,62.31,59.68,59.08,10.34,11.99,1.16,119.2,115.7,20.8,50.9,125.3,9.6,17.6,86.5,5.3,112.3,29.7,35.0
1064,laissez,0.3369,2.3385,1.2538,0.6824,3.8641,0.2452,0.5945,0.7649,0.9608,1.4614,3.4588,6.99,6.99,59.36,55.21,55.21,28.82,17.86,0.62,113.0,107.8,23.8,43.8,131.4,11.1,18.9,87.4,5.8,111.1,49.7,49.7
1065,laissez,0.5627,2.7392,1.7149,0.5694,4.3662,0.2449,0.5464,0.5863,1.3161,2.9582,2.3688,10.9,10.9,56.35,50.2,50.2,47.34,22.21,0.469,100.5,95.2,27.1,36.0,136.8,14.2,22.4,94.0,6.6,110.5,73.5,73.5
1066,laissez,0.5609,5.1591,1.0788,0.5914,7.9153,0.5803,0.5564,0.5593,1.4159,1.4041,3.5375,7.97,7.97,58.62,53.95,53.95,27.51,12.96,0.471,104.1,99.2,24.3,42.6,127.0,13.1,21.9,97.4,6.4,116.1,56.2,56.2
1067,laissez,0.2551,7.5948,0.5982,0.8663,5.5059,0.5362,-0.1823,0.3708,0.9617,1.9556,4.7602,4.91,4.91,61.47,58.45,58.45,16.47,14.65,0.889,105.5,101.9,22.7,46.5,126.5,12.4,22.5,105.8,5.7,113.8,39.8,39.8
1068,laissez,0.3973,3.242,1.1586,0.5743,11.9033,0.8591,-0.108,0.9838,0.9255,8.7161,3.0169,5.18,5.18,61.33,58.15,58.15,17.35,14.67,0.846,117.2,116.2,22.4,47.2,126.6,9.5,16.7,77.9,5.7,113.2,36.2,36.2
1069,laissez,0.5827,6.3135,1.8001,0.7923,7.6255,0.2448,0.1557,0.9517,0.9872,2.6914,4.3653,7.26,7.26,59.51,55.19,55.19,30.42,19.38,0.637,109.7,108.4,25.1,40.7,131.1,11.0,17.9,79.8,6.2,112.4,50.2,50.2
1070,laissez,0.3716,2.5405,0.3239,0.5435,15.1096,0.3387,-0.2429,0.5077,0.7616,2.5701,8.0963,5.9,5.9,60.32,56.76,56.76,14.53,7.94,0.546,102.4,100.7,23.1,45.4,119.8,12.7,21.5,96.8,6.6,122.1,45.6,45.6
1071,laissez,0.2891,6.8291,1.6516,0.2389,10.4126,0.2376,-0.1997,0.3559,1.027,3.9562,6.7406,6.12,6.12,59.86,56.2,56.2,14.06,5.89,0.419,98.9,96.9,23.1,45.4,117.2,13.7,23.0,102.0,6.9,125.7,49.0,49.0
1072,laissez,0.5352,4.9672,0.9625,0.8,6.4532,0.3452,-0.2178,0.1616,0.5691,2.6436,4.7149,7.48,7.48,59.45,55.0,55.0,35.34,23.76,0.672,93.8,92.4,26.7,36.9,134.5,15.1,26.1,109.9,6.4,111.0,58.8,58.8
1073,laissez,0.3624,2.0194,1.7739,0.8398,8.4073,0.8735,0.5612,0.8519,1.4515,2.9493,6.8315,5.61,5.61,60.79,57.38,57.38,19.42,14.59,0.751,116.5,112.0,22.3,47.4,128.0,10.3,18.1,86.6,5.6,111.9,39.4,39.4
1074,laissez,0.5334,4.2892,0.615,0.2479,11.9891,0.2973,0.1283,0.71,0.6052,3.0081,2.3535,8.04,8.04,58.31,53.63,53.63,21.67,6.22,0.287,97.9,97.0,24.7,41.7,118.5,13.7,21.6,91.3,7.3,126.5,58.8,58.8
1075,laissez,0.4027,7.9948,0.3768,0.7144,11.4414,0.6074,-0.0177,0.8644,1.3864,1.1286,2.0024,5.57,5.57,60.78,57.4,57.4,15.68,10.89,0.695,111.0,109.4,22.6,46.6,122.7,10.8,18.4,84.8,6.1,118.0,40.4,40.4
1076,laissez,0.3749,2.194,1.3752,1.0405,4.8558,0.6409,0.4018,0.8164,1.487,8.8995,5.3967,4.92,4.92,61.78,58.74,58.74,29.91,28.91,0.967,124.5,118.8,22.7,46.4,141.7,9.1,17.2,86.0,4.5,99.0,33.8,35.7
1077,laissez,0.4857,3.3141,0.8866,1.0702,4.5517,0.4874,0.1406,0.3796,0.8895,1.225,8.5747,5.07,5.07,61.75,58.62,58.62,39.59,38.24,0.966,115.9,109.9,24.7,41.7,152.2,10.7,20.7,101.7,4.4,92.8,38.1,38.1
1078,laissez,0.2832,4.6689,1.573,0.2506,7.7278,0.2473,0.3016,0.6581,1.276,1.6897,8.0634,6.45,6.45,59.63,55.79,55.79,15.97,6.64,0.416,104.9,102.4,22.9,46.0,119.0,12.3,20.5,91.8,6.7,123.3,48.0,48.0
1079,laissez,0.4379,4.8744,1.8362,0.3715,9.4867,0.8045,-0.153,0.4866,0.9267,4.1322,3.743,5.67,5.67,61.01,57.55,57.55,23.59,19.21,0.814,107.5,105.2,23.1,45.4,128.9,11.7,20.7,95.3,5.7,111.7,42.2,42.2
1080,laissez,0.5286,6.8491,1.7949,0.4718,3.9075,0.3368,-0.0163,0.3692,0.5954,9.4649,2.7156,10.19,10.19,56.94,51.14,51.14,46.17,23.69,0.513,90.0,90.2,28.6,32.5,134.0,15.9,24.3,97.5,7.2,114.9,75.5,75.5
1081,laissez,0.4161,3.7913,1.1522,0.2668,4.3782,0.8388,-0.0003,0.9186,0.6701,6.4772,0.9693,8.2,8.2,58.38,53.59,53.59,35.55,20.01,0.563,105.0,105.6,25.8,39.1,130.6,11.6,18.7,79.1,6.5,114.6,58.6,58.6
1082,laissez,0.3165,7.0555,1.2132,0.9141,5.0849,0.3913,0.4823,0.7524,0.9637,1.3674,0.3955,5.18,5.18,61.32,58.15,58.15,20.21,17.53,0.867,116.9,111.5,22.2,47.7,130.8,10.4,18.9,92.0,5.3,108.7,37.1,37.1
1083,laissez,0.3255,4.8666,1.6155,0.4157,4.4599,0.5345,0.4676,0.8243,0.5753,1.9702,3.682,6.97,6.97,59.38,55.25,55.25,23.96,13.1,0.547,110.0,106.4,23.6,44.4,126.2,11.4,19.2,86.8,6.2,116.0,49.4,49.4
1084,laissez,0.4759,6.4382,1.0119,1.0011,17.2847,0.5884,-0.1098,0.6457,1.1736,3.9543,6.4402,4.69,4.69,61.79,58.89,58.89,12.99,12.4,0.955,111.1,107.9,21.9,48.3,125.3,11.1,20.0,95.2,5.6,113.9,35.6,35.6
1085,laissez,0.4752,6.0985,1.4134,0.8861,17.4505,0.8914,0.2122,0.1014,0.6555,1.1994,0.2169,4.7,4.7,61.83,58.92,58.92,12.98,12.46,0.96,106.4,100.7,21.4,49.6,125.6,12.7,24.0,116.0,5.4,112.7,37.1,37.1
1086,laissez,0.5704,7.1166,1.4365,0.5239,11.8033,0.8581,0.5221,0.5676,1.3903,7.7966,3.0163,7.15,7.15,59.34,55.1,55.1,19.93,8.62,0.433,105.1,101.1,23.3,45.1,122.4,12.6,21.2,95.4,6.5,119.5,50.5,50.5
1087,laissez,0.3199,7.1559,1.6351,0.4991,6.1481,0.3368,0.4329,0.1988,1.3679,1.8591,3.7601,6.01,6.01,60.29,56.67,56.67,18.09,11.23,0.621,103.0,97.5,22.6,46.8,124.4,13.6,24.5,113.1,6.0,116.3,46.6,46.6
1088,laissez,0.4368,5.0181,0.872,1.1787,3.9138,0.3769,0.424,0.3484,0.7604,1.2258,2.3878,4.87,4.87,61.92,58.91,58.85,35.18,34.65,0.985,118.7,109.9,23.2,45.4,148.4,10.7,21.3,108.2,4.2,93.9,35.9,36.4
1089,laissez,0.3594,4.7706,1.3326,1.1975,5.7398,0.2366,0.5359,0.8663,1.2178,7.9751,1.2988,4.77,4.77,61.88,58.93,58.87,22.7,22.23,0.979,123.3,117.4,22.0,48.2,135.4,9.4,17.4,87.2,4.8,103.8,32.7,35.4
1090,laissez,0.4085,4.3549,1.4608,1.1372,11.9789,0.2656,-0.2718,0.345,1.1811,2.0328,6.6641,4.88,4.88,61.77,58.76,58.76,17.99,17.02,0.946,106.6,103.6,23.1,45.5,128.5,12.0,21.6,101.9,5.7,111.8,38.4,38.4
1091,laissez,0.3758,7.0491,0.3601,0.4718,14.4212,0.6919,0.0211,0.6094,1.1956,1.5535,6.4445,5.83,5.83,60.41,56.89,56.89,13.13,6.9,0.526,105.8,103.5,22.4,47.3,119.0,12.0,20.6,93.5,6.4,122.0,43.3,43.3
1092,laissez,0.4608,5.0118,0.7321,0.3427,19.8661,0.6981,0.351,0.9888,0.9113,8.032,1.1082,5.86,5.86,60.3,56.76,56.76,11.44,4.83,0.422,113.2,111.7,22.0,48.1,118.5,10.3,17.3,79.0,6.4,122.2,40.6,40.6
1093,laissez,0.3687,5.5791,1.5147,0.5742,4.0424,0.675,0.1392,0.5883,1.0267,1.4987,1.616,5.99,5.99,60.72,57.08,57.08,30.25,24.56,0.812,112.6,109.0,23.8,43.8,136.4,10.9,19.5,91.0,5.3,105.5,43.1,43.1
1094,laissez,0.4402,5.8883,0.9244,0.6779,17.0995,0.4233,0.0521,0.7798,1.477,3.1446,2.9484,5.68,5.68,60.67,57.22,57.22,13.13,7.82,0.596,108.9,106.9,22.4,47.2,120.4,11.3,19.2,88.3,6.3,120.2,41.2,41.2
1095,laissez,0.3247,3.2822,0.5068,0.8108,8.8722,0.5596,0.059,0.5992,1.399,2.7603,3.9093,5.16,5.16,61.25,58.09,58.09,17.3,14.45,0.835,109.3,105.7,22.6,46.8,127.0,11.5,20.8,97.9,5.7,113.2,39.6,39.6
1096,laissez,0.4716,7.5461,0.5062,0.6767,3.5141,0.3891,0.0666,0.1551,1.0026,7.9364,5.3058,8.36,8.36,58.3,53.42,53.42,40.01,24.01,0.6,91.4,88.1,26.9,36.5,134.6,16.6,30.1,119.4,6.5,112.1,67.2,67.2
1097,laissez,0.4341,2.133,1.7841,0.8166,7.6534,0.5828,0.0111,0.5529,1.2659,1.6004,3.9614,5.48,5.48,61.35,57.98,57.98,28.51,25.36,0.89,110.2,106.6,23.8,43.9,136.4,11.4,20.7,97.9,5.3,105.0,40.5,40.5
1098,laissez,0.3118,5.1831,0.8162,1.1779,18.2204,0.4995,0.4359,0.7549,1.1373,1.2763,4.7885,4.36,4.36,61.94,59.24,59.05,7.93,8.34,1.052,117.1,113.4,20.7,51.2,122.2,10.0,18.1,88.2,5.5,115.7,31.3,35.0
1099,laissez,0.3915,3.4818,1.6166,0.8972,7.5339,0.278,-0.2681,0.6245,1.2198,8.1464,2.9687,5.56,5.56,61.0,57.61,57.61,26.28,22.11,0.841,107.0,105.9,24.6,42.0,131.9,11.5,19.8,90.8,5.9,110.7,43.3,43.3
1100,laissez,0.5924,6.2487,0.6775,0.7155,13.3012,0.2948,0.5397,0.1319,0.6887,4.0819,4.4584,6.38,6.38,60.0,56.17,56.17,17.98,9.7,0.539,102.1,96.3,22.7,46.4,123.7,13.9,25.0,114.0,6.2,117.2,48.4,48.4
1101,laissez,0.3754,7.9959,0.9175,0.3756,18.5002,0.6406,-0.1655,0.9463,1.2236,7.0945,2.5671,5.51,5.51,60.66,57.31,57.31,10.92,5.87,0.538,111.4,110.7,22.1,48.0,118.1,10.5,17.6,80.3,6.4,122.7,39.5,39.5
1102,laissez,0.5057,2.7913,1.472,1.0892,12.9956,0.49,-0.1556,0.7883,0.7871,4.7174,2.7475,4.64,4.64,62.14,59.25,59.06,20.27,20.7,1.021,115.9,113.6,22.9,46.0,132.6,10.0,18.1,86.8,5.3,107.2,33.6,35.0
1103,laissez,0.3904,4.847,1.0962,1.1608,10.0746,0.3364,0.4194,0.1429,0.8916,6.4001,3.5744,4.69,4.69,61.91,59.0,58.99,16.5,16.22,0.983,110.1,103.5,21.6,49.2,129.5,12.0,23.0,113.0,5.2,108.9,36.1,36.1
1104,laissez,0.3389,7.6689,0.4774,1.026,5.4839,0.8778,0.0464,0.9951,0.8243,1.5314,2.5181,4.15,4.3,62.57,59.98,59.01,19.95,22.43,1.124,123.5,120.2,22.0,48.2,134.9,8.9,16.7,82.6,4.8,104.0,29.0,35.2
1105,laissez,0.5174,2.5259,1.1991,0.3202,4.0133,0.3545,0.3141,0.3874,1.1489,5.631,3.4991,12.04,12.04,55.12,48.48,48.48,48.83,18.88,0.387,88.4,86.7,28.2,33.3,129.7,17.2,26.8,100.8,7.6,119.7,86.6,86.6
1106,laissez,0.41,3.9966,1.9888,1.1634,4.518,0.8293,-0.1042,0.852,1.3996,1.9566,1.8433,2.97,4.1,64.63,62.71,59.1,37.87,48.0,1.267,131.6,128.3,23.1,45.4,157.2,7.8,16.0,83.4,3.5,85.9,17.8,35.0
1107,laissez,0.4818,6.6917,1.0166,0.9003,10.7905,0.8318,-0.2366,0.8551,1.4514,2.2176,4.5259,4.63,4.63,62.08,59.2,59.02,20.23,20.53,1.015,116.4,114.5,22.5,46.9,131.9,9.8,17.9,85.2,5.2,107.6,33.4,35.2
1108,laissez,0.3357,5.794,1.2386,1.038,7.1014,0.7603,0.4475,0.3707,0.7912,4.1158,1.703,4.64,4.64,61.96,59.08,58.97,18.06,18.01,0.997,113.4,106.9,21.6,49.0,131.1,11.3,21.5,106.4,5.0,107.4,34.9,35.8
1109,laissez,0.3857,7.7924,1.366,0.7991,16.7948,0.7762,0.2066,0.658,0.5823,9.7588,6.4011,4.6,4.6,61.79,58.94,58.94,10.14,9.71,0.958,113.3,109.5,21.1,50.3,123.1,10.8,19.5,94.0,5.6,115.1,33.8,35.0
1110,laissez,0.4169,5.7726,0.4461,0.9386,5.2026,0.6167,-0.2189,0.4482,0.9198,2.7785,7.1306,5.3,5.3,61.42,58.17,58.17,29.85,27.22,0.912,106.3,103.4,24.5,42.2,137.5,12.1,22.1,102.8,5.4,105.0,42.2,42.2
1111,laissez,0.3262,4.0663,1.3918,0.5641,3.5155,0.5529,-0.1313,0.8842,0.8382,4.8216,3.7317,6.35,6.35,60.14,56.32,56.32,32.21,24.4,0.758,110.5,110.5,25.1,40.7,134.4,10.6,17.8,79.8,5.9,109.6,47.5,47.5
1112,laissez,0.3485,3.5265,1.5772,0.2316,14.3778,0.7085,0.2074,0.9008,0.6657,3.2765,6.464,5.56,5.56,60.67,57.3,57.3,12.4,7.32,0.59,112.4,110.4,21.9,48.4,120.3,10.6,18.1,83.8,6.2,119.8,39.5,39.5
1113,laissez,0.2597,3.2231,1.7225,0.3158,3.1019,0.8659,-0.1965,0.5657,0.5606,3.656,7.2158,5.48,5.48,61.16,57.81,57.81,28.31,24.68,0.872,110.4,108.6,23.5,44.5,133.9,10.9,19.9,91.7,5.4,107.4,41.4,41.4
1114,laissez,0.4354,4.7124,1.4844,1.0268,10.2641,0.6146,0.0892,0.2421,1.2417,5.1237,8.7264,4.54,4.54,62.19,59.36,59.05,19.64,20.38,1.038,109.7,104.1,22.2,47.7,132.8,11.9,22.8,111.3,5.0,106.3,35.5,35.8
1115,laissez,0.3443,2.1904,0.6659,0.8373,11.8256,0.6629,-0.0519,0.0204,1.1777,3.7928,4.4906,4.93,4.93,61.52,58.49,58.49,14.54,12.83,0.882,100.8,95.6,22.1,47.8,125.4,14.1,27.9,125.7,5.7,114.1,41.3,41.3
1116,laissez,0.5319,4.6089,1.5191,0.2053,3.926,0.2939,-0.1656,0.1358,1.1971,8.4642,0.9538,14.19,14.19,53.22,45.67,45.67,54.98,17.11,0.311,71.7,76.2,31.0,26.7,120.3,22.2,33.0,103.9,9.2,134.8,100,100
1117,laissez,0.4107,2.3627,0.8115,0.8988,5.7347,0.4776,0.2189,0.8335,0.786,4.0823,4.826,5.57,5.57,61.13,57.72,57.72,29.42,25.54,0.868,116.6,112.3,23.7,44.2,138.6,10.2,18.6,89.2,5.1,103.1,39.8,39.8
1118,laissez,0.3304,6.2628,1.6617,0.7477,3.2079,0.3269,0.2978,0.9366,1.1098,1.5125,6.4742,5.58,5.58,60.92,57.52,57.52,28.11,23.69,0.843,119.3,115.5,23.5,44.6,136.3,9.7,17.2,82.1,5.2,105.4,39.7,39.7
1119,laissez,0.2698,5.6886,1.7673,0.998,3.2651,0.5441,0.0178,0.0594,1.1277,7.749,6.1824,4.25,4.35,62.51,59.85,58.93,24.62,26.75,1.087,107.7,101.4,22.8,46.2,138.4,12.5,25.0,122.2,4.7,101.7,35.7,36.2
1120,laissez,0.4588,2.7397,0.3475,0.3758,5.2585,0.6334,0.1397,0.4458,0.6909,3.0488,4.9011,9.09,9.09,57.59,52.36,52.36,35.44,16.42,0.463,95.2,93.6,26.1,38.4,127.0,14.7,23.9,99.3,7.0,118.9,67.1,67.1
1121,laissez,0.4652,3.4593,1.3292,0.2363,10.6139,0.665,-0.223,0.2392,0.8873,1.173,1.9036,7.16,7.16,59.4,55.14,55.14,24.3,13.12,0.54,94.9,93.2,24.4,42.4,122.9,14.9,25.7,108.6,6.8,120.5,55.9,55.9
1122,laissez,0.4125,5.6302,1.9467,0.4649,15.3665,0.8714,0.2152,0.9772,0.6409,2.6277,2.3488,5.14,5.14,61.26,58.11,58.11,13.1,10.31,0.787,117.2,115.0,21.6,49.1,123.1,9.8,17.0,80.2,5.8,116.1,35.4,35.4
1123,laissez,0.3481,5.3556,1.8731,0.9694,3.2684,0.7499,0.4666,0.0695,0.985,1.0111,4.6433,4.96,4.96,61.69,58.63,58.63,30.84,29.52,0.957,111.1,102.0,22.8,46.3,142.3,12.4,25.0,124.1,4.5,98.7,39.3,39.3
1124,laissez,0.5689,4.0932,1.6863,1.0248,4.2792,0.2462,-0.2269,0.9279,1.0599,1.515,2.9989,7.92,7.92,59.2,54.51,54.51,53.87,40.91,0.759,104.3,106.7,29.0,31.5,149.7,11.3,17.9,77.0,5.9,100.6,57.5,57.5
1125,laissez,0.303,4.0835,1.8753,0.2989,6.8341,0.6186,-0.1005,0.6901,1.352,3.2271,3.1433,6.28,6.28,60.14,56.36,56.36,22.23,14.51,0.653,106.3,105.2,23.5,44.5,123.9,11.7,19.7,88.0,6.3,118.2,46.5,46.5
1126,laissez,0.3433,3.4476,0.7723,0.7706,6.9537,0.2164,-0.0596,0.7594,1.2014,1.4606,4.9078,6.18,6.18,60.16,56.44,56.44,22.97,15.47,0.673,107.9,107.0,24.3,42.7,126.5,11.3,18.6,84.0,6.3,116.4,46.6,46.6
1127,laissez,0.4243,3.5341,0.4625,0.6038,8.8308,0.5873,0.3193,0.0105,1.2925,6.6101,2.2716,6.48,6.48,60.07,56.18,56.18,21.32,13.07,0.613,98.6,92.9,23.2,45.4,126.0,14.9,28.7,123.9,6.1,115.1,50.5,50.5
1128,laissez,0.2762,2.7699,0.4975,0.7828,3.7439,0.4717,0.2253,0.3559,0.7351,6.0306,0.526,5.62,5.62,60.86,57.44,57.44,23.88,19.21,0.804,107.7,102.7,23.2,45.2,132.0,12.2,22.5,105.9,5.5,109.0,43.4,43.4
1129,laissez,0.5594,4.9238,1.7835,0.8228,19.4558,0.2336,-0.0138,0.1337,0.6992,4.3103,8.8084,5.85,5.85,60.59,57.05,57.05,15.37,9.56,0.622,98.8,94.9,23.0,45.7,122.2,14.3,25.7,115.3,6.3,118.8,46.2,46.2
1130,laissez,0.4399,6.3827,1.1142,0.5097,14.8616,0.4503,-0.0125,0.7678,1.2816,9.3597,8.9698,6.17,6.17,60.15,56.44,56.44,15.44,7.92,0.513,107.2,106.1,23.0,45.8,119.7,11.5,19.0,85.4,6.6,122.1,44.6,44.6
1131,laissez,0.581,7.5643,0.3532,0.8097,3.1165,0.2078,-0.1007,0.441,0.7069,6.5151,2.9936,9.82,9.82,56.98,51.39,51.39,51.89,30.16,0.581,89.4,90.3,29.8,29.6,140.5,15.8,24.1,97.4,6.9,110.9,77.0,77.0
1132,laissez,0.4391,7.5358,0.5997,0.3012,9.1129,0.4468,0.053,0.8768,0.9144,4.4915,0.71,7.31,7.31,58.92,54.62,54.62,21.0,8.36,0.398,104.1,104.0,24.3,42.7,119.7,11.9,18.9,81.6,7.0,124.4,53.0,53.0
1133,laissez,0.3926,3.6185,1.8912,0.3555,13.8607,0.8259,0.1237,0.5714,0.6687,3.2832,0.3921,5.26,5.26,61.16,57.94,57.94,14.59,11.33,0.777,110.8,107.6,21.8,48.6,123.6,11.1,19.8,93.1,5.8,115.8,38.5,38.5
1134,laissez,0.5982,5.3997,0.7061,0.5728,12.8425,0.314,0.4493,0.7789,0.8576,1.6313,7.7866,6.72,6.72,59.62,55.62,55.62,19.67,9.83,0.5,109.7,106.5,23.2,45.4,123.6,11.4,19.1,86.7,6.3,118.0,47.6,47.6
1135,laissez,0.4406,2.8811,1.2905,0.3928,7.4503,0.8945,-0.2926,0.1818,1.4604,3.5662,4.2351,6.65,6.65,60.08,56.09,56.09,32.01,23.5,0.734,98.6,96.7,24.5,42.3,130.7,13.8,24.9,108.3,6.0,111.9,51.7,51.7
1136,laissez,0.2616,3.7207,1.8864,0.5172,3.6723,0.2789,-0.1509,0.7598,1.4117,3.1924,3.38,6.78,6.78,59.39,55.37,55.37,27.23,16.74,0.615,103.6,103.7,25.0,41.0,125.2,12.0,19.3,84.3,6.7,119.4,52.4,52.4
1137,laissez,0.3897,3.2587,1.4621,0.3961,17.0286,0.8389,-0.2942,0.564,1.2643,1.6742,5.0941,5.13,5.13,61.3,58.15,58.15,14.1,11.43,0.811,108.6,106.3,22.0,48.2,122.5,11.4,20.2,94.0,5.9,117.2,38.5,38.5
1138,laissez,0.3511,5.2651,0.8132,0.3266,10.4494,0.5127,-0.0425,0.7938,0.8741,1.2757,7.5125,6.31,6.31,59.87,56.09,56.09,16.14,7.66,0.475,105.8,104.8,23.2,45.2,119.6,11.7,19.4,86.3,6.7,122.8,46.8,46.8
1139,laissez,0.5633,4.8922,0.6974,1.1567,3.5779,0.5075,-0.1893,0.6334,1.2461,6.5102,4.9892,6.21,6.21,60.92,57.14,57.14,55.82,50.25,0.9,109.2,107.8,27.9,34.2,161.2,11.1,20.2,92.5,4.8,89.8,46.0,46.0
1140,laissez,0.579,6.3306,1.7571,0.7255,5.2639,0.8508,0.3277,0.1096,0.795,1.4713,2.5748,7.31,7.31,59.75,55.39,55.39,40.09,29.59,0.738,104.0,97.1,24.9,41.2,142.7,13.7,25.7,116.3,5.3,101.1,52.9,52.9
1141,laissez,0.391,2.6918,1.9908,0.6444,12.3664,0.7634,0.1305,0.6923,0.613,7.0992,4.6267,4.71,4.71,61.85,58.94,58.94,16.53,16.09,0.973,116.0,112.5,21.6,49.1,127.9,10.2,18.6,90.0,5.3,110.7,33.9,35.0
1142,laissez,0.2734,3.2772,0.8125,0.4136,8.6573,0.3591,0.1736,0.5702,0.7155,6.8983,0.8072,5.84,5.84,60.24,56.73,56.73,14.34,7.66,0.534,105.1,102.1,22.6,46.6,120.6,12.4,21.3,96.9,6.4,120.7,44.9,44.9
1143,laissez,0.4832,7.5444,1.6506,0.3905,12.3471,0.6867,0.0094,0.7679,0.7411,1.0209,4.1648,6.12,6.12,60.41,56.72,56.72,18.65,11.92,0.639,109.0,107.4,23.0,45.7,123.6,11.2,18.9,85.9,6.2,117.5,43.5,43.5
1144,laissez,0.4287,4.888,1.7755,0.6872,8.637,0.2323,0.0972,0.0054,0.837,1.6769,3.3807,6.49,6.49,60.04,56.14,56.14,22.1,13.74,0.622,96.1,91.7,24.0,43.4,125.8,15.3,28.5,121.8,6.3,116.5,52.4,52.4
1145,laissez,0.3184,3.8199,0.8769,1.0992,11.8685,0.3989,0.3449,0.5475,1.3697,3.452,2.8175,4.49,4.49,61.97,59.19,59.05,12.04,12.3,1.022,114.0,109.2,21.2,50.1,125.8,10.8,20.0,97.8,5.3,112.3,33.5,35.0
1146,laissez,0.5004,6.207,1.5219,1.0183,6.5011,0.466,-0.2736,0.4187,0.9734,2.1219,3.8826,5.4,5.4,61.52,58.2,58.2,33.38,30.82,0.923,106.5,104.3,25.1,40.8,140.5,11.9,21.3,99.1,5.3,102.7,41.8,41.8
1147,laissez,0.5594,4.7523,0.7516,0.5441,19.8131,0.686,0.2407,0.0338,0.9567,2.5718,5.4818,5.92,5.92,60.4,56.82,56.82,14.16,7.72,0.545,98.8,93.8,22.3,47.4,120.9,14.7,27.5,120.9,6.2,119.6,47.0,47.0
1148,laissez,0.4032,6.1397,0.5921,0.7131,3.8268,0.5295,0.0015,0.1645,0.6887,1.051,1.23,6.81,6.81,59.73,55.66,55.66,33.1,23.41,0.707,97.8,94.2,25.5,39.8,134.9,14.6,26.4,114.5,6.0,109.6,55.2,55.2
1149,laissez,0.4498,6.4956,0.8779,0.6991,5.7348,0.5411,-0.218,0.9017,1.471,1.3926,3.5978,7.48,7.48,59.23,54.8,54.8,34.22,22.09,0.646,104.6,106.0,25.9,39.0,129.6,11.5,18.3,78.5,6.6,115.2,53.8,53.8
1150,laissez,0.2982,5.2093,0.7067,0.4435,3.0789,0.5351,0.5322,0.2524,1.3081,1.0392,4.8768,7.3,7.3,58.82,54.52,54.52,25.61,12.72,0.497,100.4,94.7,23.9,43.5,126.1,14.4,25.0,111.0,6.4,117.2,56.4,56.4
1151,laissez,0.2987,6.2717,0.7546,1.0228,4.2021,0.8618,-0.0744,0.9809,1.1541,4.7731,3.6243,3.8,4.29,62.84,60.45,59.02,21.9,25.73,1.175,125.7,123.0,22.2,47.6,138.0,8.5,16.1,79.9,4.6,101.3,26.9,35.2
1152,laissez,0.447,5.7348,1.8837,0.6972,11.5903,0.8148,0.147,0.8665,0.942,2.6888,4.5046,4.77,4.77,61.91,58.96,58.96,18.62,18.22,0.979,119.5,116.3,21.8,48.6,130.0,9.5,17.3,83.8,5.2,108.7,32.7,35.0
1153,laissez,0.2724,6.1678,1.783,1.048,15.1201,0.7755,-0.0931,0.5357,1.2971,5.3882,1.6448,3.87,4.14,62.57,60.15,59.09,8.72,11.7,1.342,113.8,109.7,20.6,51.3,124.5,10.7,20.1,98.8,5.3,112.9,29.8,35.0
1154,laissez,0.5901,5.2343,0.3448,1.038,10.2914,0.5613,0.2836,0.0243,1.0682,2.7135,2.1025,5.75,5.75,60.95,57.44,57.44,23.89,19.2,0.804,102.8,96.1,23.0,45.7,132.4,14.0,27.7,125.4,5.4,108.0,45.1,45.1
1155,laissez,0.316,6.4419,1.2224,1.1455,4.5233,0.864,-0.2849,0.7063,0.7038,9.2984,2.3208,2.96,4.17,64.47,62.56,59.1,23.2,32.96,1.421,122.7,119.3,22.2,47.7,144.6,9.1,18.2,93.3,4.1,95.0,21.1,35.0
1156,laissez,0.4628,4.3287,0.9287,0.6574,3.5958,0.818,0.1841,0.5517,1.4498,3.0423,3.7243,7.38,7.38,59.51,55.12,55.12,42.38,31.13,0.735,108.8,104.5,25.5,39.7,144.2,11.8,21.2,95.9,5.3,101.0,52.8,52.8
1157,laissez,0.4504,4.3242,1.6483,0.292,7.5665,0.6266,-0.1911,0.8039,0.6651,2.0418,2.3407,7.24,7.24,59.42,55.12,55.12,29.73,18.49,0.622,103.9,104.3,25.1,40.8,127.7,11.9,19.4,83.8,6.5,116.1,52.6,52.6
1158,laissez,0.515,2.4364,1.0032,0.5544,4.3494,0.8094,0.2001,0.3338,1.399,4.1943,3.3628,9.15,9.15,57.89,52.59,52.59,46.51,28.12,0.605,97.4,93.5,26.6,37.2,139.9,14.7,26.2,108.7,6.1,106.6,66.3,66.3
1159,laissez,0.316,5.8865,1.1343,1.107,16.6318,0.7964,0.5623,0.0302,1.4303,1.4055,2.1868,4.44,4.44,61.87,59.13,59.02,8.31,8.39,1.01,104.8,98.2,20.7,51.1,122.3,13.4,26.1,124.3,5.5,115.6,36.5,36.5
1160,laissez,0.4054,3.3441,0.9686,1.1122,8.98,0.7535,0.423,0.9422,0.5125,1.6283,5.3825,4.84,4.84,61.8,58.81,58.81,19.97,19.17,0.96,123.1,118.8,21.9,48.3,132.4,9.1,16.7,82.0,5.0,106.5,32.4,35.0
1161,laissez,0.5871,5.334,1.2708,1.1714,3.9921,0.3057,0.0427,0.5227,0.9622,3.9298,4.2507,6.24,6.24,60.67,56.88,56.88,47.87,41.61,0.869,110.6,106.8,27.0,36.3,155.8,11.3,20.3,95.4,4.9,93.2,47.3,47.3
1162,laissez,0.4153,2.2143,0.3353,1.0578,4.4485,0.4041,0.4516,0.1857,1.0132,3.7945,2.3741,5.7,5.7,61.06,57.58,57.58,35.34,31.06,0.879,110.6,101.9,23.6,44.3,144.6,12.4,24.3,119.6,4.6,97.9,43.4,43.4
1163,laissez,0.2718,4.6251,1.0324,0.4988,3.0111,0.4929,0.0447,0.3718,1.3281,9.5933,5.6747,6.66,6.66,59.48,55.52,55.52,27.02,16.95,0.627,100.0,97.2,24.5,42.1,127.5,13.7,23.4,103.8,6.3,116.3,53.6,53.6
1164,laissez,0.3083,7.0486,1.5802,0.492,4.2824,0.2904,0.2442,0.2541,1.4638,1.0205,4.9404,6.56,6.56,59.72,55.8,55.8,23.09,13.79,0.597,101.3,97.3,23.8,43.9,125.6,13.6,23.6,106.5,6.3,116.9,51.0,51.0
1165,laissez,0.5361,2.8522,1.634,0.3504,17.4961,0.4389,0.4163,0.2485,1.1279,2.1399,1.9608,6.7,6.7,59.68,55.68,55.68,16.7,7.03,0.421,100.1,95.8,22.8,46.3,120.2,14.1,24.3,109.3,6.5,121.3,50.0,50.0
1166,laissez,0.4788,7.7093,1.246,0.2305,5.7028,0.4516,0.4352,0.9024,0.8993,1.0474,7.6842,8.9,8.9,57.52,52.41,52.41,28.84,9.96,0.345,103.3,101.4,25.0,40.9,122.4,12.5,19.5,82.5,7.1,122.8,62.1,62.1
1167,laissez,0.5341,7.8624,0.6755,1.0293,13.5066,0.248,0.3102,0.5661,0.7906,3.5459,5.898,5.39,5.39,61.17,57.87,57.87,16.43,12.96,0.789,110.4,105.9,22.4,47.2,126.6,11.5,20.6,98.0,5.7,113.1,39.3,39.3
1168,laissez,0.4628,5.6998,0.4646,0.9222,9.4795,0.6738,0.3974,0.2408,1.0707,1.7814,2.8829,5.86,5.86,60.71,57.15,57.15,20.33,14.84,0.73,104.9,98.9,22.7,46.5,128.3,13.2,24.2,114.2,5.7,112.0,44.5,44.5
1169,laissez,0.5469,5.0774,0.4837,1.0341,4.3056,0.5786,0.3041,0.5516,1.3472,1.9294,2.9168,6.49,6.49,60.59,56.66,56.66,43.5,36.59,0.841,114.5,107.4,24.9,41.1,150.8,11.2,21.2,101.7,4.6,94.4,45.3,45.3
1170,laissez,0.266,2.8383,1.0317,0.5814,10.4444,0.8611,-0.1294,0.5905,0.8674,2.4321,3.6338,4.84,4.84,61.55,58.57,58.57,12.11,10.61,0.876,110.7,107.8,21.7,48.9,123.3,11.1,20.0,94.2,5.7,115.8,36.4,36.4
1171,laissez,0.5034,4.4425,1.9732,0.779,15.5829,0.3355,-0.2947,0.8173,0.8138,2.7218,3.8666,5.7,5.7,60.89,57.42,57.42,18.87,14.13,0.749,107.7,106.8,23.5,44.5,124.9,11.3,19.2,87.4,6.2,116.4,42.0,42.0
1172,laissez,0.4415,5.7439,1.8732,0.4787,15.775,0.8964,0.4312,0.5412,0.5391,3.425,1.4751,5.69,5.69,60.58,57.13,57.13,12.97,7.42,0.572,107.1,102.9,21.9,48.3,121.1,12.2,21.4,99.6,6.1,119.0,42.3,42.3
1173,laissez,0.396,3.0519,0.9506,0.9199,4.3978,0.5702,0.2804,0.8233,0.6368,1.9957,2.4511,5.11,5.11,61.54,58.39,58.39,32.48,30.49,0.939,122.1,116.8,23.3,44.9,143.7,9.5,17.8,87.6,4.6,98.2,36.3,36.7
1174,laissez,0.327,3.8447,1.6749,0.4988,3.7813,0.544,-0.2802,0.5938,0.8772,1.8972,4.9429,6.3,6.3,60.33,56.53,56.53,33.32,26.08,0.783,103.9,103.3,25.3,40.4,134.3,12.1,20.8,92.7,5.9,109.7,48.8,48.8
1175,laissez,0.4021,6.4686,0.7881,0.6678,16.6124,0.4179,-0.0952,0.337,1.3843,1.5104,5.7804,5.58,5.58,60.65,57.27,57.27,13.01,7.85,0.603,102.3,99.2,22.5,47.0,119.9,13.1,22.8,104.3,6.4,121.1,43.7,43.7
1176,laissez,0.5238,3.3784,1.4137,0.285,3.9378,0.4464,-0.0319,0.7836,1.2631,4.201,5.2335,13.31,13.31,54.18,46.97,46.97,55.7,21.47,0.385,85.0,89.8,30.1,28.8,126.4,16.0,21.8,79.4,8.4,126.0,94.2,94.2
1177,laissez,0.3874,5.2966,1.1426,1.0998,10.7731,0.812,-0.1414,0.8706,0.7124,1.353,6.9099,3.98,4.16,62.75,60.26,59.08,15.52,18.78,1.21,121.4,118.8,21.6,49.1,131.4,9.1,17.0,83.6,4.9,106.7,27.7,35.0
1178,laissez,0.458,4.0149,0.7693,0.6503,16.8356,0.7619,-0.1823,0.4274,0.6938,1.2328,6.7212,5.36,5.36,61.13,57.86,57.86,14.63,11.11,0.759,105.2,102.1,22.4,47.2,123.4,12.4,22.1,102.3,6.0,116.6,41.0,41.0
1179,laissez,0.4494,2.7028,1.4901,1.0744,4.6272,0.6355,-0.1759,0.6076,0.7644,2.2356,7.1752,3.5,4.31,63.1,60.89,59.05,39.96,45.0,1.126,121.4,117.8,24.5,42.1,156.6,9.3,18.5,92.6,3.9,88.8,28.3,35.5
1180,laissez,0.3848,4.4358,0.777,0.6396,18.412,0.2785,0.5854,0.2057,1.4433,2.196,4.3583,5.34,5.34,60.82,57.57,57.57,10.07,5.77,0.573,104.2,98.9,21.5,49.4,120.0,13.2,23.8,111.9,6.1,119.6,41.6,41.6
1181,laissez,0.3769,4.2237,0.6838,0.5419,3.2632,0.6539,0.2977,0.66,0.8214,3.2191,6.1691,7.25,7.25,59.33,55.03,55.03,33.76,22.28,0.66,108.2,104.0,24.7,41.7,135.2,11.9,20.8,93.9,5.8,108.4,52.5,52.5
1182,laissez,0.4861,3.4485,0.3799,0.297,4.9332,0.625,0.309,0.3038,1.3805,3.5554,2.576,10.93,10.93,55.94,49.82,49.82,40.25,14.07,0.35,88.5,86.4,26.8,36.6,123.4,17.3,28.3,106.4,7.7,124.6,80.5,80.5
1183,laissez,0.3803,2.2876,1.6685,0.6489,16.048,0.631,0.4711,0.944,0.6144,4.9204,5.158,5.31,5.31,60.96,57.73,57.73,12.26,8.38,0.684,115.6,112.6,21.6,49.0,122.1,10.2,17.6,83.4,5.9,117.4,37.2,37.2
1184,laissez,0.4291,3.5213,0.3761,0.6648,3.501,0.724,0.3497,0.4389,0.7652,1.6586,3.6253,7.44,7.44,59.08,54.68,54.68,38.19,25.74,0.674,105.5,99.8,25.1,40.7,139.2,12.9,23.1,104.5,5.6,105.4,55.6,55.6
1185,laissez,0.3399,2.6263,1.1401,0.8553,8.2107,0.7715,0.4375,0.243,0.7399,1.7662,3.2693,5.13,5.13,61.31,58.16,58.16,18.03,15.39,0.854,109.7,103.7,22.0,48.2,128.7,12.0,22.3,107.8,5.4,110.7,39.4,39.4
1186,laissez,0.3423,5.9216,1.4441,0.2986,6.8351,0.6027,0.564,0.8265,1.4825,5.3292,4.1381,7.02,7.02,59.04,54.9,54.9,18.64,6.79,0.364,107.1,103.9,23.2,45.2,120.4,11.9,19.6,87.7,6.7,122.3,50.8,50.8
1187,laissez,0.5042,6.6504,0.6459,0.978,9.7822,0.3758,0.5412,0.3647,1.2755,3.025,3.8068,5.92,5.92,60.72,57.13,57.13,20.8,15.22,0.732,108.2,101.9,22.6,46.7,128.9,12.4,22.7,107.9,5.6,111.1,43.3,43.3
1188,laissez,0.4539,7.4539,1.1246,0.6536,3.7603,0.4838,0.3558,0.6492,0.6481,1.527,3.6065,7.11,7.11,59.56,55.33,55.33,34.05,23.41,0.688,111.3,106.5,24.6,42.0,137.3,11.4,19.9,91.2,5.6,106.1,50.2,50.2
1189,laissez,0.4485,5.1558,0.9606,0.8731,12.4619,0.5703,0.0866,0.2378,0.9204,1.745,6.1749,5.1,5.1,61.43,58.3,58.3,16.44,14.17,0.862,105.3,100.5,22.4,47.3,127.3,12.8,23.6,112.0,5.6,112.4,40.1,40.1
1190,laissez,0.4077,5.1235,1.9836,1.1168,16.8151,0.5639,0.4431,0.9099,1.2645,1.6007,1.017,4.47,4.47,61.98,59.21,59.02,11.51,11.82,1.027,119.9,116.2,21.0,50.6,125.1,9.6,17.3,84.6,5.3,112.8,31.0,35.0
1191,laissez,0.3949,3.7232,1.4939,1.065,3.53,0.2081,-0.0941,0.4479,1.0277,5.7888,3.0344,5.48,5.48,61.25,57.89,57.89,37.93,34.53,0.91,107.4,104.4,26.0,38.6,146.2,11.8,21.2,99.6,5.2,99.5,44.2,44.2
1192,laissez,0.5107,3.6897,0.8597,0.3409,12.0239,0.405,0.1554,0.7744,1.1016,6.5154,3.8285,7.8,7.8,58.67,54.1,54.1,22.7,8.56,0.377,101.3,100.4,24.4,42.5,119.9,12.8,20.4,87.5,7.1,124.2,55.8,55.8
1193,laissez,0.3579,5.7239,0.9733,0.7007,10.442,0.451,0.0932,0.6849,0.7283,3.1055,3.3383,5.34,5.34,61.02,57.76,57.76,14.61,10.83,0.741,110.1,107.2,22.4,47.2,124.0,11.2,19.6,91.8,5.9,116.2,39.7,39.7
1194,laissez,0.469,5.2671,0.3675,1.1989,3.8307,0.3088,-0.2459,0.2689,0.6176,6.0122,2.8901,5.25,5.25,61.67,58.43,58.43,41.0,39.12,0.954,103.7,100.8,26.7,37.0,150.6,12.7,23.4,109.7,5.0,96.4,43.6,43.6
1195,laissez,0.3568,3.8458,1.1554,0.3559,7.5741,0.6209,0.3714,0.9065,0.66,1.3353,4.3325,6.66,6.66,59.62,55.65,55.65,19.73,9.99,0.506,110.9,108.6,23.1,45.4,123.2,10.9,18.2,82.2,6.3,118.6,46.9,46.9
1196,laissez,0.3084,4.8327,1.1977,0.5581,3.2569,0.6783,0.2591,0.3538,0.5932,2.0263,0.4142,6.18,6.18,60.29,56.57,56.57,26.87,19.74,0.735,107.4,102.6,23.5,44.5,132.6,12.3,22.2,102.8,5.6,109.1,46.6,46.6
1197,laissez,0.5727,3.4808,1.0393,0.3894,4.4857,0.4612,0.0352,0.2924,1.2225,8.6408,3.3955,12.49,12.49,54.7,47.87,47.87,52.42,20.75,0.396,82.5,84.1,29.5,30.3,127.8,18.2,27.6,98.8,8.1,123.6,92.7,92.7
1198,laissez,0.3608,4.2614,0.5679,1.1345,12.5146,0.3212,0.1284,0.0961,0.7922,3.2236,4.6092,4.57,4.57,61.93,59.1,58.99,13.1,13.1,1.0,104.6,98.8,21.8,48.6,126.5,13.2,25.4,121.1,5.5,112.3,37.7,37.7
1199,laissez,0.5738,2.5592,1.4651,0.6294,6.3336,0.3689,-0.1916,0.7484,1.2343,5.3203,5.2548,9.37,9.37,57.56,52.17,52.17,46.38,26.82,0.578,95.7,98.4,28.2,33.3,133.3,13.3,20.2,81.9,7.1,115.0,68.6,68.6
1200,laissez,0.584,5.7047,0.4671,0.9535,10.2505,0.338,-0.0718,0.9198,1.3837,3.0617,2.0325,7.01,7.01,59.74,55.55,55.55,26.84,16.82,0.627,106.8,106.8,24.9,41.2,126.8,11.3,18.3,80.7,6.5,116.4,49.3,49.3
1201,laissez,0.3178,4.206,0.9601,0.242,17.6257,0.2801,0.5745,0.1952,1.3706,5.1814,4.7101,5.57,5.57,60.36,56.99,56.99,8.77,2.83,0.323,101.4,96.7,21.6,49.1,117.1,13.8,24.5,112.5,6.4,123.5,44.2,44.2
1202,laissez,0.3588,4.8248,1.795,1.0641,17.0419,0.2431,-0.023,0.9674,0.8565,4.9713,2.2073,4.49,4.49,61.92,59.14,59.0,10.14,10.25,1.011,118.6,116.9,21.6,49.1,123.6,9.4,16.5,79.5,5.7,115.2,31.5,35.0
1203,laissez,0.5349,3.2254,0.6179,0.4579,7.5168,0.7352,0.3428,0.5781,0.8067,3.137,2.8487,8.47,8.47,58.2,53.27,53.27,30.25,13.79,0.456,100.7,97.6,24.9,41.1,126.3,13.5,22.3,95.8,6.7,117.8,60.2,60.2
1204,laissez,0.3831,4.3392,0.8061,0.4368,3.7051,0.4735,-0.0516,0.7141,0.8113,8.1081,8.4189,8.72,8.72,57.88,52.83,52.83,37.02,19.36,0.523,98.4,99.2,26.8,36.6,128.8,13.1,20.4,84.6,7.0,118.0,64.2,64.2
1205,laissez,0.4785,6.5682,1.7553,0.6017,9.8247,0.5207,-0.2662,0.4495,1.1917,3.4147,4.7821,6.21,6.21,60.53,56.77,56.77,25.02,18.42,0.736,101.8,100.0,24.1,43.1,127.4,12.9,22.2,99.5,6.2,114.6,47.0,47.0
1206,laissez,0.367,4.9176,0.7804,0.9882,7.8203,0.3249,-0.0768,0.9812,1.292,8.6564,0.8714,5.39,5.39,61.2,57.91,57.91,21.06,17.7,0.84,114.3,113.1,23.5,44.4,129.4,10.1,17.3,80.7,5.8,111.8,38.8,38.8
1207,laissez,0.4996,2.1705,1.7026,1.0612,3.5761,0.5985,0.0753,0.5802,0.7373,6.7109,7.2263,4.37,4.37,62.49,59.75,59.05,53.01,54.84,1.035,124.0,117.9,25.4,40.0,168.7,9.3,18.9,95.7,3.5,81.5,31.9,35.4
1208,laissez,0.2599,5.9129,1.7057,0.59,18.0204,0.8533,0.1273,0.9458,1.3815,6.0358,3.1268,4.45,4.45,61.78,59.03,59.03,7.0,6.8,0.971,118.4,116.3,20.7,51.2,120.3,9.5,16.8,80.5,5.7,117.9,31.1,35.0
1209,laissez,0.5398,2.1028,0.8581,0.5218,7.7706,0.4471,0.032,0.7587,1.4939,1.4239,4.6553,9.22,9.22,57.6,52.29,52.29,37.16,17.93,0.483,98.1,98.9,26.6,37.1,126.4,13.2,20.3,83.2,7.2,120.1,65.5,65.5
1210,laissez,0.2757,4.8652,0.4044,0.2274,14.0613,0.7765,-0.2263,0.6597,1.2591,2.3565,4.5067,5.72,5.72,60.36,56.91,56.91,12.01,5.83,0.485,105.3,103.6,22.2,47.6,117.3,12.0,20.4,92.0,6.6,124.1,43.4,43.4
1211,laissez,0.3522,5.8319,1.0956,0.4566,19.9937,0.2661,0.1959,0.1188,0.8571,2.41,2.1705,5.33,5.33,60.73,57.5,57.5,8.84,4.31,0.488,100.6,96.2,21.7,48.8,118.0,13.9,25.2,115.1,6.3,122.3,43.0,43.0
1212,laissez,0.5265,3.7998,0.7898,0.6031,12.2829,0.5594,0.187,0.329,0.9257,7.4765,1.2391,6.42,6.42,60.06,56.21,56.21,20.88,12.71,0.609,103.1,99.4,23.3,45.0,125.3,13.1,22.9,103.6,6.2,116.1,48.3,48.3
1213,laissez,0.43,4.956,0.5641,0.8102,6.3792,0.5596,0.1886,0.0691,0.7797,1.9624,6.4087,5.95,5.95,60.76,57.14,57.14,25.43,19.89,0.782,101.8,95.9,23.5,44.5,132.7,14.0,27.3,122.5,5.6,108.5,46.7,46.7
1214,laissez,0.5971,5.8995,0.4495,0.8533,6.2212,0.6459,0.1372,0.5831,1.2934,5.4394,4.0405,7.14,7.14,59.69,55.43,55.43,35.75,25.38,0.71,105.9,102.3,25.1,40.7,137.1,12.3,21.6,97.3,5.8,106.6,51.8,51.8
1215,laissez,0.4043,6.8537,0.9741,0.5193,11.5119,0.8187,0.1978,0.4256,1.0758,2.0817,5.0606,5.46,5.46,60.86,57.54,57.54,14.28,9.87,0.691,106.2,102.0,22.1,48.0,123.1,12.4,22.2,103.4,5.9,116.8,41.6,41.6
1216,laissez,0.4359,2.2974,0.4096,0.7602,3.3094,0.3403,0.5137,0.6477,1.0848,6.534,3.7904,7.74,7.74,58.93,54.37,54.37,42.09,28.76,0.683,112.8,106.2,25.2,40.4,143.0,11.4,19.9,92.2,5.4,102.1,54.3,54.3
1217,laissez,0.586,2.3005,1.778,1.0428,10.8444,0.8782,0.1734,0.1587,0.6387,7.2082,3.5058,4.69,4.69,62.2,59.29,59.07,28.8,29.31,1.018,111.5,104.7,22.6,46.8,140.7,11.8,23.4,115.6,4.5,99.3,35.9,35.9
1218,laissez,0.44,2.6591,0.3203,0.2678,10.4217,0.3351,0.0489,0.3932,1.3528,1.0201,4.5937,8.5,8.5,57.85,52.93,52.93,24.93,7.52,0.302,91.3,90.2,25.1,40.7,116.7,15.9,25.3,103.1,7.7,129.6,65.4,65.4
1219,laissez,0.5507,5.1663,0.9527,1.0113,8.3214,0.3731,0.459,0.009,1.2238,1.7419,1.2715,5.99,5.99,60.72,57.08,57.08,26.49,20.79,0.785,104.2,96.4,23.1,45.4,134.4,13.9,27.4,125.7,5.3,106.3,46.0,46.0
1220,laissez,0.344,5.8227,0.4764,0.4305,15.5039,0.7762,0.0295,0.5815,1.2992,3.7629,3.723,5.48,5.48,60.68,57.35,57.35,11.45,6.52,0.569,107.3,104.8,22.0,48.2,119.0,11.8,20.3,93.4,6.3,121.5,41.1,41.1
1221,laissez,0.2708,4.5134,0.7599,0.8168,9.1271,0.6107,0.1823,0.475,0.7735,8.0931,2.6856,4.67,4.67,61.75,58.87,58.87,12.7,12.05,0.949,110.3,105.6,21.5,49.3,125.4,11.6,21.4,103.0,5.5,113.3,35.8,35.8
1222,laissez,0.4492,4.4599,1.2926,0.2119,12.8551,0.5434,-0.0439,0.2375,0.8875,8.3457,7.3237,6.97,6.97,59.34,55.21,55.21,18.95,7.96,0.42,95.9,93.6,23.8,43.9,119.2,14.7,25.0,107.6,6.9,124.0,54.4,54.4
1223,laissez,0.5821,5.9005,1.1722,0.6838,14.8437,0.7054,0.4609,0.937,1.4493,5.1684,2.2655,6.13,6.13,60.34,56.64,56.64,16.83,9.88,0.587,114.5,111.6,22.5,47.0,123.7,10.4,17.6,81.6,6.1,116.6,41.6,41.6
1224,laissez,0.2863,6.2541,0.9495,1.0037,6.7717,0.695,-0.2692,0.6892,0.5362,4.4157,7.1079,4.22,4.31,62.48,59.84,59.05,15.84,17.94,1.133,115.0,112.2,22.1,47.9,130.3,10.2,18.9,91.8,5.2,108.5,31.6,35.2
1225,laissez,0.3816,3.9435,1.8662,0.7592,5.6225,0.2027,-0.1857,0.319,0.8991,2.0407,4.9393,6.78,6.78,59.77,55.72,55.72,29.93,20.4,0.682,98.6,97.3,25.7,39.4,130.1,13.6,22.7,99.9,6.4,114.4,53.3,53.3
1226,laissez,0.4099,3.2581,0.7795,0.7134,7.4991,0.5991,-0.0637,0.6714,0.815,3.3007,4.9958,6.19,6.19,60.39,56.65,56.65,25.27,18.35,0.726,106.8,104.9,24.2,43.0,129.8,11.7,20.3,91.8,6.0,112.4,46.1,46.1
1227,laissez,0.4649,2.1865,1.4854,0.5184,5.4755,0.7937,0.5269,0.5728,0.7688,3.9754,3.2212,8.65,8.65,58.03,53.01,53.01,33.24,16.06,0.483,103.9,99.3,25.1,40.8,129.8,13.1,21.5,93.9,6.5,114.5,60.5,60.5
1228,laissez,0.2929,3.0348,1.009,0.9222,11.8126,0.2409,0.519,0.6397,0.5794,2.5326,1.4271,4.81,4.81,61.48,58.52,58.52,11.31,9.69,0.857,114.7,110.5,21.2,50.0,123.4,10.6,19.0,91.7,5.6,115.2,35.1,35.2
1229,laissez,0.2945,5.2996,1.5008,0.3043,5.6371,0.3287,-0.2144,0.3975,0.9498,3.4776,7.475,6.96,6.96,59.23,55.1,55.1,22.72,11.47,0.505,97.3,96.5,24.7,41.8,121.1,13.8,22.5,97.2,7.0,123.3,55.1,55.1
1230,laissez,0.4437,7.6376,1.0903,0.322,10.6418,0.6179,0.0854,0.5253,0.6794,2.1155,2.9045,6.46,6.46,59.89,56.02,56.02,17.53,8.83,0.504,102.1,99.3,23.2,45.3,121.3,13.1,22.3,99.5,6.5,120.6,48.5,48.5
1231,laissez,0.3826,3.5393,1.0067,0.594,7.9767,0.3277,-0.0677,0.1954,1.1117,5.4796,6.7067,6.78,6.78,59.61,55.57,55.57,23.52,13.56,0.577,95.7,92.9,24.5,42.2,124.3,14.9,26.0,111.9,6.6,119.1,54.5,54.5
1232,laissez,0.4521,6.208,1.8438,0.3421,3.1951,0.867,0.3561,0.5067,0.5998,1.0294,2.0206,8.94,8.94,57.78,52.62,52.62,40.34,22.06,0.547,101.5,97.4,25.9,38.9,134.4,13.6,22.5,97.1,6.3,111.1,63.6,63.6
1233,laissez,0.36,5.0555,0.6138,0.482,10.6936,0.7052,-0.1959,0.2531,1.2813,2.408,4.1998,6.16,6.16,60.12,56.42,56.42,17.97,10.41,0.579,98.6,96.0,23.2,45.3,120.9,14.0,24.3,108.3,6.5,121.1,48.8,48.8
1234,laissez,0.5883,4.6444,0.3127,1.111,17.8235,0.6076,0.3044,0.0839,1.2665,1.7251,0.9615,5.09,5.09,61.5,58.37,58.37,15.65,13.57,0.867,104.6,98.4,21.9,48.5,127.0,13.3,25.7,120.9,5.5,111.9,40.0,40.0
1235,laissez,0.568,4.5483,1.7311,0.67,3.9812,0.6955,0.3486,0.7846,0.713,1.2552,6.5328,8.29,8.29,58.83,53.95,53.95,48.78,34.23,0.702,114.0,109.1,26.1,38.4,148.1,10.8,18.7,84.7,5.3,98.4,55.1,55.1
1236,laissez,0.4367,6.4403,1.6443,1.1657,7.4155,0.5614,0.1816,0.8521,1.3103,3.8407,0.7353,4.09,4.22,62.78,60.21,59.05,23.79,26.91,1.131,124.6,120.0,22.0,48.0,138.9,9.0,17.0,86.0,4.5,100.1,27.6,35.0
1237,laissez,0.302,4.3744,0.7081,0.4279,7.7468,0.4478,0.0422,0.9885,1.2732,3.3938,5.7221,6.33,6.33,59.84,56.05,56.05,18.53,9.93,0.536,109.5,109.0,23.4,44.8,121.2,10.9,17.7,79.2,6.6,121.3,46.1,46.1
1238,laissez,0.2591,3.2728,1.9984,0.9106,3.6235,0.8417,0.0127,0.621,1.2442,2.8391,2.6439,3.41,4.21,63.26,61.1,59.08,25.16,30.82,1.225,123.2,118.4,21.8,48.6,141.0,9.2,18.2,92.7,4.2,97.9,25.1,35.1
1239,laissez,0.2761,4.7357,0.3417,0.3021,7.4799,0.6486,-0.0125,0.2284,0.5643,1.879,0.6695,6.12,6.12,59.93,56.27,56.27,15.62,7.65,0.49,97.7,94.3,23.0,45.6,119.9,14.5,25.8,113.1,6.6,122.3,50.0,50.0
1240,laissez,0.4768,4.1329,1.1805,0.7264,6.3895,0.3887,-0.1972,0.583,1.48,7.7362,5.7827,7.79,7.79,58.95,54.36,54.36,36.34,22.97,0.632,98.8,99.3,26.4,37.6,130.4,13.1,21.0,89.3,6.7,115.3,58.2,58.2
1241,laissez,0.4606,4.9756,0.6596,0.4531,4.3443,0.5436,0.3631,0.5265,0.7835,1.1287,3.95,8.62,8.62,57.94,52.94,52.94,35.02,17.66,0.504,101.3,97.5,25.5,39.9,130.5,13.6,22.5,96.8,6.5,114.5,62.3,62.3
1242,laissez,0.2777,3.9287,1.7132,0.3185,6.7294,0.6439,0.2114,0.1649,1.2967,3.6069,5.2844,5.71,5.71,60.59,57.13,57.13,17.68,12.13,0.686,102.8,98.1,22.4,47.2,124.2,13.4,24.3,112.3,6.0,116.2,45.0,45.0
1243,laissez,0.5052,4.1998,1.9259,0.2191,8.7623,0.5238,-0.0268,0.1655,1.4836,4.1634,1.8272,9.17,9.17,57.66,52.37,52.37,33.38,14.38,0.431,88.1,87.0,26.0,38.7,121.2,17.1,28.7,110.6,7.5,125.0,70.3,70.3
1244,laissez,0.3462,7.5938,0.5063,0.6847,6.3545,0.5658,0.4968,0.441,0.8075,9.7209,2.4173,5.86,5.86,60.46,56.91,56.91,18.34,12.18,0.664,109.7,104.7,22.5,46.9,125.8,11.8,20.8,97.8,5.9,114.7,43.3,43.3
1245,laissez,0.4384,2.9465,1.3574,1.0545,5.7514,0.6407,-0.1584,0.4133,1.2922,3.488,7.0757,4.38,4.38,62.57,59.83,58.96,33.68,35.73,1.061,113.5,109.4,24.1,43.1,147.0,10.8,21.0,102.3,4.5,95.7,34.0,35.9
1246,laissez,0.3083,5.1639,1.5433,0.5124,15.0829,0.6239,0.2131,0.791,0.7108,3.079,4.6804,4.85,4.85,61.38,58.4,58.4,9.46,7.49,0.792,114.2,111.5,21.2,50.0,121.0,10.4,18.3,86.8,5.8,117.9,35.0,35.0
1247,laissez,0.5209,2.4758,0.8775,0.7479,7.2063,0.716,0.0432,0.7848,1.4185,1.7991,8.2409,6.85,6.85,60.15,56.03,56.03,34.37,25.68,0.747,111.1,109.4,24.9,41.2,136.8,10.8,18.7,84.6,5.7,106.4,47.2,47.2
1248,laissez,0.4488,7.6034,1.9924,0.7226,5.6766,0.7419,0.3828,0.793,0.8493,3.9568,1.5324,5.99,5.99,60.69,57.06,57.06,27.65,21.88,0.791,117.6,113.1,23.2,45.3,134.3,10.1,17.9,84.9,5.3,106.7,41.3,41.3
1249,laissez,0.4258,5.9735,0.5973,0.5869,4.9908,0.8891,0.5373,0.0023,1.0887,1.3696,2.1778,7.47,7.47,58.96,54.56,54.56,27.76,14.95,0.539,99.0,92.3,24.1,43.1,128.7,15.1,27.9,120.2,6.2,114.2,57.1,57.1
1250,laissez,0.3011,5.7503,0.771,0.5223,13.4812,0.7258,-0.066,0.6328,1.3258,7.9449,2.0268,5.1,5.1,61.05,57.94,57.94,10.97,7.71,0.703,108.6,106.0,21.8,48.6,120.3,11.5,20.1,93.6,6.1,119.7,38.8,38.8
1251,laissez,0.4947,7.9656,0.3141,0.5161,4.7389,0.774,0.4358,0.1346,1.2385,1.5741,5.1621,8.62,8.62,58.01,53.01,53.01,32.5,15.31,0.471,94.8,89.2,25.2,40.5,128.2,16.2,29.4,119.4,6.6,116.3,65.2,65.2
1252,laissez,0.5264,3.8224,1.0983,0.9052,15.0515,0.25,0.0938,0.2895,0.8111,1.5353,3.5924,5.81,5.81,60.72,57.19,57.19,17.94,12.53,0.698,104.0,100.4,23.2,45.3,125.5,12.8,22.5,104.0,6.1,115.5,44.2,44.2
1253,laissez,0.5064,6.0524,1.0355,1.0743,3.0123,0.7956,0.0175,0.7293,1.4275,6.1959,5.7445,4.53,4.53,62.44,59.62,58.96,47.53,48.98,1.031,123.5,118.3,25.2,40.6,164.2,9.2,18.4,91.8,3.7,84.4,32.6,35.9
1254,laissez,0.402,3.6217,1.1724,0.5863,18.6773,0.32,-0.2669,0.5802,0.6655,7.5052,2.9218,5.41,5.41,60.79,57.5,57.5,12.48,7.96,0.638,106.2,104.4,22.7,46.6,120.5,11.8,20.2,92.5,6.3,120.5,41.6,41.6
1255,laissez,0.3859,2.7841,1.7281,0.9761,6.7998,0.8484,-0.192,0.3124,0.7906,2.4909,6.9567,2.96,4.18,63.73,61.84,59.09,27.08,34.82,1.286,117.2,111.9,22.2,47.6,144.9,10.3,21.2,108.0,4.1,95.1,25.1,35.2
1256,laissez,0.4415,2.6792,1.0479,1.1175,12.1907,0.3936,0.0226,0.0641,1.1259,5.0569,7.1926,4.73,4.73,61.86,58.93,58.92,18.07,17.6,0.974,104.3,98.8,22.6,46.6,130.6,13.2,25.4,120.4,5.4,109.1,39.3,39.3
1257,laissez,0.4285,3.2148,0.7236,1.0592,9.7597,0.675,-0.0228,0.87,1.1494,7.3102,3.8247,4.47,4.47,62.28,59.5,58.99,20.39,21.51,1.055,119.8,117.0,22.5,46.9,134.0,9.4,17.3,84.5,5.0,105.5,31.7,35.2
1258,laissez,0.298,7.6837,1.0904,1.0118,4.0908,0.8586,0.2273,0.3356,0.9071,1.194,5.4927,4.19,4.34,62.52,59.9,58.96,20.89,23.15,1.108,115.5,109.1,21.8,48.6,136.0,10.8,21.2,105.9,4.6,102.7,32.1,35.8
1259,laissez,0.385,6.2783,1.4608,1.0654,14.2539,0.5218,0.1519,0.4622,0.7144,7.4273,3.669,4.44,4.44,62.11,59.35,59.07,12.11,12.82,1.059,112.1,107.4,21.3,49.7,126.0,11.2,20.7,101.0,5.4,112.2,33.5,35.0
1260,laissez,0.2817,3.9642,1.1417,0.3129,19.2846,0.2975,-0.1263,0.9601,0.8172,1.5652,5.5729,5.33,5.33,60.66,57.42,57.42,8.53,3.8,0.445,111.8,111.1,21.9,48.3,116.9,10.4,17.4,79.7,6.5,123.9,38.8,38.8
1261,laissez,0.2771,2.6446,1.4096,0.8082,4.4075,0.4865,0.3923,0.8083,1.2074,2.2259,0.8093,5.09,5.09,61.39,58.27,58.27,22.08,19.76,0.895,119.1,114.5,22.3,47.4,132.5,9.8,17.9,87.2,5.1,107.3,36.2,36.4
1262,laissez,0.3172,3.3007,0.9574,0.6516,4.3941,0.4857,0.0003,0.5683,0.9592,2.7486,5.8824,6.33,6.33,60.16,56.35,56.35,27.11,19.37,0.714,106.1,104.0,24.5,42.2,130.7,11.9,20.5,92.7,6.0,112.2,47.9,47.9
1263,laissez,0.5883,7.1675,0.7091,1.1911,3.7097,0.3219,0.166,0.6706,1.1149,1.0621,8.4126,5.69,5.69,61.31,57.83,57.83,45.68,42.07,0.921,118.7,113.3,25.9,38.8,157.2,10.1,18.7,91.4,4.4,90.4,40.3,40.3
1264,laissez,0.293,4.3454,1.0612,1.1325,12.1255,0.2611,-0.201,0.2575,1.4391,4.8727,6.0773,4.4,4.4,61.99,59.26,58.96,11.63,12.1,1.04,106.8,102.7,22.0,48.2,125.0,12.2,22.5,107.9,5.6,114.3,36.0,36.3
1265,laissez,0.2521,5.5266,1.4947,0.9954,6.8251,0.2331,0.1762,0.4317,1.3391,4.0625,6.4927,4.7,4.7,61.77,58.87,58.87,13.79,13.15,0.954,111.0,106.6,21.9,48.4,126.4,11.4,20.7,100.0,5.5,112.7,35.8,35.9
1266,laissez,0.5902,3.2295,1.5241,0.5076,4.2731,0.7567,0.3279,0.0929,1.3189,8.7855,5.1282,10.25,10.25,56.95,51.11,51.11,50.42,27.86,0.553,94.4,89.5,27.2,35.8,140.6,16.1,28.7,113.6,6.3,106.9,74.0,74.0
1267,laissez,0.2728,3.7834,1.61,0.617,12.2564,0.8328,-0.0204,0.1625,1.102,1.37,4.5938,4.61,4.61,61.78,58.93,58.93,10.97,10.5,0.957,106.0,101.3,21.3,49.7,123.3,12.6,23.4,111.9,5.6,115.3,36.8,36.8
1268,laissez,0.2794,2.4038,1.3233,0.9218,9.3792,0.7283,0.2391,0.9731,0.9889,1.9269,3.3972,4.48,4.48,62.06,59.28,59.03,13.9,14.4,1.036,121.1,118.0,21.3,49.8,127.3,9.3,16.8,82.0,5.2,110.8,30.8,35.0
1269,laissez,0.5086,6.8228,0.7221,0.6148,12.9063,0.2325,0.2839,0.6562,0.5564,2.214,4.8958,6.29,6.29,60.1,56.32,56.32,16.97,9.12,0.537,106.7,103.6,23.0,45.6,122.6,12.0,20.4,93.2,6.3,118.7,45.9,45.9
1270,laissez,0.4492,3.3855,0.3509,1.0449,7.6216,0.897,0.1641,0.1112,1.4128,9.3132,4.4457,4.84,4.84,61.87,58.87,58.87,25.01,24.37,0.974,107.0,100.1,22.7,46.5,137.0,12.9,26.1,124.0,4.9,103.1,39.1,39.1
1271,laissez,0.3716,5.2503,1.805,0.2092,15.9967,0.6024,0.2946,0.1075,0.7771,7.6736,7.9594,5.58,5.58,60.59,57.21,57.21,11.42,6.08,0.532,101.7,97.1,21.8,48.7,119.3,13.7,24.5,112.8,6.2,120.9,43.7,43.7
1272,laissez,0.3293,2.0791,1.2918,0.5775,17.6638,0.2127,-0.2995,0.9235,0.7167,4.4872,4.9561,5.43,5.43,60.74,57.44,57.44,11.46,6.79,0.592,110.6,110.2,22.6,46.8,119.3,10.6,17.6,80.6,6.4,121.8,39.8,39.8
1273,laissez,0.5533,5.1952,1.2346,0.6578,7.9327,0.556,0.4317,0.877,1.398,1.877,3.9008,7.33,7.33,59.36,55.0,55.0,28.29,16.72,0.591,111.1,107.3,24.1,43.1,130.4,11.2,18.9,85.8,6.0,112.0,50.2,50.2
1274,laissez,0.2913,3.9428,1.3951,0.7796,3.0444,0.661,0.4156,0.0241,1.3173,3.8199,6.4772,5.66,5.66,60.85,57.4,57.4,27.22,22.45,0.825,105.0,97.4,23.0,45.7,135.3,13.6,26.9,124.9,5.2,105.6,45.4,45.4
1275,laissez,0.4784,7.6123,1.3326,0.451,13.4428,0.7042,0.2874,0.5336,0.5793,2.1399,7.9461,5.87,5.87,60.48,56.93,56.93,15.3,9.18,0.6,107.2,103.5,22.3,47.4,122.5,12.1,21.1,97.2,6.1,117.9,43.2,43.2
1276,laissez,0.3371,6.9014,0.9203,0.3373,8.7154,0.426,0.1104,0.1371,0.7976,8.1606,1.3721,6.38,6.38,59.78,55.96,55.96,16.41,7.57,0.461,97.2,93.5,23.2,45.3,119.9,14.8,26.1,113.8,6.6,122.4,51.2,51.2
1277,laissez,0.3275,6.5314,1.6172,0.6036,10.7052,0.2427,0.5515,0.3496,1.0399,1.2145,8.3263,5.56,5.56,60.65,57.28,57.28,12.36,7.22,0.584,105.4,100.3,21.8,48.6,121.2,12.8,22.9,107.4,6.1,118.8,42.4,42.4
1278,laissez,0.2712,7.313,0.5887,0.6499,7.4283,0.2546,-0.2347,0.5139,1.311,2.7775,5.1719,5.99,5.99,60.16,56.55,56.55,16.79,9.63,0.574,102.4,101.0,23.5,44.6,120.2,12.7,21.1,94.6,6.6,122.5,46.9,46.9
1279,laissez,0.5066,5.7445,0.8919,0.3122,3.2279,0.886,-0.0075,0.1112,1.0204,2.5,3.2756,10.97,10.97,56.21,50.04,50.04,50.76,25.2,0.496,84.8,83.9,28.2,33.4,133.4,18.3,32.8,115.8,7.2,115.5,83.6,83.6
1280,laissez,0.5612,4.16,0.8696,0.2304,5.7064,0.8429,0.0724,0.4012,0.6165,2.6159,4.06,10.1,10.1,56.87,51.13,51.13,40.23,17.72,0.44,92.7,92.1,26.9,36.6,128.5,15.2,24.3,97.6,7.2,118.3,72.9,72.9
1281,laissez,0.327,7.7655,1.1483,0.4317,5.272,0.7156,0.3877,0.2746,0.9436,2.1905,2.4886,6.41,6.41,59.9,56.06,56.06,19.75,11.17,0.566,103.6,98.8,23.0,45.7,124.5,13.2,23.2,106.0,6.2,116.9,48.5,48.5
1282,laissez,0.269,3.1843,1.8392,0.6595,11.8396,0.4285,0.23,0.7405,1.1198,1.1338,3.3753,4.81,4.81,61.5,58.54,58.54,10.82,9.24,0.854,114.3,111.3,21.4,49.6,122.5,10.4,18.5,88.3,5.7,116.4,34.9,35.0
1283,laissez,0.3645,2.0581,1.5631,0.6386,3.752,0.7408,0.167,0.6278,1.1418,9.126,6.0502,5.67,5.67,61.01,57.55,57.55,35.42,31.07,0.877,116.9,112.6,23.9,43.6,142.9,10.2,19.0,90.1,4.8,99.8,40.8,40.8
1284,laissez,0.424,4.9052,0.5948,0.4524,3.4035,0.6118,0.2865,0.0941,0.6308,2.079,2.4992,8.53,8.53,57.99,53.05,53.05,37.17,20.11,0.541,94.2,89.2,25.7,39.3,132.5,16.2,30.3,120.8,6.4,112.9,66.9,66.9
1285,laissez,0.3382,4.4355,0.5911,0.7498,4.3342,0.2222,-0.1088,0.2678,0.7465,6.7947,2.6041,6.55,6.55,59.9,55.98,55.98,28.23,19.45,0.689,97.1,94.4,25.4,40.0,130.6,14.5,25.1,110.5,6.3,113.6,53.6,53.6
1286,laissez,0.3671,2.0074,1.8612,0.8632,5.031,0.2535,-0.0921,0.2092,0.7648,2.6549,1.0692,6.16,6.16,60.47,56.74,56.74,30.54,23.9,0.783,100.1,96.9,25.2,40.4,134.8,13.7,24.1,109.8,5.9,108.9,49.8,49.8
1287,laissez,0.4059,7.3502,0.705,0.3563,4.2389,0.5185,-0.1837,0.6801,1.2424,1.6434,4.2879,8.94,8.94,57.34,52.22,52.22,36.32,16.94,0.466,94.0,95.9,26.9,36.5,123.3,14.0,21.2,85.7,7.5,124.7,68.8,68.8
1288,laissez,0.5473,5.8187,0.3737,0.6834,6.0696,0.5113,-0.0083,0.6439,0.5137,2.7298,4.9767,8.01,8.01,58.84,54.13,54.13,34.63,20.59,0.595,100.7,99.8,26.3,38.0,132.0,13.0,21.2,90.8,6.5,113.2,57.8,57.8
1289,laissez,0.4512,5.957,0.9727,0.2244,4.1011,0.4719,0.318,0.4771,0.8741,7.2814,6.2347,9.72,9.72,56.81,51.29,51.29,35.85,13.82,0.385,95.4,93.1,26.1,38.4,125.4,14.9,23.4,96.3,7.2,121.2,71.0,71.0
1290,laissez,0.548,7.9716,0.7243,0.469,5.1801,0.6277,0.171,0.3757,1.2742,4.6103,5.7293,8.92,8.92,57.82,52.66,52.66,37.39,19.21,0.514,95.6,93.0,26.0,38.6,129.5,14.9,24.6,102.8,6.8,116.0,65.8,65.8
1291,laissez,0.4505,4.3253,1.672,0.9837,4.1226,0.8874,0.2322,0.7118,1.0882,7.3348,0.8994,4.57,4.57,62.26,59.42,59.0,39.9,40.81,1.023,124.6,118.0,23.5,44.6,153.1,9.3,18.4,93.1,3.9,90.4,32.2,35.6
1292,laissez,0.3944,5.2378,1.4211,0.698,9.2267,0.5769,-0.2943,0.8404,1.4256,7.4123,3.0155,5.49,5.49,61.06,57.71,57.71,21.93,18.02,0.822,110.6,109.9,23.4,44.7,127.7,10.7,18.4,84.3,5.9,113.4,40.6,40.6
1293,laissez,0.3557,2.3166,1.2538,1.171,7.3442,0.8044,0.3051,0.1813,0.7694,1.3165,3.7989,3.96,4.3,62.74,60.26,59.04,21.45,24.73,1.153,114.4,107.0,21.6,49.2,137.3,11.3,22.6,115.1,4.5,101.2,31.3,35.3
1294,laissez,0.563,4.16,0.6944,0.9103,12.994,0.7416,0.1924,0.3032,0.7214,1.1782,6.5458,5.48,5.48,61.18,57.83,57.83,20.5,16.91,0.825,106.3,101.0,22.6,46.7,130.0,12.7,23.6,111.6,5.5,109.8,41.6,41.6
1295,laissez,0.2836,6.7673,1.917,0.3397,4.3678,0.245,0.0403,0.904,1.3991,2.265,7.1166,7.07,7.07,58.99,54.82,54.82,23.47,11.42,0.487,105.1,105.2,24.5,42.1,121.4,11.7,18.4,80.0,6.9,123.1,52.8,52.8
1296,laissez,0.4162,4.1627,0.3688,0.8949,6.9432,0.4694,0.2801,0.884,0.6053,6.0611,2.0759,5.39,5.39,61.25,57.95,57.95,23.43,20.19,0.862,119.5,116.0,22.8,46.1,133.1,9.6,17.2,82.4,5.3,107.1,37.0,37.0
1297,laissez,0.4037,7.376,1.0167,1.1541,6.4247,0.6871,0.4224,0.4958,0.9663,7.4767,1.2625,4.7,4.7,62.06,59.14,58.92,22.04,22.15,1.005,118.2,111.8,22.0,48.1,135.3,10.3,19.6,97.9,4.8,103.6,33.3,35.5
1298,laissez,0.5838,3.1647,1.4267,0.5751,18.3353,0.7536,-0.0051,0.1636,0.551,3.7109,3.5135,5.55,5.55,60.93,57.55,57.55,16.63,12.24,0.736,102.0,97.8,22.5,46.8,124.7,13.5,24.6,113.3,5.9,115.4,43.6,43.6
1299,laissez,0.3626,6.2472,0.6123,0.5096,8.0831,0.6572,0.3415,0.3046,1.0366,1.299,5.7685,5.98,5.98,60.23,56.63,56.63,17.45,10.49,0.601,102.5,97.5,22.6,46.6,123.7,13.6,24.3,111.8,6.1,117.2,46.7,46.7
1300,laissez,0.3762,4.3538,1.4361,0.2046,6.0301,0.2692,0.1708,0.5412,1.1551,1.3696,7.5816,8.5,8.5,57.79,52.88,52.88,27.02,9.47,0.35,95.6,94.5,25.3,40.3,119.7,14.4,22.5,94.2,7.4,126.3,63.8,63.8
1301,laissez,0.5428,4.989,0.8457,0.3227,13.3858,0.3811,0.1386,0.4713,1.4655,6.9735,4.3786,8.02,8.02,58.43,53.75,53.75,22.08,6.96,0.315,96.3,94.8,24.4,42.5,117.4,14.3,22.9,97.0,7.3,127.2,59.0,59.0
1302,laissez,0.5434,2.7473,1.1634,0.6685,16.3737,0.3639,0.2929,0.1087,1.2906,5.2251,1.7598,6.1,6.1,60.41,56.73,56.73,17.32,10.61,0.613,100.9,95.9,22.7,46.4,124.0,14.0,25.7,115.9,6.1,116.6,46.7,46.7
1303,laissez,0.3781,7.2463,1.3164,0.9587,16.8351,0.2756,0.5167,0.9315,1.2664,6.9733,7.1529,4.79,4.79,61.48,58.54,58.54,9.58,7.99,0.834,117.9,114.7,21.1,50.3,121.9,9.8,17.3,83.0,5.7,116.7,33.4,35.0
1304,laissez,0.3889,7.0952,1.3521,1.1635,7.243,0.4067,-0.0613,0.3074,1.2087,9.6911,3.2971,4.29,4.39,62.45,59.77,58.93,20.6,22.51,1.093,111.2,106.5,22.8,46.2,134.9,11.4,21.5,105.1,5.0,105.0,34.1,36.1
1305,laissez,0.3097,4.3735,0.7316,0.6215,9.1817,0.8082,0.0192,0.1038,0.5881,1.377,2.0165,5.15,5.15,61.21,58.05,58.05,14.6,11.65,0.798,102.2,97.3,22.1,47.8,124.5,13.6,25.7,118.2,5.8,115.3,42.0,42.0
1306,laissez,0.5249,4.8811,0.4663,0.3682,5.3078,0.5301,-0.152,0.3259,0.9726,1.9916,3.011,11.09,11.09,56.04,49.83,49.83,43.26,17.08,0.395,82.5,84.0,28.4,32.8,123.7,18.3,29.2,105.0,8.1,125.9,84.0,84.0
1307,laissez,0.4511,6.1729,1.6626,0.5655,6.7431,0.683,-0.2522,0.3637,1.3356,6.2607,3.6889,6.2,6.2,60.67,56.91,56.91,31.08,24.9,0.801,102.4,100.5,24.4,42.3,132.8,12.8,22.5,101.4,5.8,109.4,46.8,46.8
1308,laissez,0.4242,3.0795,0.529,0.9973,10.8917,0.8171,0.1452,0.1714,1.0704,7.2159,2.6879,4.83,4.83,61.76,58.77,58.77,17.24,16.32,0.947,105.9,100.0,22.0,48.2,129.3,12.9,24.9,119.0,5.3,109.8,38.7,38.7
1309,laissez,0.4246,6.3627,0.8429,0.4288,8.0562,0.5719,0.1981,0.4969,0.686,2.2784,4.4151,6.71,6.71,59.73,55.72,55.72,21.3,11.76,0.552,103.1,99.8,23.5,44.5,124.3,12.9,22.2,99.6,6.3,117.7,49.7,49.7
1310,laissez,0.5753,5.4582,1.2507,0.2213,15.217,0.4105,0.1616,0.636,1.0702,2.801,2.3093,7.53,7.53,58.81,54.38,54.38,19.67,6.34,0.322,100.0,98.6,23.9,43.6,117.9,13.3,21.3,91.9,7.1,125.9,54.7,54.7
1311,laissez,0.3007,3.9431,1.6044,1.1536,3.4926,0.2203,0.4485,0.732,1.18,2.7165,3.7186,4.13,4.46,62.62,60.03,59.0,26.86,29.5,1.098,125.6,118.6,22.0,48.2,142.2,9.2,17.9,92.4,4.2,97.4,28.8,35.4
1312,laissez,0.4448,5.0401,1.5768,0.7423,19.6105,0.3592,0.5185,0.7414,1.3816,5.9559,4.907,5.33,5.33,60.92,57.68,57.68,10.8,6.78,0.628,112.3,108.8,21.5,49.3,120.8,10.9,19.0,89.8,6.0,118.6,38.2,38.2
1313,laissez,0.5572,7.2889,1.0186,0.8674,18.5715,0.4572,0.4498,0.9366,1.0618,8.5427,2.1845,5.39,5.39,60.99,57.7,57.7,12.83,8.88,0.692,115.5,112.3,21.8,48.7,122.8,10.2,17.8,84.1,5.9,116.5,37.3,37.3
1314,laissez,0.3877,4.5312,1.7031,0.6134,12.7853,0.7117,-0.0941,0.8714,1.1849,2.8832,5.0533,4.93,4.93,61.58,58.55,58.55,15.61,14.05,0.9,114.9,112.9,22.1,48.0,125.7,10.1,17.9,84.5,5.7,113.7,35.3,35.3
1315,laissez,0.3867,4.2992,1.4183,0.4667,6.8209,0.8597,0.4627,0.537,1.491,1.2392,8.0103,6.88,6.88,59.49,55.39,55.39,22.43,11.98,0.534,106.1,101.9,23.4,44.8,125.3,12.4,21.3,96.4,6.2,116.6,50.0,50.0
1316,laissez,0.3235,3.4845,1.7681,0.2776,6.8609,0.7853,-0.2886,0.7645,0.6672,5.9263,6.7944,5.52,5.52,61.13,57.76,57.76,23.25,19.47,0.837,110.1,109.0,23.2,45.3,128.8,10.9,19.1,87.8,5.7,111.9,40.6,40.6
1317,laissez,0.4662,3.9113,0.6056,1.1059,3.5677,0.7723,0.1578,0.9832,0.6356,6.1556,0.7266,4.26,4.43,62.57,59.9,58.97,43.59,45.85,1.052,134.4,129.3,24.0,43.4,159.7,7.7,15.3,78.3,3.6,86.2,27.9,35.3
1318,laissez,0.5499,3.6739,1.0671,0.9103,8.2377,0.7298,0.4353,0.84,0.9103,1.2316,2.0632,6.27,6.27,60.48,56.69,56.69,28.27,21.46,0.759,117.5,112.8,23.4,44.7,135.1,10.1,17.9,84.9,5.4,106.2,42.2,42.2
1319,laissez,0.3912,7.276,0.4236,0.6528,12.5892,0.4333,0.3895,0.4046,1.3537,8.5452,1.5489,5.44,5.44,60.8,57.49,57.49,12.79,8.24,0.644,106.2,101.5,21.9,48.4,122.0,12.5,22.4,105.2,6.0,117.8,41.6,41.6
1320,laissez,0.3012,5.2776,1.6358,0.8997,3.1076,0.3353,-0.2861,0.0565,0.8796,3.3997,1.1802,5.29,5.29,61.47,58.22,58.22,29.86,27.39,0.917,100.4,97.0,24.9,41.2,137.3,13.7,25.5,116.5,5.5,105.8,44.8,44.8
1321,laissez,0.4368,4.663,0.6944,0.4939,13.7372,0.3407,0.3163,0.6871,1.1694,7.7885,7.8682,6.2,6.2,60.12,56.39,56.39,15.31,7.66,0.5,108.0,105.2,22.6,46.7,120.9,11.7,19.8,90.0,6.4,120.2,44.5,44.5
1322,laissez,0.3937,3.7535,0.8616,0.5249,3.462,0.7939,0.1926,0.8064,1.4716,5.2339,0.4654,7.6,7.6,59.04,54.55,54.55,37.29,24.47,0.656,109.5,107.1,25.2,40.5,136.1,11.3,19.2,85.0,5.9,108.2,53.9,53.9
1323,laissez,0.5814,4.6535,0.3749,1.1296,8.5205,0.3337,0.3952,0.7885,0.6282,1.4528,2.9461,5.75,5.75,61.14,57.62,57.62,28.5,24.31,0.853,118.9,113.5,23.2,45.3,137.6,10.0,18.3,88.4,5.1,103.1,38.6,38.6
1324,laissez,0.4143,4.3391,1.783,0.5133,10.2614,0.8321,-0.0602,0.3311,1.3059,1.7374,3.069,5.34,5.34,61.29,58.02,58.02,20.52,17.46,0.851,106.1,102.3,22.6,46.7,128.1,12.3,22.5,105.2,5.6,111.8,40.9,40.9
1325,laissez,0.5775,7.4824,0.6191,0.4467,17.3845,0.8423,-0.1532,0.0432,1.0024,1.1515,7.7146,6.24,6.24,60.1,56.36,56.36,16.55,8.8,0.532,94.8,91.1,23.0,45.8,120.2,15.5,29.2,122.3,6.5,121.5,51.2,51.2
1326,laissez,0.4219,7.8391,1.3797,0.4391,10.8676,0.3462,0.2922,0.8484,0.6143,1.9113,4.4401,6.08,6.08,60.17,56.51,56.51,16.14,8.85,0.548,110.5,108.2,22.7,46.4,122.1,11.0,18.6,85.1,6.3,119.1,43.7,43.7
1327,laissez,0.3315,5.1516,0.8523,0.8016,12.578,0.2314,-0.2055,0.0087,0.9242,7.9196,3.0396,5.41,5.41,60.86,57.57,57.57,13.56,9.24,0.681,98.2,94.4,22.8,46.3,121.4,14.5,26.6,118.5,6.3,119.6,45.2,45.2
1328,laissez,0.2993,5.092,0.8702,0.8236,12.195,0.8046,0.0874,0.2467,1.4187,6.5567,3.737,4.56,4.56,61.82,59.0,58.99,10.68,10.41,0.975,107.7,102.8,21.3,49.9,123.8,12.2,22.8,109.5,5.5,114.6,36.2,36.2
1329,laissez,0.3906,2.9213,0.9979,1.0272,13.1389,0.7194,-0.2273,0.8596,0.8143,6.1776,0.2439,4.19,4.34,62.4,59.78,59.06,14.97,16.92,1.13,118.7,116.6,21.9,48.4,129.4,9.5,17.3,84.1,5.2,109.3,30.5,35.0
1330,laissez,0.3721,2.9753,1.1238,0.9914,6.6264,0.883,-0.1602,0.2756,1.0054,9.5489,5.755,3.74,4.29,62.94,60.58,59.08,24.5,28.69,1.171,113.8,108.7,22.5,47.0,140.8,10.9,21.9,108.6,4.5,99.1,30.6,35.3
1331,laissez,0.452,4.9109,0.9445,0.7994,7.5353,0.449,0.4616,0.422,1.3419,4.4455,4.6227,6.34,6.34,60.23,56.41,56.41,24.25,16.66,0.687,109.3,103.8,23.2,45.3,130.2,12.0,21.3,99.6,5.7,110.8,45.8,45.8
1332,laissez,0.2665,4.3023,0.948,1.1606,4.705,0.3645,-0.279,0.1662,0.8624,8.9379,5.0022,4.04,4.44,62.55,60.02,58.88,19.83,22.45,1.132,106.1,101.5,23.0,45.6,134.5,12.5,24.0,116.7,5.1,106.0,35.9,37.6
1333,laissez,0.4201,7.578,0.4458,0.9385,17.4318,0.384,0.5805,0.544,1.3218,8.512,2.0488,5.01,5.01,61.27,58.2,58.2,10.08,7.53,0.747,111.9,107.4,21.3,49.9,121.6,11.2,20.0,95.8,5.8,117.3,36.8,36.8
1334,laissez,0.483,6.5137,0.3521,0.6527,19.2785,0.76,0.0091,0.6684,1.4818,2.7429,4.1041,5.59,5.59,60.72,57.32,57.32,13.06,8.04,0.616,106.6,103.9,22.2,47.7,120.2,11.9,20.7,95.1,6.3,120.2,41.7,41.7
1335,laissez,0.5073,7.9467,0.4254,0.9757,9.4364,0.4487,0.0149,0.2504,1.0221,6.6586,4.0133,5.77,5.77,60.87,57.36,57.36,21.87,16.95,0.775,102.6,98.5,23.6,44.2,128.9,13.3,23.8,110.4,5.9,112.4,45.0,45.0
1336,laissez,0.4285,2.6287,1.8594,0.9515,7.8309,0.2691,0.2893,0.1342,1.0134,3.2013,2.4583,5.14,5.14,61.55,58.38,58.38,24.96,22.94,0.919,108.0,101.4,22.9,45.9,135.5,12.5,23.8,115.9,5.1,104.8,40.2,40.2
1337,laissez,0.4662,5.1996,0.9219,0.7858,4.108,0.7771,0.0453,0.7896,1.4217,2.0306,9.2633,6.61,6.61,60.37,56.38,56.38,39.29,31.59,0.804,113.1,110.6,25.2,40.5,143.3,10.5,18.7,85.8,5.3,100.9,46.2,46.2
1338,laissez,0.5535,6.1688,0.7607,0.8702,7.3534,0.5645,-0.0554,0.8952,1.4389,9.3526,4.1604,6.39,6.39,60.41,56.55,56.55,31.78,24.58,0.773,111.1,110.1,24.9,41.1,135.0,10.6,18.1,82.1,5.8,108.1,45.4,45.4
1339,laissez,0.4697,3.652,0.3669,1.004,5.8552,0.3394,0.0792,0.5047,1.218,2.6443,7.8829,6.15,6.15,60.63,56.9,56.9,32.05,25.84,0.806,107.0,103.3,24.9,41.2,137.9,12.1,21.5,99.7,5.5,105.4,46.6,46.6
1340,laissez,0.3733,7.1303,0.5894,0.205,3.6887,0.5854,0.4558,0.7661,0.8465,1.846,6.7819,8.61,8.61,57.51,52.56,52.56,28.02,9.59,0.342,101.6,99.0,24.9,41.2,122.0,13.2,20.7,88.0,7.1,123.5,62.6,62.6
1341,laissez,0.4085,5.4225,0.8352,1.0535,6.0726,0.6993,-0.1366,0.4272,0.7918,9.6564,5.1402,4.16,4.29,62.63,60.02,59.02,26.59,29.18,1.097,113.9,109.6,23.3,45.1,141.4,10.7,20.8,101.9,4.6,99.5,33.0,35.5
1342,laissez,0.5446,7.4063,1.1566,0.6315,4.4996,0.8897,0.1777,0.7523,1.1262,4.1169,2.6035,7.24,7.24,59.7,55.38,55.38,38.86,28.34,0.729,112.5,109.2,25.2,40.6,141.7,10.8,18.8,85.3,5.4,102.4,49.5,49.5
1343,laissez,0.367,3.2611,0.6104,0.955,8.1553,0.2591,0.4955,0.4707,1.1174,1.3619,4.7288,5.34,5.34,61.17,57.9,57.9,19.15,15.77,0.823,111.3,105.4,22.1,47.8,129.2,11.6,21.3,102.9,5.4,110.3,39.5,39.5
1344,laissez,0.3959,4.3055,0.6722,0.7868,4.4101,0.3652,0.4942,0.5809,0.6972,4.079,3.5609,6.53,6.53,60.02,56.1,56.1,29.48,21.03,0.713,111.7,105.8,23.7,44.1,134.5,11.5,20.5,96.5,5.5,107.4,46.9,46.9
1345,laissez,0.2847,7.7368,1.0578,0.8245,4.5386,0.4334,0.0333,0.478,0.6842,5.2219,4.915,5.05,5.05,61.39,58.29,58.29,19.39,17.13,0.883,109.4,105.6,23.0,45.7,129.9,11.6,20.9,99.1,5.6,110.7,39.5,39.5
1346,laissez,0.3547,6.0422,1.4736,0.2701,4.9257,0.4786,-0.0636,0.737,0.7107,2.1019,3.7934,7.55,7.55,58.81,54.37,54.37,27.41,14.08,0.514,100.4,100.2,25.2,40.5,124.3,12.8,20.6,88.1,6.9,120.5,56.5,56.5
1347,laissez,0.5911,6.3587,0.6768,0.2436,14.4345,0.8814,-0.1928,0.1278,0.6228,5.9991,4.2927,6.94,6.94,59.52,55.39,55.39,19.92,9.45,0.474,92.9,90.0,23.7,44.0,120.7,15.9,29.4,119.7,6.8,122.0,55.8,55.8
1348,laissez,0.5951,4.34,0.6623,0.429,16.6375,0.2833,0.5902,0.3713,0.9422,6.8417,1.5461,7.14,7.14,59.16,54.93,54.93,16.99,5.21,0.307,100.7,96.3,23.1,45.6,119.4,13.9,23.4,104.6,6.7,122.9,52.5,52.5
1349,laissez,0.2519,5.6595,0.88,0.5081,17.7421,0.4676,0.4236,0.5316,0.6184,3.1969,4.653,4.82,4.82,61.19,58.25,58.25,6.33,3.93,0.621,109.5,105.8,21.0,50.6,118.2,11.5,20.5,96.8,6.0,120.9,36.6,36.6
1350,laissez,0.422,2.1028,1.1895,0.4288,9.0356,0.6431,0.1283,0.7268,0.7205,5.8263,5.0496,6.51,6.51,59.91,56.0,56.0,22.72,13.98,0.615,107.7,105.6,23.6,44.3,126.2,11.6,19.8,88.9,6.2,115.7,47.4,47.4
1351,laissez,0.3064,2.3795,1.2658,1.0163,12.786,0.6235,0.2926,0.2584,0.7301,5.9126,0.7604,4.31,4.32,62.2,59.52,59.05,11.88,13.08,1.101,110.3,104.6,21.0,50.5,126.3,11.8,22.5,110.4,5.2,111.5,33.7,35.4
1352,laissez,0.3544,7.3306,1.7395,1.0599,19.0636,0.6271,0.5009,0.1405,0.6159,5.3486,2.506,4.52,4.52,61.78,58.99,58.99,8.06,7.76,0.963,106.9,101.1,20.8,51.0,121.6,12.6,23.6,114.4,5.6,116.4,35.7,35.7
1353,laissez,0.3212,5.6301,1.4683,0.6772,4.4664,0.4704,-0.2372,0.6586,1.4634,1.7408,6.2275,6.07,6.07,60.51,56.84,56.84,27.9,21.53,0.772,106.8,106.1,24.5,42.1,130.1,11.5,19.4,87.4,6.1,112.7,45.8,45.8
1354,laissez,0.4383,2.7254,1.9485,0.4071,3.9463,0.6141,0.1788,0.1392,0.9538,1.7575,5.7963,7.84,7.84,58.92,54.3,54.3,42.68,29.14,0.683,99.7,95.2,25.7,39.4,139.6,14.2,25.9,111.6,5.8,105.5,59.4,59.4
1355,laissez,0.4866,2.8514,1.3203,0.7456,3.0076,0.3388,0.4611,0.5703,1.4292,9.4865,1.9421,8.99,8.99,58.02,52.81,52.81,50.1,32.34,0.646,109.9,103.6,26.5,37.5,147.5,12.0,20.6,92.1,5.5,100.0,61.3,61.3
1356,laissez,0.3372,5.9554,1.9321,0.9501,10.9323,0.8907,0.4175,0.9065,0.6649,2.1104,0.2825,4.67,4.67,61.8,58.92,58.92,13.15,12.63,0.96,118.9,115.1,21.2,49.9,125.7,9.7,17.5,85.5,5.4,112.6,32.5,35.0
1357,laissez,0.5938,4.5518,0.5523,1.0613,12.1035,0.843,-0.196,0.4693,1.1299,1.8714,2.3455,5.29,5.29,61.56,58.3,58.3,24.68,22.42,0.908,108.0,104.8,23.3,45.0,132.9,11.7,21.7,101.3,5.4,107.5,39.6,39.6
1358,laissez,0.2546,2.5214,1.6842,0.7533,15.7177,0.8147,0.2802,0.236,0.7644,1.3639,3.3403,4.51,4.51,61.78,59.0,59.0,8.28,7.99,0.965,106.9,101.7,20.8,50.9,121.5,12.5,23.2,112.0,5.6,116.7,35.8,35.8
1359,laissez,0.5813,3.4787,1.8961,0.9058,6.6746,0.5329,-0.0557,0.2232,0.675,4.8936,4.7583,6.01,6.01,60.95,57.29,57.29,39.18,34.05,0.869,104.6,100.7,25.4,40.0,144.8,12.7,23.4,108.6,5.2,99.6,46.5,46.5
1360,laissez,0.5303,6.9207,1.0877,0.4334,3.4249,0.684,-0.2435,0.3061,1.4499,5.0431,5.9814,10.46,10.46,56.6,50.68,50.68,54.38,30.65,0.564,86.6,88.6,28.9,31.7,135.4,16.4,26.3,99.5,7.1,114.4,80.0,80.0
1361,laissez,0.2902,4.0617,0.74,1.0042,16.8587,0.6523,0.1192,0.914,0.8627,1.4698,6.5412,4.32,4.32,62.0,59.32,59.05,8.02,8.65,1.079,117.8,115.1,20.9,50.8,122.4,9.7,17.4,84.5,5.6,115.7,30.9,35.0
1362,laissez,0.5359,6.2828,1.7288,0.4306,4.94,0.2498,0.4541,0.9177,1.1221,5.7425,8.8496,9.19,9.19,57.62,52.32,52.32,36.64,17.52,0.478,107.3,104.4,25.7,39.4,130.7,11.8,18.7,80.4,6.6,114.4,61.9,61.9
1363,laissez,0.3187,2.481,1.5911,0.25,7.6373,0.7052,0.0739,0.2933,0.5451,1.0559,1.4835,6.21,6.21,60.15,56.42,56.42,19.95,12.39,0.621,101.4,97.8,23.1,45.4,124.1,13.5,23.8,107.4,6.2,117.4,48.1,48.1
1364,laissez,0.5128,2.9473,1.2346,0.999,5.5514,0.7563,0.5763,0.5773,1.2619,7.2756,4.0249,6.97,6.97,59.83,55.66,55.66,35.8,26.09,0.729,114.4,107.2,24.2,42.9,140.2,11.2,20.0,95.2,5.2,102.7,47.9,47.9
1365,laissez,0.5797,3.5183,0.8172,0.8368,13.4767,0.3695,0.204,0.7981,0.5999,1.7467,5.0896,6.13,6.13,60.45,56.74,56.74,20.42,13.75,0.673,111.4,108.9,23.3,45.0,127.0,10.9,18.6,85.7,6.0,114.1,43.2,43.2
1366,laissez,0.4316,5.142,1.4608,0.2963,15.0883,0.2761,-0.1531,0.1616,0.5893,3.1347,3.9111,6.39,6.39,59.78,55.96,55.96,15.03,6.17,0.411,95.0,92.2,23.5,44.6,118.4,15.2,26.6,114.0,6.9,124.4,52.1,52.1
1367,laissez,0.3939,2.6197,1.4907,0.5507,6.4046,0.8772,0.2128,0.5608,0.615,3.4188,6.111,6.16,6.16,60.47,56.74,56.74,26.99,20.33,0.753,110.6,106.7,23.4,44.7,132.5,11.3,20.3,94.1,5.6,108.8,44.6,44.6
1368,laissez,0.3262,5.5427,1.8876,0.921,8.4299,0.5893,0.1085,0.4057,0.5689,2.5346,3.0192,4.43,4.43,62.19,59.43,59.04,16.76,17.7,1.056,112.6,107.8,21.7,48.8,129.8,11.1,20.9,101.9,5.1,108.8,34.0,35.3
1369,laissez,0.456,3.7517,0.806,0.3005,12.5102,0.2072,0.4026,0.7485,0.5118,7.5208,1.7356,7.07,7.07,59.21,55.02,55.02,17.49,5.96,0.341,105.2,102.8,23.3,45.0,119.5,12.2,20.0,88.5,6.8,123.1,50.5,50.5
1370,laissez,0.4756,3.5558,0.4679,0.911,10.7272,0.733,-0.1857,0.0616,1.2904,2.0948,3.9278,5.82,5.82,60.82,57.28,57.28,23.21,18.07,0.779,97.6,93.5,23.6,44.4,128.4,14.7,28.7,123.8,5.9,112.9,47.9,47.9
1371,laissez,0.484,3.9931,1.4499,0.3181,6.6952,0.7197,0.5885,0.682,0.7546,8.5589,4.3534,9.14,9.14,57.33,52.09,52.09,28.21,8.43,0.299,101.2,97.9,25.0,41.0,122.2,13.5,21.0,89.3,7.2,123.0,63.9,63.9
1372,laissez,0.4963,2.6144,1.8359,0.8766,9.2721,0.7576,0.1556,0.9503,1.268,1.8049,5.3691,4.79,4.79,62.05,59.07,59.06,27.35,27.27,0.997,124.1,120.7,22.5,46.9,138.4,8.9,16.4,80.5,4.7,101.4,31.9,35.0
1373,laissez,0.264,3.0928,0.9369,0.8071,9.6795,0.4571,0.2341,0.5869,1.3525,1.468,1.4163,4.76,4.76,61.56,58.63,58.63,11.85,10.52,0.888,112.3,108.4,21.5,49.3,124.0,11.0,19.8,95.1,5.6,114.9,35.7,35.7
1374,laissez,0.2543,7.6194,1.309,0.8598,3.287,0.3954,-0.1152,0.2511,1.1484,6.3471,3.8483,4.92,4.92,61.63,58.6,58.6,21.13,19.73,0.934,105.0,100.8,23.3,45.0,131.4,12.7,23.3,110.7,5.5,109.6,40.6,40.6
1375,laissez,0.2704,2.3032,1.0584,0.7469,5.0276,0.8316,-0.0446,0.8475,0.5965,9.9479,2.726,4.61,4.62,62.0,59.14,58.9,20.61,20.75,1.007,118.8,116.2,22.5,47.0,133.2,9.5,17.6,84.6,5.1,106.5,33.5,35.8
1376,laissez,0.4138,3.6248,1.512,0.5248,7.6761,0.7666,-0.2203,0.2571,1.4635,3.6525,4.0494,5.94,5.94,60.8,57.19,57.19,28.21,22.82,0.809,102.5,99.8,23.9,43.7,131.4,13.0,23.4,106.2,5.8,110.3,45.9,45.9
1377,laissez,0.3017,2.0125,0.476,0.9255,7.6671,0.5056,0.372,0.4367,1.3645,2.9927,7.9448,5.0,5.0,61.53,58.46,58.46,16.95,15.14,0.893,111.5,106.1,21.8,48.5,128.3,11.5,21.3,102.9,5.4,110.7,37.3,37.3
1378,laissez,0.2547,2.9737,0.9704,0.3447,14.3987,0.2492,0.5073,0.6267,0.543,2.6433,3.7997,5.25,5.25,60.73,57.54,57.54,8.35,3.96,0.474,110.0,106.8,21.4,49.6,118.2,11.3,19.6,91.7,6.2,121.7,39.1,39.1
1379,laissez,0.5008,3.5106,0.6995,0.6445,4.1579,0.4259,0.2685,0.7016,1.1388,1.1098,5.2048,8.82,8.82,58.17,53.04,53.04,42.57,25.46,0.598,104.5,101.4,26.4,37.7,138.0,12.5,20.8,90.1,6.2,107.9,61.1,61.1
1380,laissez,0.4794,5.5039,1.6035,0.2748,4.1586,0.373,0.0618,0.9242,0.6587,1.7974,3.2515,10.5,10.5,56.4,50.48,50.48,41.66,17.33,0.416,94.9,96.7,27.9,34.0,127.1,13.8,20.2,79.8,7.6,121.5,74.4,74.4
1381,laissez,0.5964,6.2571,1.6096,0.8069,6.7595,0.4529,0.5578,0.1106,0.508,8.574,1.3902,7.53,7.53,59.13,54.67,54.67,31.78,19.28,0.607,101.8,94.4,24.3,42.5,133.3,14.5,26.6,118.2,5.9,109.6,55.9,55.9
1382,laissez,0.4842,4.5064,1.4167,1.081,5.544,0.2689,0.2726,0.321,0.9041,6.8893,5.9718,5.66,5.66,61.33,57.86,57.86,34.26,30.75,0.898,111.0,104.3,24.2,42.9,144.1,11.9,22.4,109.1,4.8,98.6,41.6,41.6
1383,laissez,0.291,3.7654,1.9819,0.511,12.5191,0.3666,0.2796,0.8123,0.7311,2.5973,3.4036,5.07,5.07,61.13,58.03,58.03,11.06,8.06,0.729,114.5,112.0,21.6,49.1,121.4,10.3,17.9,84.5,5.9,118.0,36.5,36.5
1384,laissez,0.5848,3.8676,1.5485,0.3103,3.6797,0.7741,0.2791,0.3983,1.0661,4.8107,8.2883,12.34,12.34,55.12,48.32,48.32,57.02,26.59,0.466,90.8,88.8,28.6,32.4,137.6,16.3,26.0,99.1,7.0,112.1,86.5,86.5
1385,laissez,0.3036,3.2789,1.2578,0.8638,5.8689,0.2487,-0.1348,0.2243,0.5632,2.76,3.9822,5.32,5.32,61.13,57.88,57.88,21.31,17.87,0.839,101.9,98.2,23.8,43.7,130.0,13.4,24.1,112.0,5.8,111.8,44.2,44.2
1386,laissez,0.5549,3.0836,1.3324,0.5025,18.9595,0.8056,-0.1966,0.6472,0.5345,2.2881,8.8926,5.41,5.41,61.16,57.86,57.86,16.61,13.08,0.787,109.5,107.5,22.5,46.9,125.0,11.2,19.7,91.0,5.9,114.9,39.4,39.4
1387,laissez,0.5448,5.8184,1.9084,0.8627,17.5727,0.2324,0.4018,0.265,1.0448,2.8498,4.2667,5.37,5.37,61.08,57.8,57.8,14.33,10.66,0.744,106.7,101.5,21.9,48.3,124.1,12.5,22.7,107.8,5.8,115.2,40.6,40.6
1388,laissez,0.456,5.8253,1.8228,0.381,9.6886,0.3096,0.0851,0.8393,1.4652,8.0787,2.9982,7.59,7.59,58.91,54.44,54.44,23.83,10.67,0.448,103.0,102.7,24.4,42.3,120.5,12.2,19.3,83.4,7.0,123.5,54.0,54.0
1389,laissez,0.267,5.2537,0.5888,1.175,4.658,0.7343,0.498,0.0636,1.1095,1.0246,3.6425,4.51,4.51,62.2,59.4,58.97,19.05,19.89,1.044,110.3,102.3,21.5,49.2,133.0,12.3,24.3,121.6,4.8,105.4,35.4,36.3
1390,laissez,0.2805,2.5968,1.296,0.7719,4.9098,0.5226,0.2492,0.3834,1.3582,4.4804,2.1205,5.03,5.03,61.5,58.41,58.41,21.25,19.32,0.909,110.9,105.4,22.4,47.2,132.0,11.6,21.8,104.9,5.2,107.7,38.5,38.5
1391,laissez,0.2977,7.0082,1.5191,0.5481,4.1345,0.6517,0.0574,0.2277,0.9368,3.2089,0.5129,5.62,5.62,60.99,57.57,57.57,22.98,18.66,0.812,105.1,100.7,23.2,45.3,130.3,12.7,23.2,108.1,5.6,110.5,43.3,43.3
1392,laissez,0.3414,7.2323,0.5048,1.1587,4.1905,0.2159,0.599,0.4915,0.9158,7.0566,6.1127,4.86,4.86,61.81,58.81,58.81,23.74,22.93,0.966,117.8,110.0,22.1,48.0,136.3,10.7,20.4,102.7,4.8,103.0,35.1,36.1
1393,laissez,0.3818,4.0791,0.8289,0.2818,4.051,0.2429,0.0482,0.6888,1.2788,2.5983,2.5633,10.12,10.12,56.05,50.38,50.38,37.45,12.9,0.344,90.2,91.8,27.5,35.1,120.2,15.3,22.2,86.9,8.1,129.8,77.9,77.9
1394,laissez,0.3889,4.6941,1.5941,1.1673,17.9863,0.2344,0.5969,0.4804,1.0246,1.7665,7.3283,4.65,4.65,61.7,58.83,58.83,10.4,9.65,0.928,112.9,107.8,21.0,50.5,123.5,11.1,20.3,99.0,5.5,114.7,34.5,35.1
1395,laissez,0.4814,3.5146,1.6417,1.1292,16.4824,0.3482,0.227,0.5644,1.3541,2.2246,4.6605,4.71,4.71,61.82,58.91,58.91,14.97,14.43,0.964,113.6,109.3,21.8,48.6,127.5,10.8,19.7,95.7,5.4,111.3,34.8,35.2
1396,laissez,0.2754,6.4581,1.8248,0.452,7.8264,0.5088,-0.1809,0.9005,1.3726,8.2229,6.433,5.51,5.51,60.79,57.45,57.45,16.63,11.97,0.72,110.4,109.4,22.7,46.4,122.5,10.8,18.3,83.7,6.2,118.5,40.8,40.8
1397,laissez,0.2755,3.2278,0.9678,0.617,14.6404,0.8048,0.2712,0.0349,1.3399,5.9244,5.8798,4.87,4.87,61.32,58.34,58.34,8.92,6.77,0.759,103.1,97.7,21.2,50.0,120.6,13.5,25.4,118.5,5.9,118.3,39.5,39.5
1398,laissez,0.3683,6.5005,0.9246,0.5743,17.4517,0.3434,0.532,0.153,0.7599,2.2657,1.813,5.23,5.23,60.86,57.68,57.68,9.36,5.35,0.572,102.1,96.6,21.4,49.5,119.6,13.8,25.7,118.4,6.1,120.1,42.1,42.1
1399,laissez,0.4325,3.4945,1.874,0.6647,3.1849,0.7177,0.4009,0.9762,0.5267,1.5808,3.068,7.59,7.59,59.13,54.65,54.65,43.08,30.52,0.708,117.5,113.0,25.3,40.4,143.5,10.1,17.4,79.7,5.3,101.6,51.8,51.8
1400,laissez,0.3079,5.3241,1.7362,1.0385,4.6847,0.7459,0.3857,0.5859,0.9225,4.2126,1.4068,4.45,4.45,62.25,59.48,58.98,22.88,23.96,1.047,119.7,113.5,21.9,48.5,136.3,10.0,19.2,96.2,4.7,102.6,31.9,35.3
1401,laissez,0.5061,4.6518,0.3743,0.36,6.7056,0.5989,-0.1463,0.2784,0.9872,7.7412,3.3184,9.42,9.42,57.22,51.83,51.83,35.24,14.72,0.418,85.8,85.6,26.8,36.6,122.6,17.6,30.0,111.7,7.6,125.0,74.4,74.4
1402,laissez,0.4662,2.1355,0.3714,0.5532,12.9398,0.7941,-0.064,0.2555,1.0845,4.7081,1.8828,6.65,6.65,59.82,55.84,55.84,21.03,11.83,0.563,97.3,94.3,23.6,44.3,122.6,14.5,25.9,112.1,6.5,119.7,51.9,51.9
1403,laissez,0.3612,2.8279,1.5542,0.5925,5.3805,0.4062,0.3055,0.8417,0.6543,4.276,8.479,6.21,6.21,60.29,56.54,56.54,25.91,18.7,0.722,114.8,111.6,23.5,44.6,131.3,10.3,17.9,83.3,5.7,110.2,43.8,43.8
1404,laissez,0.523,2.9324,0.7564,0.8181,15.5463,0.7485,-0.1361,0.0599,1.2325,7.527,1.753,5.8,5.8,60.81,57.28,57.28,19.48,14.34,0.736,98.3,94.2,23.0,45.6,125.5,14.5,27.8,121.4,6.0,115.2,46.7,46.7
1405,laissez,0.3979,3.4413,0.7014,1.0209,4.391,0.4342,-0.0502,0.0214,0.5607,2.0021,3.0412,4.97,4.99,61.65,58.59,58.49,32.73,31.31,0.957,102.5,96.9,24.8,41.5,144.0,13.7,27.8,127.0,4.9,99.8,43.7,43.7
1406,laissez,0.5759,5.1889,1.1088,0.6757,5.4646,0.8692,-0.2503,0.922,1.1607,4.5354,7.0802,6.31,6.31,60.58,56.75,56.75,43.67,37.05,0.848,112.9,113.4,25.8,39.1,146.4,10.0,17.8,79.6,5.2,99.0,45.5,45.5
1407,laissez,0.2812,4.7951,1.6969,0.7712,6.2117,0.5774,-0.2214,0.3001,0.7022,1.4077,5.4624,4.54,4.54,62.12,59.3,58.99,19.06,19.64,1.03,106.8,102.7,22.6,46.8,130.9,12.2,23.0,110.1,5.3,108.7,36.9,36.9
1408,laissez,0.4197,2.6747,0.8706,0.3102,10.0412,0.5715,-0.1262,0.2099,1.2149,8.8433,3.1294,7.69,7.69,58.77,54.24,54.24,24.21,10.5,0.434,93.1,91.6,24.7,41.8,119.8,15.4,25.8,107.2,7.2,124.7,59.9,59.9
1409,laissez,0.2628,6.0342,1.2494,0.6987,8.0483,0.6683,0.5454,0.5432,0.8437,9.5244,3.4243,5.17,5.17,60.98,57.83,57.83,12.01,8.44,0.703,109.2,104.3,21.6,49.2,122.3,11.9,21.3,101.1,5.8,117.2,39.6,39.6
1410,laissez,0.3536,4.1131,1.6793,0.7486,11.9398,0.3413,0.3882,0.805,0.9251,1.3287,3.0003,5.07,5.07,61.31,58.2,58.2,13.79,11.26,0.817,116.4,113.0,21.6,49.0,124.5,10.1,17.9,85.5,5.6,114.6,35.8,35.8
1411,laissez,0.5176,5.7898,1.0964,0.3725,4.891,0.2514,0.5058,0.1115,1.2505,1.7211,1.859,10.1,10.1,56.63,50.91,50.91,35.82,12.73,0.355,91.0,86.1,26.1,38.4,125.7,17.4,30.1,116.0,7.2,120.7,75.4,75.4
1412,laissez,0.5387,2.1669,1.3888,1.1211,3.9132,0.2927,0.0179,0.4779,0.6619,1.5758,5.5877,6.76,6.76,60.3,56.22,56.22,51.7,43.57,0.843,107.3,103.9,27.6,34.8,157.6,11.9,21.3,98.3,4.9,92.5,50.6,50.6
1413,laissez,0.41,2.6102,1.0554,0.5213,5.1212,0.4767,0.2335,0.9397,1.0285,1.9525,1.1213,7.16,7.16,59.36,55.11,55.11,30.86,19.61,0.635,112.4,110.6,24.6,41.8,132.1,10.5,17.6,78.8,6.0,111.2,50.2,50.2
1414,laissez,0.5454,6.0222,0.4591,0.2835,12.3526,0.3626,0.3789,0.8992,0.848,1.1586,3.3552,7.54,7.54,58.83,54.39,54.39,20.0,6.71,0.336,106.7,105.2,23.6,44.2,119.6,11.7,18.7,81.7,6.9,123.5,52.2,52.2
1415,laissez,0.5479,7.2063,1.4134,0.8464,5.5142,0.6758,0.4125,0.1867,1.4115,9.3764,2.5825,6.62,6.62,60.26,56.27,56.27,33.35,25.35,0.76,106.7,99.3,24.0,43.3,139.0,13.1,24.3,114.6,5.3,103.4,48.5,48.5
1416,laissez,0.2829,6.281,1.0566,1.1285,9.3405,0.4666,0.2344,0.0766,1.2802,1.1154,9.3834,4.19,4.28,62.29,59.68,59.03,12.01,13.66,1.137,108.0,101.8,21.1,50.2,127.0,12.5,24.0,118.3,5.2,110.9,34.3,35.7
1417,laissez,0.3596,6.2681,1.4928,0.29,11.8193,0.6396,0.516,0.9193,1.2209,2.0666,3.7148,6.19,6.19,59.9,56.19,56.19,13.14,4.94,0.376,110.8,108.4,22.3,47.5,118.7,11.0,18.3,83.2,6.5,122.6,43.8,43.8
1418,laissez,0.5231,2.1049,1.3828,0.8896,17.2101,0.7746,0.0284,0.173,0.5838,7.1285,6.7618,4.82,4.82,61.85,58.87,58.87,16.41,15.76,0.96,107.3,102.4,22.0,48.2,128.4,12.3,23.2,111.1,5.4,110.5,37.3,37.3
1419,laissez,0.4501,7.1372,0.3464,0.367,3.0643,0.5325,-0.2874,0.3603,0.6445,5.3341,2.8998,9.79,9.79,56.79,51.23,51.23,43.41,21.25,0.49,84.7,86.3,28.6,32.5,128.7,17.3,28.2,104.8,7.6,121.1,79.1,79.1
1420,laissez,0.5742,4.5102,1.5763,1.0476,17.7414,0.5641,-0.1673,0.2861,1.4788,1.3585,2.6012,4.85,4.85,61.92,58.92,58.92,17.39,16.86,0.97,106.2,102.1,22.4,47.1,128.4,12.4,22.9,109.1,5.5,110.9,37.6,37.6
1421,laissez,0.2709,3.078,0.7537,0.3901,8.869,0.3886,-0.092,0.6365,0.5557,1.8573,1.8688,5.81,5.81,60.28,56.78,56.78,14.21,7.67,0.54,105.0,103.2,23.0,45.8,120.3,12.1,20.5,92.6,6.5,121.6,44.9,44.9
1422,laissez,0.3245,4.6463,1.6666,0.2127,6.2824,0.8666,-0.2878,0.3465,0.7833,1.7108,3.4469,5.65,5.65,60.94,57.49,57.49,23.92,19.39,0.811,103.5,101.0,23.2,45.3,128.4,12.6,22.8,103.9,5.8,112.5,44.2,44.2
1423,laissez,0.5409,4.9865,1.2076,0.3805,10.412,0.516,-0.0466,0.8215,0.5517,1.0027,5.6084,7.43,7.43,59.11,54.71,54.71,24.72,12.33,0.499,104.4,104.7,24.8,41.3,124.0,11.8,18.8,81.2,6.8,119.8,53.0,53.0
1424,laissez,0.2665,5.0016,1.4582,0.8232,5.8662,0.8776,0.4446,0.1082,1.0267,3.0169,3.9013,4.99,4.99,61.47,58.4,58.4,16.44,14.46,0.88,107.4,101.0,21.7,48.7,127.6,12.7,23.8,115.4,5.4,111.3,39.1,39.1
1425,laissez,0.3644,4.2648,0.6159,0.2089,17.6578,0.6282,0.0549,0.1188,1.259,2.0699,7.022,6.03,6.03,60.04,56.42,56.42,12.14,4.58,0.377,97.2,93.5,22.4,47.3,116.9,14.8,26.5,115.5,6.7,124.8,48.6,48.6
1426,laissez,0.5982,7.8729,1.3633,1.1534,3.6054,0.7467,0.1888,0.2285,0.7784,4.4952,4.6907,4.24,4.43,62.56,59.91,59.02,48.41,50.68,1.047,119.9,110.6,24.3,42.6,166.5,10.5,22.3,115.2,3.3,81.8,33.2,35.5
1427,laissez,0.5157,3.3948,1.4469,0.5952,4.2578,0.7665,0.4508,0.1363,1.1463,3.7719,1.1077,9.48,9.48,57.61,52.15,52.15,43.98,24.35,0.554,97.5,91.1,26.3,37.9,138.4,15.5,27.8,115.0,6.2,107.6,68.0,68.0
1428,laissez,0.4313,5.0589,0.5753,0.4586,15.9305,0.2207,0.2709,0.7844,0.9046,2.8108,5.5509,6.15,6.15,60.08,56.38,56.38,13.91,6.24,0.449,108.9,107.0,22.6,46.6,119.5,11.3,18.8,85.2,6.5,121.9,44.2,44.2
1429,laissez,0.2891,7.8222,0.7169,0.3054,8.2168,0.4742,0.2547,0.4223,0.8271,7.6711,5.6452,5.85,5.85,60.21,56.69,56.69,13.6,6.81,0.501,104.6,101.1,22.3,47.3,119.8,12.6,21.8,99.7,6.4,121.3,45.0,45.0
1430,laissez,0.5533,5.8694,1.7044,0.9218,6.591,0.6549,-0.1597,0.5509,1.1579,5.5038,2.2176,4.78,4.78,62.14,59.17,59.01,35.9,36.09,1.005,113.5,110.3,24.4,42.4,146.3,10.6,19.9,95.6,4.7,96.6,36.0,36.0
1431,laissez,0.4342,4.0081,1.7645,0.83,9.6801,0.2003,0.0521,0.6053,0.7174,2.975,2.6348,5.81,5.81,60.67,57.15,57.15,20.8,15.29,0.735,107.2,104.5,23.7,44.2,127.7,11.8,20.4,94.1,6.0,114.0,43.9,43.9
1432,laissez,0.4174,7.982,0.555,0.5363,3.9674,0.6323,-0.2635,0.8951,0.6392,1.3035,8.2556,7.04,7.04,59.55,55.35,55.35,33.55,22.99,0.685,105.0,106.2,25.9,38.8,132.4,11.4,18.7,81.1,6.3,112.6,52.4,52.4
1433,laissez,0.505,7.663,0.8971,0.4288,6.0502,0.2254,-0.2365,0.3823,0.5658,2.8626,7.4166,8.93,8.93,57.6,52.45,52.45,32.31,13.56,0.42,88.5,89.5,27.4,35.2,123.8,16.1,24.7,99.2,7.6,124.1,70.4,70.4
1434,laissez,0.2506,2.7528,1.239,0.8733,4.1276,0.7759,0.3611,0.9765,0.5379,9.6007,3.8694,4.93,4.93,61.68,58.64,58.64,20.13,18.85,0.936,122.5,118.8,22.0,48.1,131.7,9.1,16.5,80.7,5.1,107.4,33.3,35.6
1435,laissez,0.5961,5.9267,0.4314,0.8447,9.2876,0.4359,0.1609,0.4585,0.6614,1.2536,8.3443,6.77,6.77,60.02,55.96,55.96,26.28,17.38,0.661,103.6,99.9,24.3,42.7,130.0,12.9,22.5,102.0,6.1,112.2,49.5,49.5
1436,laissez,0.5271,5.3683,1.3692,0.6202,10.9604,0.568,0.2038,0.4254,1.4368,9.5481,1.712,6.34,6.34,60.41,56.58,56.58,22.52,15.37,0.683,106.7,103.0,23.2,45.2,127.7,12.2,21.4,98.2,5.9,113.2,45.4,45.4
1437,laissez,0.3258,6.6789,1.3086,0.9892,5.7988,0.6912,0.0035,0.4611,1.0462,3.5223,4.0655,4.3,4.36,62.42,59.73,59.01,20.23,22.02,1.088,114.2,109.6,22.3,47.4,134.4,10.7,20.4,100.0,4.9,104.9,33.2,35.6
1438,laissez,0.5827,6.4894,1.7939,0.7799,18.2293,0.8529,0.2712,0.2288,1.246,2.0552,2.7386,5.2,5.2,61.34,58.15,58.15,14.74,12.05,0.818,105.8,100.4,21.8,48.7,125.0,12.8,23.6,112.3,5.7,114.0,39.8,39.8
1439,laissez,0.4259,2.9271,1.6334,0.4345,13.7601,0.6974,0.0116,0.526,1.484,7.1681,3.7544,5.87,5.87,60.57,57.01,57.01,17.73,11.83,0.667,106.2,103.7,22.7,46.4,123.0,12.0,20.8,95.2,6.2,117.8,43.6,43.6
1440,laissez,0.3321,6.6427,1.8027,0.3558,8.6324,0.2973,0.5793,0.5144,0.6847,8.5535,9.0469,6.27,6.27,59.81,56.06,56.06,14.48,5.91,0.408,106.3,102.2,22.4,47.1,119.9,12.3,21.1,96.2,6.4,121.5,46.4,46.4
1441,laissez,0.5297,3.6549,1.8178,1.1686,4.025,0.2344,0.2565,0.802,0.5996,1.0059,3.3231,5.65,5.65,61.35,57.89,57.89,47.5,44.06,0.928,123.3,117.4,25.5,39.8,158.5,9.4,17.5,86.6,4.2,89.0,38.5,38.5
1442,laissez,0.5019,7.3747,1.2015,0.9675,5.2774,0.3519,0.2984,0.1211,1.0888,4.5072,7.4213,5.82,5.82,61.04,57.49,57.49,32.93,28.38,0.862,108.4,101.3,24.0,43.3,142.1,12.6,23.8,114.9,5.0,100.4,43.8,43.8
1443,laissez,0.3348,6.2388,0.5544,1.1208,7.6027,0.4401,0.3103,0.4869,1.2111,1.3542,1.5695,4.49,4.49,62.11,59.32,58.98,16.74,17.37,1.038,113.9,108.2,21.6,49.0,130.4,11.0,20.9,102.8,5.1,108.1,33.8,35.5
1444,laissez,0.4906,7.3473,1.456,0.7706,11.1092,0.581,0.3576,0.8384,0.9184,7.6155,3.526,5.58,5.58,60.98,57.57,57.57,18.38,14.06,0.765,115.8,112.2,22.3,47.4,127.2,10.3,18.0,85.4,5.6,112.5,38.6,38.6
1445,laissez,0.3366,3.0657,0.3318,0.565,5.3896,0.7356,0.235,0.0298,0.6504,1.0641,1.3341,6.33,6.33,60.07,56.27,56.27,23.46,15.49,0.66,97.7,91.9,23.4,44.8,128.1,15.3,30.3,128.5,5.9,113.6,51.7,51.7
1446,laissez,0.3678,5.2746,0.5987,0.9408,9.3175,0.3733,0.5655,0.3079,0.8837,1.8478,1.221,5.28,5.28,61.11,57.89,57.89,15.89,12.47,0.785,109.1,103.1,21.8,48.5,126.1,12.1,22.3,107.0,5.6,113.2,39.9,39.9
1447,laissez,0.2815,4.5921,0.4319,0.7349,6.0677,0.4987,-0.2549,0.1332,1.0434,2.9011,2.4055,5.87,5.87,60.47,56.93,56.93,20.75,14.63,0.705,96.7,93.4,23.8,43.9,125.0,14.8,27.4,118.5,6.3,117.2,49.5,49.5
1448,laissez,0.403,3.1984,1.3169,1.0575,9.8567,0.5819,0.3908,0.0974,1.4304,1.046,1.236,4.74,4.74,61.86,58.93,58.93,18.69,18.21,0.974,108.2,101.1,21.8,48.7,131.2,12.6,24.5,120.0,5.1,107.5,37.5,37.5
1449,laissez,0.2846,6.5472,0.5331,0.288,9.758,0.773,0.1128,0.103,0.5961,2.1117,3.722,5.69,5.69,60.44,57.0,57.0,12.33,6.4,0.519,99.7,95.4,22.1,47.8,119.4,14.2,25.8,115.5,6.3,121.4,45.6,45.6
1450,laissez,0.4424,2.9098,1.2361,0.6697,5.3167,0.4334,-0.1896,0.704,1.4763,3.7699,4.5692,8.05,8.05,58.67,53.95,53.95,40.04,25.53,0.638,99.6,100.8,26.9,36.6,132.5,12.7,20.3,85.4,6.7,113.9,60.0,60.0
1451,laissez,0.3739,3.4928,0.7094,0.416,10.1188,0.4893,0.2839,0.3575,1.1941,5.0168,4.7157,6.4,6.4,59.87,56.04,56.04,17.63,8.99,0.51,101.7,97.8,22.9,46.0,121.6,13.5,23.4,105.9,6.4,119.9,48.8,48.8
1452,laissez,0.3438,7.7294,0.6027,0.735,6.6513,0.559,0.0625,0.6075,0.848,1.2262,4.6299,5.42,5.42,60.95,57.65,57.65,18.56,14.48,0.78,109.8,106.7,22.9,46.0,126.9,11.3,20.0,93.2,5.8,113.8,41.1,41.1
1453,laissez,0.3537,6.5446,0.6434,0.2331,5.2318,0.2304,-0.1823,0.8448,1.3104,1.8685,0.7097,9.29,9.29,57.03,51.73,51.73,30.61,9.84,0.321,92.9,95.7,26.7,37.0,116.7,14.1,20.4,81.2,8.1,132.3,69.7,69.7
1454,laissez,0.5019,5.8584,1.7914,0.9111,10.0373,0.5874,0.3056,0.1597,0.5297,6.4524,3.2601,5.17,5.17,61.59,58.4,58.4,22.25,20.28,0.911,106.9,100.1,22.3,47.4,132.6,12.9,24.9,119.5,5.1,106.7,39.8,39.8
1455,laissez,0.4402,2.2539,1.8618,0.949,15.3707,0.7166,-0.2649,0.4859,1.2343,7.1756,1.9321,3.85,4.15,62.83,60.41,59.1,16.49,20.18,1.224,114.4,110.6,21.6,49.0,131.3,10.5,20.1,98.9,5.0,106.9,29.8,35.1
1456,laissez,0.4125,2.8997,0.3191,0.3588,5.2502,0.6088,0.4743,0.2463,0.8706,5.9892,8.1493,8.85,8.85,57.64,52.54,52.54,30.3,11.8,0.389,96.3,91.9,25.1,40.8,124.7,15.3,25.4,106.7,6.9,120.2,65.3,65.3
1457,laissez,0.3693,5.0242,1.403,0.3261,6.8744,0.7992,0.5133,0.7111,1.2781,8.03,3.5373,7.29,7.29,58.94,54.64,54.64,21.06,8.48,0.403,105.9,102.6,23.5,44.5,121.8,12.3,20.2,89.8,6.6,120.9,52.3,52.3
1458,laissez,0.2945,5.8365,1.4685,1.0784,6.6933,0.8317,0.4335,0.6893,0.9197,2.2118,2.116,4.38,4.41,62.21,59.48,58.98,16.65,17.74,1.065,119.6,114.3,21.3,49.7,130.7,9.9,18.5,92.2,5.0,107.4,31.2,35.1
1459,laissez,0.3934,2.5852,1.015,0.2335,4.6419,0.5505,0.5102,0.366,0.579,1.3211,8.1177,9.45,9.45,56.94,51.56,51.56,31.43,10.18,0.324,95.1,91.2,25.5,39.8,123.3,15.5,24.8,103.0,7.2,122.7,69.7,69.7
1460,laissez,0.4868,7.1928,0.839,0.7825,5.1771,0.7977,-0.2052,0.311,0.6698,1.2449,4.5237,5.75,5.75,61.17,57.65,57.65,34.56,30.46,0.881,103.9,100.7,24.9,41.3,141.5,12.7,23.6,108.7,5.2,101.7,44.6,44.6
1461,laissez,0.2637,2.2735,1.993,1.0835,18.8406,0.4452,-0.2622,0.7356,1.1693,1.3083,5.7577,4.16,4.2,62.26,59.67,59.07,7.72,9.33,1.209,113.8,110.8,21.0,50.5,122.4,10.5,19.0,92.2,5.6,115.7,31.1,35.0
1462,laissez,0.3404,7.5194,1.9425,0.404,13.1297,0.6146,0.2189,0.2521,0.9624,4.054,3.749,5.1,5.1,61.19,58.07,58.07,11.64,8.73,0.75,105.1,100.4,21.5,49.3,121.7,12.8,23.3,109.7,5.9,117.5,40.0,40.0
1463,laissez,0.476,3.0489,0.5667,0.9169,7.9107,0.2133,0.0256,0.4731,1.4453,3.4722,6.2654,6.66,6.66,59.97,55.97,55.97,29.52,20.69,0.701,101.7,98.9,25.1,40.7,131.7,13.2,22.5,101.2,6.1,111.8,50.8,50.8
1464,laissez,0.3619,7.9886,1.9903,1.0057,12.1188,0.2973,0.4614,0.4413,1.4852,2.1414,7.2647,4.7,4.7,61.73,58.83,58.83,12.37,11.61,0.939,112.1,106.8,21.2,50.0,124.9,11.3,20.9,101.5,5.5,113.4,35.3,35.4
1465,laissez,0.3343,5.1297,1.0099,1.1401,9.4161,0.3321,-0.2568,0.9599,1.3259,4.343,6.5438,4.71,4.71,61.85,58.94,58.93,16.52,16.07,0.973,116.2,115.2,22.8,46.2,127.9,9.7,16.9,80.4,5.6,112.1,34.4,35.4
1466,laissez,0.4655,4.2214,0.4189,0.915,9.18,0.3896,0.0739,0.1343,1.3223,4.4437,2.3927,5.79,5.79,60.71,57.2,57.2,23.15,17.8,0.769,101.4,96.8,23.7,44.0,129.9,13.8,25.3,115.5,5.8,111.7,46.3,46.3
1467,laissez,0.5073,4.1581,1.5124,0.213,5.4532,0.2143,0.5533,0.8442,0.6989,6.7801,6.9009,11.19,11.19,55.75,49.51,49.51,36.0,8.93,0.248,98.5,96.9,26.5,37.4,121.9,13.7,20.0,80.3,7.8,125.8,75.1,75.1
1468,laissez,0.5356,7.3526,0.6009,1.0507,9.7232,0.6912,0.0742,0.6636,1.0587,6.6187,6.5902,5.25,5.25,61.53,58.3,58.3,22.24,19.98,0.898,113.6,110.0,23.0,45.9,132.5,10.7,19.4,92.2,5.3,107.5,37.6,37.6
1469,laissez,0.2664,2.9472,1.1433,0.4609,3.5857,0.6133,-0.0811,0.3534,0.8499,3.1753,5.0308,6.23,6.23,59.99,56.25,56.25,25.26,17.26,0.683,102.6,100.3,24.2,42.8,128.1,12.8,22.2,99.5,6.2,114.9,49.7,49.7
1470,laissez,0.5974,7.9483,0.5213,1.0062,10.8391,0.3626,-0.1426,0.5171,0.5137,3.2843,7.4489,6.02,6.02,60.67,57.02,57.02,22.59,16.72,0.74,104.3,102.2,24.3,42.6,128.8,12.4,21.3,96.8,6.1,113.3,45.4,45.4
1471,laissez,0.2998,2.7884,0.6762,0.3218,3.4659,0.8378,0.2638,0.1599,0.6929,2.5141,1.254,7.3,7.3,58.82,54.53,54.53,27.32,14.46,0.529,97.6,93.4,24.3,42.7,126.5,14.8,26.5,113.1,6.4,117.2,58.3,58.3
1472,laissez,0.3277,5.5432,1.1717,0.9043,18.3575,0.2166,0.0661,0.3638,1.4901,4.7729,1.6754,4.64,4.64,61.52,58.66,58.66,8.57,7.36,0.859,107.3,103.3,21.5,49.4,121.0,12.1,21.8,103.7,5.9,118.2,37.0,37.0
1473,laissez,0.2841,7.5291,1.2317,0.2802,5.9057,0.499,0.3092,0.2328,0.6511,5.7879,4.6514,6.09,6.09,60.06,56.4,56.4,16.53,8.92,0.54,101.4,96.9,22.6,46.7,122.0,13.7,24.3,110.7,6.3,119.3,47.7,47.7
1474,laissez,0.2692,6.5012,1.0213,0.4856,10.9688,0.3841,0.4243,0.4592,1.2579,5.1804,4.9735,5.15,5.15,60.93,57.79,57.79,9.73,6.03,0.62,107.6,103.3,21.4,49.4,120.0,12.1,21.5,101.3,6.0,119.6,39.6,39.6
1475,laissez,0.2891,5.6169,0.9431,0.576,4.357,0.8411,-0.0412,0.6245,1.4727,1.2639,5.3786,5.63,5.63,60.79,57.37,57.37,22.88,18.01,0.787,109.1,106.6,23.2,45.2,129.0,11.4,20.1,92.8,5.8,112.1,42.6,42.6
1476,laissez,0.4439,3.1301,0.5538,0.9142,19.0204,0.837,-0.1729,0.9217,0.5949,4.2324,3.8706,4.56,4.56,61.93,59.11,59.01,12.41,12.43,1.002,118.1,116.5,21.6,49.0,125.2,9.5,17.0,81.0,5.5,113.5,32.3,35.0
1477,laissez,0.4907,6.4781,1.0085,1.0326,7.1051,0.5217,0.4243,0.2669,1.3361,1.6792,8.7218,5.73,5.73,61.08,57.58,57.58,26.46,22.17,0.838,109.7,102.6,23.0,45.8,135.7,12.2,23.0,111.4,5.1,104.8,42.0,42.0
1478,laissez,0.4538,3.0355,1.4506,0.2322,7.3927,0.6913,0.2051,0.5544,0.5268,2.3182,4.9551,7.73,7.73,58.85,54.3,54.3,28.4,14.85,0.523,103.7,101.5,24.4,42.4,126.5,12.5,20.9,90.7,6.5,116.8,55.3,55.3
1479,laissez,0.2673,3.7487,0.7413,1.06,15.3296,0.6971,0.0224,0.8737,0.6929,1.2946,7.4724,4.23,4.23,62.15,59.52,59.07,8.23,9.41,1.143,117.9,115.3,20.9,50.7,123.0,9.7,17.5,84.8,5.5,114.9,30.2,35.0
1480,laissez,0.5991,7.4853,1.4781,0.4548,19.2407,0.4922,0.2961,0.4338,0.8031,9.3157,2.7619,5.83,5.83,60.51,56.98,56.98,13.89,7.9,0.569,105.6,101.7,22.2,47.8,121.2,12.5,21.8,100.8,6.2,119.0,43.3,43.3
1481,laissez,0.2563,7.5062,0.5319,0.288,17.3717,0.2248,0.1741,0.5008,0.7466,6.2187,4.0165,5.12,5.12,60.78,57.67,57.67,6.87,2.83,0.412,105.6,102.3,21.5,49.4,116.7,12.3,21.4,99.5,6.3,123.6,40.1,40.1
1482,laissez,0.2779,4.293,0.505,0.4243,11.3426,0.702,0.0942,0.877,0.7137,2.3502,0.4407,5.34,5.34,60.81,57.57,57.57,11.66,7.34,0.63,112.0,110.1,21.9,48.3,120.4,10.6,18.3,84.9,6.1,119.8,38.9,38.9
1483,laissez,0.4681,6.5238,1.6834,0.3163,6.4217,0.4154,0.1378,0.5681,1.2205,1.2225,4.7843,8.49,8.49,58.15,53.21,53.21,30.69,14.07,0.458,97.8,96.6,25.4,40.0,123.8,13.8,22.0,92.6,7.1,121.4,61.6,61.6
1484,laissez,0.2999,4.2295,1.4383,0.2543,7.3655,0.6375,0.2522,0.2056,0.6976,8.4044,6.3675,6.14,6.14,60.1,56.41,56.41,17.42,9.84,0.565,100.7,96.2,22.7,46.5,122.4,13.9,25.0,112.7,6.2,118.7,47.9,47.9
1485,laissez,0.3736,7.4223,1.2556,0.823,3.8208,0.3532,0.1541,0.1132,1.1971,4.6902,5.2658,5.78,5.78,60.91,57.39,57.39,28.44,23.62,0.831,104.9,99.5,24.1,43.1,136.4,13.0,24.0,113.0,5.4,105.8,45.3,45.3
1486,laissez,0.5356,7.2606,1.0868,0.9379,15.3524,0.2038,0.549,0.6343,0.5838,2.0786,3.765,5.6,5.6,60.86,57.45,57.45,14.77,10.11,0.684,111.7,107.0,22.0,48.2,124.0,11.3,19.9,94.6,5.8,115.5,39.8,39.8
1487,laissez,0.549,5.297,0.8453,0.4036,3.0099,0.3109,0.5853,0.5919,0.8343,8.1415,2.9376,12.61,12.61,54.43,47.57,47.57,48.82,16.3,0.334,94.5,90.4,28.1,33.5,130.9,15.8,23.0,91.0,7.5,118.8,86.8,86.8
1488,laissez,0.3463,2.8614,0.6554,0.6738,5.2393,0.8537,0.1294,0.2545,0.8162,5.6031,4.0325,5.84,5.84,60.69,57.14,57.14,25.75,20.24,0.786,104.8,99.9,23.4,44.8,132.5,12.9,24.0,111.7,5.5,108.8,45.6,45.6
1489,laissez,0.398,2.0893,1.4043,0.3564,3.7616,0.4238,-0.2616,0.1314,0.6521,1.1602,4.7218,9.05,9.05,57.67,52.45,52.45,41.94,23.19,0.553,87.1,87.7,28.0,33.9,131.5,16.8,28.3,108.7,7.1,116.7,73.0,73.0
1490,laissez,0.4326,7.9006,1.7099,0.831,9.3355,0.8936,0.5471,0.1536,0.6763,1.0549,2.6693,5.68,5.68,60.78,57.33,57.33,17.52,12.53,0.715,104.9,98.3,22.2,47.6,126.1,13.3,24.7,116.6,5.7,113.6,43.4,43.4
1491,laissez,0.3291,5.1695,0.8697,0.2045,11.7726,0.6608,0.3512,0.6888,0.9784,4.6318,4.0389,5.99,5.99,60.04,56.44,56.44,12.59,5.09,0.404,106.8,104.0,22.2,47.6,118.4,11.9,20.3,92.1,6.5,122.8,44.6,44.6
1492,laissez,0.5653,2.8094,1.6863,0.4788,3.293,0.211,-0.0349,0.2413,0.9317,5.6108,7.3506,13.63,13.63,53.7,46.38,46.38,61.65,25.78,0.418,77.5,80.6,31.5,25.5,133.2,19.8,29.1,99.1,8.2,121.1,100,100
1493,laissez,0.5333,3.338,0.5938,0.6036,13.4308,0.3142,0.0657,0.9718,1.0372,3.8076,3.3698,7.12,7.12,59.42,55.19,55.19,21.63,10.57,0.489,107.5,107.5,24.2,42.9,122.2,11.2,17.8,78.3,6.8,120.9,49.6,49.6
1494,laissez,0.3117,3.7833,1.3411,1.051,3.2615,0.4703,-0.0018,0.5238,1.3375,5.7031,5.4316,4.5,4.56,62.18,59.38,58.78,29.14,29.96,1.028,115.4,111.3,23.8,43.9,142.3,10.4,19.6,96.0,4.7,99.8,35.3,36.9
1495,laissez,0.3991,6.1005,1.7788,0.4283,3.3018,0.3314,-0.1457,0.6418,1.3795,3.1212,3.8837,9.04,9.04,57.44,52.25,52.25,42.12,22.83,0.542,95.2,97.3,27.6,34.8,128.5,13.6,20.5,83.3,7.3,119.9,68.6,68.6
1496,laissez,0.5356,2.463,1.0795,1.0805,5.0993,0.4794,0.152,0.8651,1.3116,3.0338,4.387,5.54,5.54,61.52,58.11,58.11,43.75,40.94,0.936,123.7,119.5,25.2,40.5,155.3,9.0,16.9,82.6,4.3,90.8,37.2,37.2
1497,laissez,0.2788,7.7993,0.5258,0.6645,7.8761,0.52,-0.0075,0.5884,0.8713,4.7086,5.0616,5.19,5.19,61.05,57.89,57.89,13.73,10.32,0.752,107.2,104.1,22.4,47.3,123.0,11.9,21.0,98.1,6.0,117.4,40.4,40.4
1498,laissez,0.302,2.6761,0.7776,0.7873,6.4492,0.2445,0.3513,0.4915,0.6279,1.3879,6.7692,5.49,5.49,60.87,57.53,57.53,18.47,14.06,0.761,110.4,105.9,22.5,46.8,127.4,11.5,20.6,97.4,5.7,112.8,41.2,41.2
1499,laissez,0.3747,3.0595,1.2591,1.1117,7.801,0.6817,-0.1988,0.5577,1.2033,1.3013,3.4811,3.76,4.26,62.93,60.57,59.04,21.99,26.14,1.189,116.7,112.9,22.5,47.0,138.0,10.1,19.5,96.8,4.7,101.5,29.3,35.3
1500,laissez,0.3586,6.869,0.876,0.5253,12.8749,0.8636,0.4432,0.7816,1.2637,7.6993,3.3514,5.49,5.49,60.7,57.37,57.37,11.4,6.52,0.572,110.6,107.1,21.8,48.7,120.5,11.3,19.6,91.5,6.1,119.4,40.0,40.0
1501,laissez,0.4737,4.5544,0.3933,0.8144,16.3565,0.7184,0.4317,0.313,1.1894,1.8225,0.2886,5.52,5.52,60.87,57.51,57.51,13.58,9.09,0.669,106.1,101.1,21.9,48.4,122.9,12.6,22.7,107.1,5.9,116.7,41.4,41.4
1502,laissez,0.3092,5.5695,0.7504,0.63,15.3338,0.5835,0.2243,0.9419,0.8087,4.8851,3.8915,4.82,4.82,61.38,58.42,58.42,9.05,7.14,0.789,116.2,113.8,21.2,49.9,121.0,10.0,17.4,82.7,5.8,118.0,34.4,35.0
1503,laissez,0.4124,2.7759,0.592,0.31,11.958,0.6069,0.3227,0.2097,1.4916,1.2652,3.7792,6.92,6.92,59.37,55.26,55.26,18.18,7.35,0.404,97.4,93.3,23.1,45.5,119.6,14.8,26.2,113.1,6.7,122.7,53.2,53.2
1504,laissez,0.573,4.4863,1.587,0.3413,9.7792,0.5174,0.3669,0.3215,1.4838,2.7253,0.7823,8.25,8.25,58.45,53.63,53.63,27.56,12.09,0.439,96.9,92.9,24.4,42.3,123.9,14.9,25.4,108.0,6.8,119.6,60.1,60.1
1505,laissez,0.2919,2.4699,1.283,0.6987,5.9662,0.7007,-0.1638,0.3813,1.2753,1.0319,8.9454,5.15,5.15,61.38,58.22,58.22,21.84,19.38,0.887,107.3,104.2,23.1,45.6,130.2,11.9,21.7,101.7,5.6,110.4,40.7,40.7
1506,laissez,0.3132,5.4672,1.8893,0.3078,15.3631,0.7618,0.2564,0.404,1.0124,1.1126,6.8882,5.14,5.14,61.05,57.91,57.91,9.79,6.45,0.659,107.2,103.3,21.4,49.6,119.7,12.1,21.6,101.1,6.0,119.7,39.1,39.1
1507,laissez,0.2643,4.2659,1.2334,0.6011,19.649,0.2266,0.1497,0.8818,1.2689,9.2974,2.8881,4.83,4.83,61.2,58.25,58.25,7.03,4.64,0.66,112.9,110.6,21.3,49.9,118.5,10.5,18.2,85.8,6.1,121.0,35.6,35.6
1508,laissez,0.3575,5.1852,0.6027,0.575,18.9944,0.3749,0.565,0.8091,0.5346,3.4856,0.951,5.26,5.26,60.84,57.65,57.65,8.86,4.76,0.537,113.3,110.3,21.4,49.6,119.0,10.6,18.3,85.9,6.1,120.6,37.6,37.6
1509,laissez,0.5584,6.4352,0.5427,0.2752,9.7638,0.2135,-0.0343,0.5912,1.3477,1.0743,1.6742,9.97,9.97,56.57,50.93,50.93,30.05,6.99,0.233,88.7,90.3,26.6,37.2,114.5,15.8,22.9,90.1,8.4,134.8,74.2,74.2
1510,laissez,0.3895,4.3238,1.4638,0.3341,6.8855,0.8596,-0.1928,0.9095,0.877,1.7765,5.6834,6.12,6.12,60.52,56.82,56.82,26.89,20.45,0.761,111.8,111.7,23.8,43.9,130.0,10.3,17.7,79.8,5.9,111.7,43.5,43.5
1511,laissez,0.3142,4.3577,1.9191,0.2351,3.4348,0.2039,0.1307,0.4866,0.5338,2.1672,4.1606,8.46,8.46,57.71,52.83,52.83,29.72,12.05,0.405,94.9,93.8,25.9,38.7,123.1,14.7,23.0,96.0,7.3,123.4,65.5,65.5
1512,laissez,0.4156,2.9173,1.3374,0.3686,5.6643,0.7271,0.2508,0.1339,1.0008,5.0591,8.3733,7.67,7.67,58.91,54.39,54.39,30.33,17.04,0.562,97.0,92.5,24.5,42.1,128.8,15.1,27.5,115.8,6.3,114.6,58.7,58.7
1513,laissez,0.441,3.791,0.4746,0.5341,8.6329,0.7309,0.0462,0.8225,1.1519,5.2937,6.37,6.76,6.76,59.67,55.64,55.64,24.25,14.49,0.598,107.9,106.8,24.0,43.5,125.3,11.3,18.9,83.8,6.4,117.2,48.7,48.7
1514,laissez,0.2502,5.2633,0.8036,0.7319,4.2713,0.5689,0.4857,0.4585,1.3439,4.0669,5.3975,5.33,5.33,60.92,57.67,57.67,18.07,14.05,0.778,110.0,104.3,22.2,47.7,127.4,11.9,21.6,103.2,5.6,112.5,41.0,41.0
1515,laissez,0.5323,6.3795,0.8361,0.7293,17.7142,0.6374,0.0217,0.4031,0.5287,6.8495,3.6468,5.59,5.59,60.88,57.47,57.47,14.34,9.73,0.679,104.0,100.4,22.5,47.0,122.8,12.8,22.7,104.9,6.1,117.4,42.5,42.5
1516,laissez,0.3307,3.1206,1.0939,0.8729,14.8541,0.7044,0.4962,0.0854,0.5949,2.6643,1.2867,4.86,4.86,61.36,58.38,58.38,10.51,8.48,0.807,103.8,97.7,21.2,49.9,122.4,13.5,25.8,121.1,5.7,116.5,39.5,39.5
1517,laissez,0.3888,2.1395,1.7987,0.7587,16.6597,0.2901,0.3618,0.2162,0.9981,4.3613,0.6808,5.04,5.04,61.3,58.21,58.21,12.21,9.7,0.794,105.6,100.3,21.6,49.2,123.1,12.8,23.6,112.3,5.7,115.9,39.4,39.4
1518,laissez,0.3205,6.4195,0.705,0.9058,3.9222,0.6217,0.2257,0.3031,0.6977,5.7317,2.1544,4.78,4.78,61.9,58.93,58.85,24.35,23.9,0.982,112.2,105.9,22.5,46.9,136.7,11.5,22.2,109.0,4.8,103.3,37.0,37.0
1519,laissez,0.3373,6.6708,1.4011,1.1324,3.1997,0.238,0.0391,0.9067,1.4406,3.6272,2.1884,4.39,4.52,62.36,59.62,58.82,28.64,30.12,1.052,121.7,118.5,23.9,43.5,142.9,9.2,16.8,83.2,4.7,99.4,32.3,36.2
1520,laissez,0.3946,3.3628,0.3364,0.8031,16.7985,0.4033,0.4447,0.9787,0.8294,1.1362,5.7033,5.15,5.15,61.12,57.97,57.97,11.53,8.33,0.722,117.8,115.3,21.5,49.2,122.2,9.7,16.8,79.8,5.8,117.0,35.6,35.6
1521,laissez,0.2524,3.7505,0.7066,0.6766,15.8222,0.2602,-0.144,0.115,0.8123,2.2441,3.9386,4.95,4.95,61.15,58.13,58.13,8.58,5.83,0.679,100.9,96.7,21.8,48.7,119.1,13.8,25.2,116.0,6.2,120.9,41.0,41.0
1522,laissez,0.4604,5.5244,0.9732,0.9584,5.0137,0.2208,-0.2225,0.7411,0.5323,1.2746,3.9399,6.61,6.61,60.15,56.17,56.17,34.73,26.46,0.762,105.9,106.4,26.6,37.1,137.9,11.4,18.7,83.2,6.1,107.7,49.7,49.7
1523,laissez,0.3112,6.369,0.7142,1.0679,3.3079,0.7783,-0.279,0.892,1.3095,2.0615,0.9818,3.62,4.45,63.04,60.75,58.96,27.71,32.39,1.169,123.2,121.3,23.2,45.4,143.3,8.8,16.7,82.6,4.5,97.9,27.5,35.7
1524,laissez,0.2686,3.2402,1.7185,0.2374,3.0386,0.5989,-0.0106,0.2074,1.0978,1.5808,0.8535,7.34,7.34,58.83,54.51,54.51,30.27,17.37,0.574,96.1,94.0,25.0,40.9,126.1,14.6,24.7,105.8,6.7,118.7,59.3,59.3
1525,laissez,0.5319,7.2923,1.5193,1.1328,4.9461,0.2513,0.3832,0.4356,0.5991,1.1802,5.0155,5.85,5.85,61.15,57.57,57.57,36.17,31.83,0.88,115.8,108.5,24.0,43.3,145.5,11.0,20.7,101.3,4.7,97.2,41.0,41.0
1526,laissez,0.4677,3.4042,0.3552,1.1652,5.8826,0.2585,0.2503,0.5558,1.2825,4.3841,2.55,5.23,5.23,61.63,58.4,58.4,32.15,30.18,0.939,116.1,110.4,23.9,43.5,143.5,10.6,19.8,97.3,4.8,98.8,37.9,37.9
1527,laissez,0.4678,5.2294,1.0374,0.9195,6.0315,0.209,0.4519,0.708,1.4677,5.1971,5.8663,5.91,5.91,60.78,57.19,57.19,29.33,23.95,0.817,116.5,110.5,23.4,44.8,137.6,10.6,19.2,92.8,5.1,103.9,41.5,41.5
1528,laissez,0.3732,3.4222,1.3191,0.4869,6.0892,0.7272,0.102,0.9102,1.0202,1.3879,4.5092,6.38,6.38,60.26,56.42,56.42,26.37,18.79,0.713,113.0,111.4,23.7,44.0,130.3,10.4,17.9,81.4,5.8,111.3,44.5,44.5
1529,laissez,0.3665,5.2829,0.8875,1.1501,6.8524,0.6392,0.1014,0.5658,0.7815,5.3191,3.534,4.15,4.31,62.53,59.94,59.01,20.89,23.27,1.114,116.9,111.8,22.2,47.8,136.0,10.3,19.8,98.4,4.7,103.2,31.5,35.4
1530,laissez,0.2626,3.6189,1.8995,0.5389,4.2044,0.7233,-0.2994,0.4294,1.3826,8.2186,5.3676,4.8,4.8,61.96,58.99,58.93,26.15,25.84,0.988,109.0,106.2,23.1,45.5,134.2,11.4,21.4,100.9,5.2,106.2,37.6,37.6
1531,laissez,0.5015,3.2412,1.8097,0.856,12.7185,0.5993,0.542,0.7101,1.0318,5.2169,1.228,5.93,5.93,60.64,57.05,57.05,19.18,13.37,0.697,113.3,108.6,22.4,47.1,126.9,10.9,19.2,90.9,5.7,113.1,41.3,41.3
1532,laissez,0.5524,3.0731,0.7979,0.2879,6.4477,0.4687,0.3304,0.6754,1.4454,1.8286,2.278,10.81,10.81,56.13,50.07,50.07,39.13,13.62,0.348,94.6,93.6,26.6,37.1,123.8,14.7,22.3,89.2,7.6,123.5,75.4,75.4
1533,laissez,0.5389,5.6464,0.6273,1.1334,3.7128,0.7241,0.5374,0.1832,0.5938,1.6841,3.3504,6.63,6.63,60.46,56.45,56.45,45.38,37.89,0.835,113.2,102.6,24.7,41.7,153.2,12.3,23.8,118.1,4.4,92.3,46.7,46.7
1534,laissez,0.3707,2.9242,0.9264,0.7626,19.8011,0.4205,0.453,0.1125,0.5947,1.5928,6.9792,5.02,5.02,61.19,58.12,58.12,9.21,6.45,0.7,103.9,98.4,21.2,49.9,120.5,13.3,24.5,115.9,5.9,118.5,39.9,39.9
1535,laissez,0.3575,7.4654,1.2102,1.1652,4.8051,0.4536,0.024,0.0025,1.356,5.0741,2.5758,4.12,4.37,62.55,59.97,58.95,23.49,25.97,1.106,108.0,101.6,22.9,45.9,138.7,12.5,24.8,122.0,4.7,101.7,35.5,36.7
1536,laissez,0.5708,2.7016,0.9125,1.0476,12.1965,0.7125,0.1311,0.8147,0.6449,5.7384,2.46,4.77,4.77,62.03,59.07,59.02,22.53,22.43,0.996,119.5,115.7,22.4,47.1,135.3,9.6,17.9,87.5,4.9,104.1,32.9,35.1
1537,laissez,0.3708,4.7944,0.3321,0.6632,8.3045,0.8363,0.4428,0.566,1.3532,6.5999,9.0179,5.97,5.97,60.39,56.78,56.78,18.04,11.51,0.638,109.2,104.8,22.6,46.8,125.0,11.8,20.7,96.2,5.9,115.5,43.6,43.6
1538,laissez,0.3472,5.805,1.2465,0.8093,19.4693,0.7585,-0.2727,0.9938,0.8961,1.4135,7.2196,4.32,4.32,62.06,59.38,59.06,8.83,9.62,1.089,118.7,117.3,21.1,50.2,122.7,9.4,16.6,79.6,5.6,115.7,30.4,35.0
1539,laissez,0.256,4.1205,1.1817,0.6603,10.9383,0.4865,0.1526,0.2352,1.2111,4.0439,3.3168,4.88,4.88,61.34,58.34,58.34,10.57,8.45,0.799,104.7,99.9,21.6,49.2,122.0,12.9,23.6,112.0,5.8,117.3,39.2,39.2
1540,laissez,0.2619,5.0212,0.423,0.2738,3.2014,0.821,-0.118,0.8149,0.524,1.444,6.9951,6.65,6.65,59.55,55.59,55.59,24.32,14.44,0.594,106.0,105.7,24.2,42.8,125.1,11.5,19.3,84.7,6.5,118.3,50.2,50.2
1541,laissez,0.3644,4.1745,1.8935,1.1843,4.8535,0.6908,-0.2948,0.5374,0.6791,1.7182,1.6698,2.97,4.15,64.63,62.7,59.1,31.46,41.6,1.322,122.2,119.0,23.2,45.3,151.1,9.1,18.4,94.4,3.9,90.8,21.1,35.0
1542,laissez,0.3798,6.425,1.4062,0.8676,12.195,0.7539,-0.2146,0.473,0.7979,1.2047,6.1567,4.18,4.2,62.45,59.85,59.07,13.83,15.94,1.153,112.5,108.7,21.6,49.1,128.2,10.9,20.4,99.1,5.2,110.0,32.1,35.1
1543,laissez,0.2838,5.6297,0.3643,1.1971,11.7406,0.5451,0.0812,0.022,1.0547,3.7495,5.7479,4.22,4.3,62.23,59.6,59.05,10.29,11.72,1.139,104.8,98.8,21.2,50.1,125.1,13.2,26.1,124.2,5.4,113.0,35.7,36.0
1544,laissez,0.3176,7.4167,1.9394,0.3585,13.2515,0.6581,0.1151,0.2462,0.737,2.1281,3.2748,5.07,5.07,61.22,58.12,58.12,10.89,8.12,0.746,104.1,99.6,21.5,49.3,121.0,13.0,23.6,111.0,5.9,118.4,40.0,40.0
1545,laissez,0.3194,3.4478,0.6143,1.0022,6.3809,0.8123,0.4735,0.069,1.0387,3.9371,2.1492,5.01,5.01,61.55,58.47,58.47,20.06,18.28,0.911,107.8,100.4,22.0,48.1,131.5,12.8,24.7,120.3,5.1,107.7,39.4,39.4
1546,laissez,0.2971,4.2144,1.8638,0.9198,4.2287,0.5398,-0.1074,0.208,1.2963,2.7394,3.5479,4.12,4.31,62.69,60.11,58.99,24.64,27.51,1.116,110.6,105.5,22.9,46.0,138.7,11.6,22.5,111.1,4.7,101.5,33.8,35.9
1547,laissez,0.5545,2.6715,1.0693,0.4005,6.764,0.8754,0.313,0.1724,1.0496,8.9274,4.6443,9.11,9.11,57.63,52.38,52.38,35.79,16.83,0.47,94.6,90.7,25.7,39.3,129.1,15.7,27.2,110.4,6.7,116.1,67.7,67.7
1548,laissez,0.3065,5.6861,0.5702,0.8463,8.5007,0.2752,0.5627,0.707,1.3744,2.1662,5.0815,5.22,5.22,61.08,57.89,57.89,14.26,10.87,0.762,113.4,108.7,21.7,48.8,124.6,10.9,19.5,93.4,5.7,114.8,38.1,38.1
1549,laissez,0.4278,5.04,0.5043,1.0963,3.1075,0.6664,0.4289,0.9283,0.5361,2.2345,3.7517,5.34,5.34,61.49,58.2,58.2,38.67,36.14,0.935,128.7,121.9,23.7,44.1,150.0,8.7,16.4,82.5,4.3,93.4,34.9,36.4
1550,laissez,0.4625,5.7911,0.4011,0.5592,5.693,0.8841,0.0916,0.0592,1.1976,1.0798,5.9332,7.67,7.67,59.02,54.49,54.49,32.11,19.11,0.595,93.3,89.0,24.8,41.4,129.1,16.3,31.5,125.4,6.4,114.6,60.9,60.9
1551,laissez,0.5191,2.9063,1.5631,0.3233,3.8083,0.6049,-0.2813,0.0941,0.7288,1.2567,7.619,10.55,10.55,56.77,50.78,50.78,57.29,33.8,0.59,84.8,86.7,29.5,30.3,140.5,17.2,29.4,107.4,6.9,110.0,81.5,81.5
1552,laissez,0.3099,2.0105,1.4673,0.7683,4.2378,0.7474,0.4812,0.931,0.6212,8.4649,7.8239,5.86,5.86,60.62,57.07,57.07,25.98,20.25,0.779,119.8,115.4,23.0,45.8,133.3,9.7,17.1,81.5,5.4,107.6,40.4,40.4
1553,laissez,0.4663,5.2838,0.621,0.8168,14.1717,0.7645,-0.2853,0.7438,0.9767,1.0808,3.8872,5.03,5.03,61.54,58.44,58.44,16.5,14.64,0.887,111.5,109.6,22.5,47.0,126.1,10.7,19.1,89.1,5.7,113.7,37.0,37.0
1554,laissez,0.3973,7.0566,0.4446,0.9452,9.2201,0.2969,-0.0343,0.869,0.6333,6.1424,4.45,5.35,5.35,61.16,57.88,57.88,17.8,14.37,0.807,112.1,110.2,23.2,45.3,127.0,10.6,18.3,85.6,5.9,113.8,39.2,39.2
1555,laissez,0.3715,2.2515,1.3816,0.3465,3.8409,0.2953,0.4532,0.5659,0.7245,1.2157,0.4655,8.6,8.6,57.77,52.81,52.81,32.92,15.18,0.461,102.3,98.6,25.2,40.6,128.2,13.3,21.6,93.2,6.6,116.8,62.2,62.2
1556,laissez,0.3726,5.3519,1.0452,0.9203,19.4336,0.7598,0.4752,0.2121,0.9184,1.7783,3.4767,4.75,4.75,61.51,58.59,58.59,8.71,7.26,0.834,106.4,100.9,21.0,50.5,121.3,12.7,23.4,112.4,5.7,117.2,37.3,37.3
1557,laissez,0.275,4.1706,1.4914,0.5778,3.2505,0.7524,-0.2485,0.8249,1.0581,6.896,5.4922,5.05,5.05,61.56,58.45,58.45,28.09,26.27,0.935,115.0,114.0,23.6,44.2,135.6,9.9,17.9,83.6,5.3,105.8,37.7,37.7
1558,laissez,0.5582,2.0296,1.2989,1.1135,3.8004,0.4629,0.3665,0.2512,0.693,4.8727,3.0715,6.03,6.03,61.06,57.38,57.38,55.22,50.34,0.912,118.3,108.2,25.3,40.3,166.7,11.0,22.5,112.9,3.7,83.3,42.4,42.4
1559,laissez,0.526,6.5671,1.6456,0.5295,4.2666,0.2057,0.5777,0.5786,1.2654,7.8085,7.07,9.79,9.79,57.15,51.56,51.56,37.27,15.97,0.428,101.4,96.3,25.9,38.8,130.1,13.9,22.2,95.1,6.8,115.4,66.9,66.9
1560,laissez,0.578,4.7565,1.4514,0.3531,4.2989,0.216,0.5453,0.7609,0.8212,2.2651,6.1391,11.91,11.91,55.13,48.56,48.56,44.13,14.39,0.326,96.5,93.6,27.5,35.1,128.2,14.7,21.7,86.3,7.5,120.4,81.1,81.1
1561,laissez,0.5133,6.5189,0.9677,0.2503,7.0131,0.4124,0.4024,0.8807,0.9233,5.2958,6.7628,8.94,8.94,57.61,52.46,52.46,28.35,9.6,0.339,103.8,102.5,25.0,41.0,122.0,12.3,19.0,80.2,7.2,123.1,61.3,61.3
1562,laissez,0.3709,4.3587,1.2913,0.9963,8.6556,0.2953,-0.1022,0.5947,1.1553,1.2723,5.103,5.24,5.24,61.37,58.16,58.16,20.11,17.46,0.868,107.8,104.9,23.4,44.8,129.3,11.7,20.8,97.7,5.7,111.6,40.3,40.3
1563,laissez,0.5674,7.5005,1.355,0.5031,3.051,0.7953,0.221,0.2225,0.9931,1.5706,5.7761,9.61,9.61,57.54,52.01,52.01,51.29,31.28,0.61,97.3,92.9,27.2,35.8,144.7,15.0,26.1,108.1,5.9,103.3,69.3,69.3
1564,laissez,0.285,7.7653,1.927,0.7988,3.8879,0.2052,0.1632,0.2039,1.2468,2.7722,2.9103,5.13,5.13,61.22,58.08,58.08,20.63,17.77,0.861,105.5,100.3,23.1,45.5,130.4,12.8,23.5,111.9,5.5,110.6,42.2,42.2
1565,laissez,0.5994,5.6252,1.5552,0.7568,6.3094,0.7061,-0.0373,0.4365,1.1974,5.6282,7.3581,6.56,6.56,60.48,56.51,56.51,39.48,32.16,0.815,106.4,103.5,25.4,40.1,142.5,12.0,21.6,98.1,5.4,101.5,47.8,47.8
1566,laissez,0.274,6.6921,1.9414,0.9353,16.3849,0.8054,0.5646,0.8249,1.2046,1.7197,2.7236,4.57,4.57,61.59,58.78,58.78,7.02,6.11,0.87,116.4,113.1,20.8,51.1,120.2,10.1,17.8,86.0,5.7,118.1,32.8,35.0
1567,laissez,0.4571,3.0303,0.4796,0.7204,3.0112,0.3253,0.1725,0.1747,1.2251,1.6336,2.9137,8.82,8.82,58.08,52.96,52.96,48.02,30.72,0.64,95.4,91.4,27.5,35.1,142.6,15.4,27.4,113.1,6.1,105.5,67.3,67.3
1568,laissez,0.5647,4.8377,1.859,0.7306,3.1973,0.6941,0.2126,0.4924,0.89,1.2827,6.6858,6.92,6.92,60.1,55.94,55.94,57.87,48.95,0.846,114.9,108.3,26.2,38.2,163.6,11.0,21.1,99.5,4.2,86.9,48.9,48.9
1569,laissez,0.4995,4.3455,0.855,0.2442,4.3161,0.7508,-0.2718,0.1866,1.2984,2.0536,7.3459,11.46,11.46,55.63,49.26,49.26,50.78,23.02,0.453,80.1,82.4,28.8,31.9,126.2,19.0,32.2,109.5,8.0,124.1,88.9,88.9
1570,laissez,0.2773,5.3363,0.7195,1.1852,11.4679,0.2001,0.1512,0.6462,0.6594,1.9947,6.9556,4.42,4.42,61.97,59.24,59.04,10.28,10.68,1.039,115.2,111.8,21.4,49.5,124.3,10.3,18.6,90.1,5.5,114.2,32.6,35.1
1571,laissez,0.3117,2.9209,1.581,0.3809,13.5662,0.7837,0.4486,0.6207,1.4763,1.4091,5.0407,5.51,5.51,60.61,57.27,57.27,11.14,5.98,0.537,109.5,106.0,21.7,48.8,119.8,11.5,19.9,92.7,6.2,120.3,40.6,40.6
1572,laissez,0.4694,6.5203,0.765,1.0712,13.7725,0.8522,-0.0078,0.7955,1.0739,2.1748,7.2669,4.39,4.39,62.26,59.53,59.08,14.98,16.19,1.081,117.5,114.3,21.7,48.8,129.1,9.9,18.2,88.4,5.2,109.3,31.5,35.0
1573,laissez,0.4793,7.0898,1.4961,0.349,3.5992,0.2522,-0.2686,0.8291,0.7773,7.2945,3.753,11.03,11.03,55.87,49.71,49.71,46.01,19.53,0.424,88.5,94.0,29.6,29.9,126.4,14.6,20.1,76.3,8.1,125.1,81.6,81.6
1574,laissez,0.4193,3.3574,1.6714,0.987,11.3824,0.4735,0.5837,0.6116,0.7684,2.0564,2.8606,5.23,5.23,61.22,58.02,58.02,17.12,14.08,0.822,115.1,109.8,21.9,48.5,127.6,10.7,19.3,93.6,5.4,111.5,37.3,37.3
1575,laissez,0.5836,2.6433,1.3735,0.3021,7.2917,0.5216,0.3038,0.834,1.1168,1.8183,5.2273,9.6,9.6,57.24,51.75,51.75,36.77,16.0,0.435,101.9,100.8,25.9,38.8,127.2,12.7,19.8,82.2,7.0,118.3,65.5,65.5
1576,laissez,0.4937,6.8906,1.2597,0.5419,7.8605,0.43,0.1112,0.0566,1.2841,1.1447,2.0341,7.61,7.61,59.12,54.62,54.62,27.3,14.63,0.536,94.8,91.4,24.8,41.5,125.5,15.4,27.2,114.0,6.7,118.0,58.2,58.2
1577,laissez,0.524,5.1341,0.5967,0.6788,3.5197,0.7378,-0.2335,0.6342,1.2257,8.3625,3.2809,8.64,8.64,58.35,53.31,53.31,53.71,37.38,0.696,97.4,98.4,28.1,33.6,143.7,13.3,22.4,92.7,6.2,105.1,64.6,64.6
1578,laissez,0.4071,7.1337,1.3725,0.6383,5.8609,0.7933,0.0145,0.8599,1.3728,6.4784,1.4769,5.63,5.63,61.07,57.64,57.64,26.11,21.99,0.842,114.9,112.7,23.4,44.7,133.3,10.2,17.9,83.6,5.5,107.8,39.8,39.8
1579,laissez,0.5873,6.4219,1.1197,0.7472,15.7521,0.5044,0.402,0.1108,0.6771,2.9997,4.9507,5.81,5.81,60.61,57.09,57.09,15.63,9.96,0.637,102.5,96.9,22.3,47.5,123.8,13.7,25.2,116.2,6.0,116.2,44.8,44.8
1580,laissez,0.5293,2.0203,1.8537,0.5459,7.8661,0.3873,0.0545,0.4268,1.2387,3.962,2.0165,8.62,8.62,58.34,53.31,53.31,35.58,19.22,0.54,96.6,95.5,26.1,38.3,128.3,14.1,22.7,95.9,6.9,116.9,62.3,62.3
1581,laissez,0.4808,6.8614,1.1323,0.6738,6.4557,0.7078,-0.2528,0.6746,0.5771,8.0342,3.189,5.93,5.93,60.91,57.29,57.29,29.75,24.64,0.828,109.3,108.5,24.6,41.8,135.8,11.0,19.1,86.9,5.6,106.8,43.2,43.2
1582,laissez,0.3219,3.4515,1.0144,0.8961,5.7705,0.6401,0.4919,0.9889,1.4109,4.5061,5.6557,5.37,5.37,61.16,57.87,57.87,20.99,17.54,0.836,121.8,117.8,22.3,47.4,130.8,9.3,16.5,79.7,5.3,108.9,36.3,36.3
1583,laissez,0.398,6.9081,1.1244,1.1983,3.2456,0.524,-0.2538,0.1397,1.0089,9.0441,3.5121,3.25,4.44,63.26,61.2,58.9,35.48,41.43,1.168,111.8,106.9,24.6,41.9,153.8,11.3,22.7,113.6,4.1,91.3,30.9,36.8
1584,laissez,0.5344,4.009,1.5114,0.3082,12.7662,0.5612,-0.242,0.8354,0.6654,3.5403,4.1434,6.82,6.82,59.71,55.63,55.63,22.83,13.04,0.571,105.1,105.6,24.3,42.6,123.5,11.6,18.8,82.2,6.6,119.5,49.4,49.4
1585,laissez,0.4599,7.1423,1.8907,0.6844,4.9964,0.7944,0.5935,0.5295,0.7776,2.4683,5.2696,7.72,7.72,58.92,54.37,54.37,29.54,16.18,0.548,105.0,98.7,24.3,42.7,130.1,13.2,22.7,103.1,6.1,112.8,55.0,55.0
1586,laissez,0.3801,2.8014,0.8945,0.3371,4.6028,0.5453,-0.1812,0.7885,1.4354,1.0118,2.8444,9.32,9.32,57.17,51.84,51.84,38.76,18.3,0.472,95.1,97.8,27.1,36.1,123.9,13.5,20.3,81.2,7.6,124.2,69.6,69.6
1587,laissez,0.2779,5.4763,0.5757,0.2755,6.5793,0.849,0.5836,0.1967,1.4155,1.45,5.039,6.42,6.42,59.51,55.69,55.69,15.12,5.52,0.365,99.7,94.7,22.6,46.7,119.3,14.4,25.3,113.1,6.5,122.7,50.7,50.7
1588,laissez,0.4602,2.3841,0.7189,0.454,4.171,0.5698,0.4117,0.7278,1.1537,2.2715,0.8453,9.11,9.11,57.44,52.21,52.21,39.04,19.63,0.503,103.7,100.2,26.0,38.7,132.9,12.9,20.8,89.2,6.5,113.0,64.7,64.7
1589,laissez,0.2687,7.6877,1.8553,0.649,5.4767,0.884,-0.1931,0.5547,1.4615,9.4983,5.1204,3.99,4.21,62.78,60.28,59.07,18.18,21.51,1.183,115.7,111.9,21.6,49.2,132.3,10.3,19.6,96.2,4.9,105.8,29.8,35.1
1590,laissez,0.2664,6.2929,1.595,0.5809,17.2483,0.6071,0.5639,0.6707,0.6972,5.4903,2.5996,4.9,4.9,61.11,58.11,58.11,6.78,3.99,0.588,111.5,108.0,21.0,50.5,118.3,11.1,19.4,92.0,6.0,120.9,36.4,36.4
1591,laissez,0.4449,2.9682,1.0795,0.7461,3.2438,0.2694,-0.0759,0.7064,1.4701,3.6587,6.5581,8.84,8.84,57.88,52.77,52.77,48.4,30.57,0.632,99.0,100.3,28.3,33.1,138.7,12.8,19.8,82.6,6.6,110.4,65.9,65.9
1592,laissez,0.3799,3.2113,0.7241,0.548,9.0954,0.5344,-0.1837,0.4663,0.6994,1.8179,4.5041,6.2,6.2,60.19,56.46,56.46,20.29,12.85,0.633,102.0,100.2,23.8,43.8,124.2,12.9,22.0,98.4,6.4,118.1,48.1,48.1
1593,laissez,0.4005,5.9605,0.8338,0.292,6.4531,0.6574,0.0978,0.1572,0.9865,1.2277,3.7835,7.6,7.6,58.77,54.3,54.3,25.48,11.94,0.469,94.5,91.5,24.5,42.2,122.8,15.4,26.9,111.7,6.8,121.2,59.6,59.6
1594,laissez,0.5588,7.4173,0.5739,0.276,17.4671,0.3991,0.2628,0.0915,0.9468,3.5029,3.7229,6.75,6.75,59.41,55.41,55.41,15.0,4.57,0.305,94.6,90.5,23.0,45.9,117.3,15.8,28.6,119.8,6.9,125.3,54.1,54.1
1595,laissez,0.5847,2.1527,1.1808,0.4405,17.466,0.447,-0.0921,0.4355,0.9472,2.0985,6.3669,7.04,7.04,59.38,55.2,55.2,20.08,9.06,0.451,98.8,97.4,24.1,43.2,120.3,13.6,22.4,97.3,6.9,123.0,52.8,52.8
1596,laissez,0.2889,5.4036,0.9659,0.4313,4.1485,0.6754,0.5351,0.4978,1.2818,3.1924,8.1205,6.58,6.58,59.47,55.55,55.55,20.73,10.75,0.519,106.4,101.7,23.2,45.4,124.3,12.5,21.4,97.4,6.2,117.8,49.7,49.7
1597,laissez,0.5264,4.9728,1.7435,0.5933,10.1927,0.7778,0.577,0.9131,1.4001,4.3191,5.1222,7.31,7.31,59.29,54.96,54.96,21.73,10.02,0.461,111.3,108.1,23.4,44.7,124.0,11.0,18.2,82.0,6.4,118.0,49.1,49.1
1598,laissez,0.5974,4.5369,1.5522,0.5913,6.5612,0.6701,0.184,0.9501,1.0437,1.1875,1.8687,7.21,7.21,59.82,55.5,55.5,38.0,27.83,0.732,115.8,113.7,24.9,41.3,139.7,10.0,17.2,77.9,5.5,103.7,47.6,47.6
1599,laissez,0.4385,7.4482,1.7072,0.7065,6.4821,0.552,0.5585,0.1088,0.9533,1.8846,2.0576,6.74,6.74,59.72,55.69,55.69,23.62,14.01,0.593,100.7,93.8,23.3,45.0,127.6,14.7,27.5,121.9,6.0,114.0,51.9,51.9
1600,laissez,0.255,5.2275,1.541,0.9484,8.4906,0.7775,0.082,0.4066,0.6086,3.9158,2.8767,4.14,4.23,62.43,59.84,59.08,12.47,14.57,1.168,112.9,108.0,21.0,50.4,127.2,11.1,20.9,102.9,5.2,110.5,31.9,35.1
1601,laissez,0.3876,6.6128,1.7079,0.9934,11.9148,0.7844,0.5652,0.2685,1.3044,1.9643,6.2532,5.09,5.09,61.34,58.22,58.22,13.57,11.08,0.817,108.6,102.7,21.5,49.3,124.8,12.2,22.6,108.9,5.6,114.0,38.4,38.4
1602,laissez,0.5327,3.8524,1.4121,0.2479,6.513,0.6301,0.3238,0.7844,1.0182,3.3703,2.5168,9.7,9.7,57.18,51.63,51.63,35.54,14.46,0.407,100.5,99.2,25.8,39.0,125.6,13.1,20.4,84.4,7.1,120.1,66.2,66.2
1603,laissez,0.4308,2.3218,1.9047,0.2013,9.1196,0.7504,0.0065,0.2156,1.4392,2.3598,4.7193,7.48,7.48,59.16,54.73,54.73,27.83,15.49,0.557,96.1,93.7,24.3,42.6,123.8,14.7,25.3,108.0,6.7,119.5,56.9,56.9
1604,laissez,0.2585,6.6735,1.0841,0.4154,5.3324,0.5862,0.0316,0.9672,0.7611,1.661,4.8295,5.75,5.75,60.44,56.96,56.96,17.03,11.01,0.647,113.0,112.1,22.9,45.9,123.3,10.3,17.2,78.7,6.2,118.1,41.7,41.7
1605,laissez,0.2973,4.4604,0.6866,1.0961,9.1508,0.8477,0.3371,0.7323,1.1858,4.9202,3.0283,4.36,4.36,62.18,59.47,59.04,13.93,14.97,1.075,119.4,115.1,21.2,50.0,128.2,9.7,18.0,88.7,5.1,109.8,30.9,35.0
1606,laissez,0.4306,4.6354,1.6078,0.3943,7.893,0.7297,-0.084,0.981,0.5394,4.1008,4.276,6.14,6.14,60.49,56.77,56.77,24.8,18.23,0.735,113.1,112.8,23.8,43.9,129.0,10.1,17.1,77.7,5.9,112.6,42.9,42.9
1607,laissez,0.5664,2.7411,0.7493,0.2001,9.734,0.8346,0.5872,0.1482,0.7581,7.7093,7.12,9.9,9.9,56.75,51.13,51.13,27.17,4.65,0.171,90.1,86.1,25.2,40.4,118.1,17.4,29.0,112.4,7.7,128.2,72.8,72.8
1608,laissez,0.3129,5.608,1.2371,0.3862,5.5322,0.7229,0.0852,0.219,1.423,1.0806,3.3727,6.39,6.39,59.99,56.15,56.15,22.71,14.4,0.634,100.7,97.0,23.5,44.7,125.5,13.7,24.1,108.5,6.2,116.4,49.8,49.8
1609,laissez,0.5898,4.6129,0.7243,0.3756,8.3599,0.7567,0.2364,0.9292,1.1403,3.1617,1.4296,8.89,8.89,57.85,52.71,52.71,31.88,13.83,0.434,104.5,104.1,25.3,40.3,124.7,11.9,18.7,78.4,7.0,120.1,60.6,60.6
1610,laissez,0.3525,5.8158,0.5164,1.1344,10.1575,0.239,-0.2831,0.9973,0.8173,3.6812,3.9343,4.8,4.8,61.68,58.72,58.72,15.46,14.39,0.931,116.0,115.5,22.9,45.9,126.6,9.7,16.6,78.2,5.8,113.8,34.9,35.2
1611,laissez,0.5809,5.3927,0.7702,0.7949,11.1034,0.389,0.3215,0.985,1.3155,1.3074,4.6427,6.06,6.06,60.43,56.77,56.77,21.47,14.88,0.693,115.6,112.7,23.1,45.6,128.4,10.2,17.4,81.1,5.8,112.5,42.0,42.0
1612,laissez,0.3029,6.841,0.5831,1.1138,3.1344,0.236,0.5149,0.513,0.6418,1.0873,4.0091,4.53,4.57,62.12,59.3,58.86,24.34,24.93,1.024,118.9,111.3,22.0,48.1,138.1,10.4,20.2,102.5,4.6,101.3,33.5,36.4
1613,laissez,0.3682,2.3879,0.9406,0.7999,4.0497,0.8198,0.3724,0.3311,0.6317,2.0977,9.2491,5.82,5.82,60.75,57.22,57.22,31.01,25.71,0.829,110.0,103.1,23.5,44.5,139.0,12.1,22.9,109.7,5.0,102.9,44.4,44.4
1614,laissez,0.3207,3.4786,1.5089,0.4257,8.9125,0.3748,-0.1463,0.1798,1.4522,1.3907,5.9216,6.6,6.6,59.72,55.78,55.78,20.18,10.81,0.536,96.2,93.8,23.8,43.8,120.6,14.7,25.1,109.2,6.8,122.4,52.4,52.4
1615,laissez,0.3737,6.4387,1.1745,0.4678,3.1412,0.7943,0.3317,0.5223,0.6635,2.4377,2.4574,7.31,7.31,59.23,54.9,54.9,31.63,19.81,0.626,106.8,102.4,24.5,42.1,133.0,12.3,21.3,95.8,5.9,110.3,52.9,52.9
1616,laissez,0.447,2.8188,1.272,0.3627,5.4584,0.4297,0.1108,0.713,1.4286,1.5419,3.8473,9.37,9.37,57.27,51.9,51.9,37.31,17.01,0.456,97.3,97.5,26.6,37.3,125.8,13.6,20.8,85.4,7.3,121.0,67.7,67.7
1617,laissez,0.5446,6.0733,0.7182,0.9986,4.7827,0.6617,0.4955,0.2025,1.2234,4.6481,7.8075,6.86,6.86,59.98,55.86,55.86,37.58,28.44,0.757,108.7,100.3,24.4,42.3,142.8,12.8,23.8,113.5,5.1,100.6,49.7,49.7
1618,laissez,0.4921,2.4824,1.8913,0.7642,3.69,0.4605,0.3467,0.7485,0.6718,5.9507,5.4809,7.16,7.16,59.85,55.56,55.56,49.03,39.05,0.796,117.4,111.4,25.4,40.0,152.3,10.4,19.0,89.5,4.7,94.2,48.5,48.5
1619,laissez,0.2676,3.7826,1.3109,0.7141,3.6145,0.744,0.5596,0.0059,0.6534,3.65,1.5079,5.84,5.84,60.49,56.96,56.96,22.36,16.34,0.731,102.6,95.1,22.7,46.5,129.6,14.3,27.9,126.7,5.6,111.0,47.3,47.3
1620,laissez,0.5679,3.3876,1.5541,1.0519,8.9188,0.794,-0.193,0.7369,0.5149,8.0242,3.1168,3.57,4.17,63.13,60.87,59.1,31.77,36.77,1.157,123.9,121.1,23.2,45.3,147.6,8.8,17.2,85.7,4.2,93.9,26.1,35.0
1621,laissez,0.3069,5.8148,1.5801,0.9867,9.1667,0.7857,0.0105,0.2337,1.408,1.9529,8.5436,4.09,4.21,62.57,60.01,59.08,14.05,16.64,1.184,109.8,104.3,21.3,49.8,129.0,11.9,22.9,112.8,5.1,108.8,32.7,35.3
1622,laissez,0.4066,4.0686,0.558,0.3635,3.7711,0.3102,0.4654,0.0733,1.1021,3.4148,8.233,9.17,9.17,57.31,52.05,52.05,34.1,14.24,0.418,92.2,86.9,25.6,39.6,127.1,17.1,30.8,120.6,6.9,118.6,70.6,70.6
1623,laissez,0.5594,2.8214,1.5753,0.8693,16.0504,0.6912,0.1162,0.0527,0.7862,6.2135,4.6618,4.88,4.88,61.8,58.79,58.79,18.47,17.58,0.952,105.3,99.5,22.1,47.9,130.0,13.0,25.3,120.1,5.3,109.0,38.7,38.7
1624,laissez,0.3365,2.0601,0.8084,0.7387,5.4881,0.4542,0.4091,0.3028,0.6276,1.9615,1.6615,5.97,5.97,60.54,56.93,56.93,24.55,18.44,0.751,107.5,101.4,23.0,45.6,131.6,12.5,23.0,108.4,5.5,109.2,45.0,45.0
1625,laissez,0.3645,6.6632,0.8478,0.5041,7.1466,0.3055,0.5643,0.3912,0.6899,3.1855,2.8698,6.52,6.52,59.73,55.84,55.84,18.53,9.32,0.503,104.5,99.4,22.9,46.0,123.2,13.1,22.7,103.9,6.3,118.3,48.6,48.6
1626,laissez,0.361,2.788,1.4264,0.5056,17.4476,0.2018,0.5015,0.4706,1.4261,7.7292,2.3934,5.4,5.4,60.75,57.47,57.47,10.31,5.71,0.554,107.5,103.3,21.6,49.2,119.8,12.1,21.3,99.8,6.1,120.0,40.6,40.6
1627,laissez,0.3736,4.4223,1.8495,0.5561,3.8171,0.366,0.103,0.5018,0.5129,1.3671,3.2321,6.64,6.64,59.92,55.94,55.94,32.29,23.38,0.724,104.8,101.6,25.0,40.9,135.0,12.5,21.7,98.1,5.8,108.8,50.6,50.6
1628,laissez,0.2857,6.8492,0.7212,0.6648,4.8933,0.7922,0.4824,0.2235,0.8895,1.9046,4.4584,5.76,5.76,60.59,57.1,57.1,18.02,12.39,0.688,106.1,100.4,22.4,47.2,125.9,12.8,23.2,109.1,5.8,114.4,43.8,43.8
1629,laissez,0.4661,5.6363,0.5662,1.0606,9.9987,0.2198,-0.1259,0.6768,0.9462,1.2534,3.2602,5.74,5.74,60.87,57.38,57.38,21.21,16.34,0.77,108.0,106.3,24.0,43.4,128.0,11.4,19.5,89.4,6.1,113.8,42.8,42.8
1630,laissez,0.2675,3.554,1.1796,1.0689,9.2489,0.617,0.3241,0.3848,1.1355,2.8575,2.3589,4.34,4.34,62.2,59.5,59.05,12.36,13.51,1.093,112.4,106.9,21.0,50.4,126.8,11.3,21.4,105.2,5.2,111.0,33.0,35.3
1631,laissez,0.571,4.1452,1.6647,0.6093,6.3317,0.7758,-0.2196,0.0249,1.1729,5.917,4.3351,6.59,6.59,60.55,56.56,56.56,44.1,36.89,0.837,97.9,94.7,25.7,39.3,144.4,14.4,28.3,120.1,5.3,100.2,51.8,51.8
1632,laissez,0.3197,5.7243,1.7209,0.3765,19.2824,0.4469,-0.0037,0.3039,1.1914,2.105,4.1854,5.21,5.21,60.89,57.72,57.72,9.2,5.31,0.577,103.1,99.5,21.7,48.8,118.2,13.0,23.0,106.5,6.3,122.0,41.2,41.2
1633,laissez,0.44,6.1979,1.7826,1.0846,9.9832,0.4107,-0.1995,0.505,1.1423,6.8825,9.149,4.4,4.4,62.38,59.63,59.01,19.56,21.05,1.076,111.4,107.9,22.8,46.3,132.5,11.1,20.5,99.0,5.2,107.1,34.0,35.5
1634,laissez,0.5152,4.5044,1.5761,1.003,12.4739,0.4257,-0.1092,0.0398,1.1454,6.3347,5.0366,5.11,5.11,61.69,58.54,58.54,20.94,19.34,0.924,102.6,97.9,23.2,45.3,131.0,13.4,25.4,118.4,5.5,109.3,41.0,41.0
1635,laissez,0.5319,3.2773,0.4186,0.5188,6.1166,0.4991,0.2216,0.2868,0.8111,2.9507,1.9884,9.09,9.09,57.77,52.51,52.51,36.96,18.37,0.497,94.0,90.7,26.1,38.3,129.9,15.7,27.1,109.8,6.8,115.7,67.5,67.5
1636,laissez,0.5586,4.8449,1.8286,1.0103,3.8299,0.2707,0.2021,0.8183,0.532,4.7072,7.3646,6.82,6.82,60.28,56.17,56.17,49.26,40.96,0.832,116.9,112.6,26.5,37.3,155.5,10.2,18.1,85.2,4.8,92.8,47.0,47.0
1637,laissez,0.5709,3.9282,0.5085,0.8103,3.5635,0.6649,0.084,0.3287,1.3673,2.4373,0.6252,8.65,8.65,58.55,53.49,53.49,54.88,39.04,0.711,99.5,95.8,27.6,34.8,150.5,14.1,25.4,108.4,5.6,98.5,62.8,62.8
1638,laissez,0.5093,6.865,1.4048,1.0718,14.2818,0.691,0.3162,0.0206,1.2653,6.1969,0.3883,4.74,4.74,61.9,58.96,58.96,15.72,15.34,0.976,105.5,98.7,21.6,49.2,128.4,13.2,26.2,124.4,5.2,110.0,37.9,37.9
1639,laissez,0.2746,6.7795,0.3342,0.8701,12.8361,0.3677,0.3924,0.3769,1.2462,1.2666,3.3643,4.67,4.67,61.58,58.71,58.71,8.63,7.53,0.873,109.4,104.7,21.0,50.5,121.4,11.8,21.5,103.4,5.7,117.1,35.9,35.9
1640,laissez,0.5276,3.9951,1.1961,1.0226,9.3949,0.8528,0.1615,0.3028,0.9847,9.254,8.4412,4.7,4.7,62.18,59.25,59.04,24.53,24.96,1.018,113.2,107.2,22.4,47.1,137.7,11.2,21.8,107.4,4.7,101.8,35.0,35.5
1641,laissez,0.5277,4.3093,1.6034,0.6463,12.3746,0.6215,0.1191,0.6111,1.1884,1.3698,2.9221,5.85,5.85,60.81,57.25,57.25,21.26,16.04,0.754,109.6,106.4,23.0,45.8,128.0,11.4,20.1,93.3,5.8,112.4,42.0,42.0
1642,laissez,0.58,4.4156,0.5464,0.2507,7.3087,0.6264,0.2707,0.5672,0.6495,7.3471,2.1653,9.66,9.66,57.0,51.49,51.49,33.23,11.76,0.354,95.2,93.6,25.9,38.9,123.3,14.7,23.2,94.9,7.3,122.9,69.5,69.5
1643,laissez,0.573,7.601,1.9118,1.1164,3.2819,0.7678,-0.2356,0.8869,1.1065,1.1292,3.0592,2.95,4.13,64.63,62.72,59.1,60.12,70.25,1.168,130.7,128.1,25.9,38.9,183.0,7.9,16.2,83.2,2.8,73.2,19.7,35.0
1644,laissez,0.4082,6.9552,1.7496,0.2171,3.1436,0.6586,-0.0527,0.5524,0.5885,5.6225,2.1205,8.37,8.37,58.29,53.41,53.41,39.05,23.02,0.59,98.7,98.5,26.4,37.6,132.2,13.3,21.4,90.1,6.6,113.8,62.2,62.2
1645,laissez,0.493,5.079,1.6458,0.6332,8.2,0.3956,0.4078,0.344,0.6049,7.8562,3.12,6.58,6.58,60.12,56.16,56.16,24.73,16.42,0.664,106.2,100.8,23.3,45.0,129.5,12.7,22.6,104.4,5.8,111.6,47.5,47.5
1646,laissez,0.3944,3.8227,1.1083,0.8718,4.014,0.5285,0.0669,0.6242,0.567,4.1154,4.8865,5.59,5.59,61.2,57.78,57.78,33.19,29.47,0.888,113.0,109.1,24.6,42.0,142.5,10.8,19.8,94.1,5.0,100.7,41.4,41.4
1647,laissez,0.406,3.6316,0.4204,1.0286,3.3592,0.6606,0.0911,0.2493,1.3764,6.4117,2.608,5.03,5.03,61.7,58.59,58.59,37.94,36.52,0.963,108.8,102.1,24.5,42.2,149.5,12.4,25.0,120.5,4.5,94.8,41.3,41.3
1648,laissez,0.2553,4.8189,1.2059,0.8258,3.7492,0.6044,-0.296,0.7864,1.0162,1.3386,6.575,4.33,4.47,62.3,59.6,58.86,22.12,23.57,1.066,116.9,115.2,23.1,45.6,134.7,9.7,17.8,85.3,5.1,105.7,33.0,35.9
1649,laissez,0.5737,4.6164,0.6373,1.062,12.0222,0.8285,0.2353,0.9869,0.6586,1.2939,2.3948,5.12,5.12,61.6,58.44,58.44,21.01,19.16,0.912,120.9,117.6,22.4,47.2,132.2,9.3,16.8,81.1,5.2,107.2,34.4,35.1
1650,laissez,0.418,4.0871,1.8243,0.9343,18.4946,0.8236,-0.2795,0.2488,0.8621,5.4414,2.961,3.67,4.13,62.87,60.57,59.1,12.18,16.32,1.34,111.2,106.4,20.9,50.7,128.0,11.4,22.0,108.8,5.0,109.3,29.8,35.0
1651,laissez,0.2501,3.7507,0.3864,1.0593,4.0808,0.371,0.3711,0.1389,0.7477,2.0935,3.3125,4.43,4.52,62.17,59.41,58.89,20.05,20.95,1.045,110.3,102.9,21.8,48.7,133.8,12.2,24.0,119.5,4.8,105.0,35.8,36.7
1652,laissez,0.374,4.3295,0.8668,0.6789,5.5443,0.7874,0.0668,0.3523,0.6837,1.6746,4.0605,5.38,5.38,61.15,57.86,57.86,25.4,21.92,0.863,107.8,103.1,23.3,45.0,134.4,12.1,22.6,106.7,5.3,106.7,42.3,42.3
1653,laissez,0.5516,7.0502,1.1654,0.3802,19.0184,0.4879,0.0595,0.4831,0.8495,2.3432,4.0485,6.29,6.29,59.97,56.2,56.2,14.64,6.46,0.441,102.2,99.7,22.9,46.0,119.1,13.0,21.9,98.2,6.6,122.7,47.2,47.2
1654,laissez,0.3354,7.6626,1.9685,0.9608,5.3128,0.3557,-0.1354,0.4875,0.6686,1.2062,5.0484,4.59,4.59,62.11,59.26,58.94,22.21,22.67,1.021,109.7,106.0,23.3,45.0,134.2,11.5,21.2,101.9,5.2,106.4,36.7,36.7
1655,laissez,0.4265,3.1512,0.9084,0.2296,3.9516,0.6987,0.3997,0.1591,0.8809,1.0176,4.5229,10.35,10.35,56.25,50.43,50.43,38.02,13.57,0.357,90.2,86.7,26.5,37.5,125.4,17.2,28.9,110.5,7.4,122.0,77.8,77.8
1656,laissez,0.589,6.7924,1.127,0.803,14.5863,0.8201,-0.0799,0.4005,0.541,4.0239,5.0724,5.01,5.01,61.62,58.53,58.53,17.61,16.0,0.909,108.4,104.6,22.4,47.1,128.7,11.8,21.6,102.3,5.5,110.8,38.1,38.1
1657,laissez,0.4984,4.7406,1.4357,1.0917,6.852,0.8396,0.5723,0.5386,0.5046,9.7063,5.8675,6.1,6.1,60.7,57.0,57.0,28.61,22.67,0.792,115.0,108.1,23.2,45.4,136.3,11.0,20.2,97.7,5.2,104.6,42.2,42.2
1658,laissez,0.5318,4.7064,1.7605,0.9529,6.5267,0.6312,-0.0036,0.7373,0.8749,1.8872,2.5922,5.04,5.04,61.93,58.81,58.81,35.53,34.71,0.977,118.3,115.0,24.3,42.6,146.2,9.8,18.1,87.6,4.7,96.7,35.6,35.6
1659,laissez,0.4058,6.6917,0.6235,1.0304,5.1527,0.7473,0.2664,0.0471,1.3051,1.8446,3.3097,4.96,4.96,61.79,58.73,58.73,26.09,25.05,0.96,107.3,99.7,22.7,46.4,138.0,13.0,26.4,125.7,4.8,102.2,39.5,39.5
1660,laissez,0.5167,3.4169,1.3756,0.353,19.1966,0.217,0.1692,0.7305,1.0744,4.522,3.8292,6.97,6.97,59.36,55.22,55.22,16.32,5.36,0.328,103.6,102.4,23.4,44.8,117.6,12.3,19.9,87.3,7.0,125.3,50.1,50.1
1661,laissez,0.557,6.722,0.4575,0.7127,8.0962,0.6136,0.1333,0.9597,1.125,2.2906,4.2301,6.68,6.68,59.98,55.98,55.98,26.98,18.16,0.673,111.7,110.0,24.1,43.1,129.8,10.7,18.0,81.3,6.0,112.4,46.7,46.7
1662,laissez,0.4956,3.7792,1.8258,0.9663,5.6004,0.5038,-0.2512,0.6711,1.1859,6.4524,6.0325,5.03,5.03,61.94,58.83,58.83,40.91,40.13,0.981,113.9,112.5,25.5,39.8,149.0,10.2,18.6,88.0,4.8,96.0,37.9,37.9
1663,laissez,0.4765,2.4291,1.8346,0.5391,4.0701,0.626,-0.1295,0.0882,0.9157,4.5787,3.4383,7.68,7.68,59.35,54.8,54.8,50.62,38.47,0.76,96.2,93.9,27.2,35.9,146.6,14.6,27.1,113.4,5.6,101.0,60.1,60.1
1664,laissez,0.512,6.4256,0.3232,1.0323,15.6697,0.4121,0.4451,0.1315,0.7476,2.1571,3.7455,5.31,5.31,61.2,57.95,57.95,14.11,10.87,0.77,105.2,99.2,21.8,48.6,124.6,13.1,24.2,115.5,5.7,114.5,40.6,40.6
1665,laissez,0.4383,2.3632,0.4408,0.7969,9.8322,0.2626,0.2769,0.097,0.946,7.6128,4.1887,6.1,6.1,60.41,56.72,56.72,20.74,14.03,0.676,100.4,94.9,23.3,45.1,127.3,14.3,26.8,119.8,6.0,113.8,47.9,47.9
1666,laissez,0.4442,6.5439,1.2225,0.228,5.9459,0.8562,-0.0551,0.2848,0.6027,3.478,7.2373,7.66,7.66,58.97,54.46,54.46,29.7,16.6,0.559,96.4,94.4,25.0,41.1,127.3,14.5,24.6,105.0,6.6,116.5,58.1,58.1
1667,laissez,0.5461,3.6902,1.8749,0.4595,15.9767,0.2588,0.4896,0.8617,0.5403,3.2205,0.8809,6.56,6.56,59.8,55.87,55.87,16.6,7.49,0.451,110.7,108.0,22.7,46.4,121.2,11.1,18.4,83.7,6.4,120.0,45.3,45.3
1668,laissez,0.4533,5.3861,1.9623,0.7831,19.909,0.4924,0.4359,0.4568,0.6531,9.766,5.3157,5.07,5.07,61.28,58.17,58.17,11.1,8.48,0.764,109.9,105.4,21.4,49.6,122.1,11.6,20.9,99.5,5.8,116.8,37.6,37.6
1669,laissez,0.5512,6.9274,1.4598,1.1951,11.6723,0.319,0.2745,0.0814,1.2727,2.4463,2.3211,4.86,4.86,61.84,58.83,58.83,19.86,19.1,0.962,107.4,100.8,22.3,47.4,132.1,12.7,24.3,118.4,5.2,107.1,38.3,38.3
1670,laissez,0.5258,4.487,1.0022,0.5967,14.457,0.3413,0.5982,0.4796,1.0845,1.0553,9.3532,6.52,6.52,59.8,55.9,55.9,16.52,7.49,0.453,105.6,101.0,22.7,46.6,121.7,12.6,21.7,99.3,6.3,119.5,47.4,47.4
1671,laissez,0.3501,3.5659,1.0921,0.6031,7.9249,0.8024,-0.0046,0.7006,1.1512,3.4943,4.0266,5.6,5.6,60.89,57.48,57.48,20.63,16.06,0.778,110.5,108.1,23.0,45.8,127.9,11.0,19.5,90.3,5.8,112.8,41.4,41.4
1672,laissez,0.4382,3.2361,1.2037,0.2325,8.013,0.8675,-0.2334,0.7,1.4476,5.0468,3.661,7.55,7.55,59.01,54.56,54.56,30.04,17.21,0.573,101.2,101.7,24.8,41.6,124.6,12.5,20.5,87.0,6.7,119.3,55.3,55.3
1673,laissez,0.3563,4.183,1.4027,0.3292,6.3328,0.2962,0.1309,0.432,1.0082,1.7382,5.2255,7.77,7.77,58.58,54.02,54.02,25.73,11.42,0.444,97.4,95.5,24.9,41.3,122.2,14.1,22.9,98.2,7.0,122.5,58.7,58.7
1674,laissez,0.5399,4.0792,1.394,0.5733,17.3469,0.534,0.0638,0.036,1.2416,9.0728,4.9684,6.12,6.12,60.35,56.66,56.66,16.88,9.97,0.591,99.1,95.2,22.9,46.0,122.0,14.2,25.5,113.8,6.3,119.1,47.4,47.4
1675,laissez,0.3408,2.666,0.3012,1.0167,4.4871,0.7377,0.0229,0.1404,1.0377,2.1366,3.4616,4.74,4.74,61.95,59.02,58.85,28.08,27.87,0.993,106.2,100.1,23.4,44.7,140.1,12.9,26.1,123.6,4.8,101.2,39.6,39.6
1676,laissez,0.2596,2.3385,0.745,0.9159,14.3302,0.667,0.3793,0.5613,1.1193,3.4431,1.144,4.63,4.63,61.64,58.78,58.78,8.83,7.94,0.899,111.9,107.6,21.0,50.5,121.8,11.1,20.2,97.3,5.7,116.6,34.7,35.3
1677,laissez,0.494,4.0488,1.2711,0.757,5.1805,0.831,-0.056,0.0612,1.3601,3.8654,7.1074,6.4,6.4,60.64,56.76,56.76,40.34,33.71,0.836,101.2,96.7,25.2,40.4,144.4,13.8,27.1,119.3,5.2,99.8,49.7,49.7
1678,laissez,0.342,5.3635,1.8773,1.141,11.7575,0.3946,0.336,0.7188,0.8246,9.9654,0.7263,4.32,4.32,62.24,59.55,59.06,13.06,14.33,1.097,117.3,112.8,21.1,50.4,127.2,10.1,18.8,92.8,5.2,110.6,31.1,35.0
1679,laissez,0.2821,6.6576,0.6354,0.5817,18.6491,0.3823,-0.0205,0.0407,1.0817,3.0593,6.7388,4.9,4.9,61.11,58.12,58.12,7.56,4.8,0.635,99.5,94.8,21.5,49.4,118.2,14.4,27.2,122.3,6.2,121.6,41.7,41.7
1680,laissez,0.3533,3.8578,0.9363,0.5485,9.3756,0.5707,-0.1046,0.3267,1.4169,8.9649,5.6679,6.21,6.21,60.1,56.37,56.37,19.57,11.87,0.607,99.9,97.3,23.4,44.7,122.5,13.6,23.5,105.4,6.4,119.7,48.8,48.8
1681,laissez,0.3446,7.0374,0.3806,0.804,12.1021,0.7811,0.4968,0.2567,0.6609,2.5264,6.4811,5.09,5.09,61.15,58.03,58.03,11.4,8.39,0.736,106.2,100.7,21.5,49.4,122.3,12.7,23.3,110.9,5.8,116.9,39.7,39.7
1682,laissez,0.375,7.3109,0.7781,0.8314,5.7523,0.8643,0.1916,0.3876,1.4386,3.3311,6.5014,5.11,5.11,61.49,58.34,58.34,21.77,19.65,0.903,109.7,104.1,22.5,46.8,132.6,11.9,22.3,107.3,5.2,107.3,39.3,39.3
1683,laissez,0.5747,2.1274,1.875,0.8696,15.047,0.8593,-0.2007,0.1803,0.8189,3.6433,7.0411,4.12,4.16,62.73,60.15,59.1,22.05,24.99,1.133,109.9,105.0,22.1,48.0,135.2,11.7,23.0,112.8,4.8,103.4,32.9,35.1
1684,laissez,0.4185,5.0952,0.8258,0.6479,8.8654,0.6359,0.4062,0.5197,1.0666,1.0057,3.9989,6.1,6.1,60.38,56.7,56.7,19.79,13.01,0.657,108.3,103.6,22.8,46.3,126.5,12.0,21.2,98.8,5.9,114.1,44.5,44.5
1685,laissez,0.4441,6.5584,1.8545,0.5387,9.2912,0.684,0.0452,0.5501,0.6487,1.3401,5.5145,5.6,5.6,61.03,57.61,57.61,21.3,17.09,0.802,109.3,106.1,22.9,45.9,128.6,11.5,20.4,94.9,5.7,111.7,41.1,41.1
1686,laissez,0.3243,2.18,0.7516,0.6438,8.3688,0.3334,0.5106,0.7193,0.5917,1.541,3.3659,5.9,5.9,60.44,56.87,56.87,17.24,10.97,0.636,111.9,107.8,22.4,47.2,124.6,11.1,19.3,90.3,5.9,115.7,42.2,42.2
1687,laissez,0.4801,2.4607,0.9508,0.567,4.3449,0.6698,0.5019,0.8418,0.5301,7.4664,2.8086,9.16,9.16,57.74,52.45,52.45,39.98,21.21,0.531,108.2,103.9,25.8,39.0,135.4,12.0,19.4,84.6,6.3,109.9,61.7,61.7
1688,laissez,0.505,2.8685,1.7243,0.7423,3.2355,0.3181,0.2112,0.9632,0.8365,3.8664,3.8463,8.22,8.22,58.8,53.97,53.97,53.05,38.57,0.727,113.8,111.2,27.4,35.3,152.7,10.4,17.5,78.3,5.3,96.8,56.4,56.4
1689,laissez,0.4496,7.0118,1.7307,1.1229,7.796,0.4741,0.5824,0.7183,0.7642,2.639,6.0874,5.33,5.33,61.41,58.14,58.14,21.89,19.16,0.875,119.3,113.4,22.2,47.6,132.6,10.0,18.3,90.3,5.1,106.7,36.0,36.0
1690,laissez,0.274,4.6906,1.3355,0.2007,7.5555,0.6277,0.4252,0.9202,1.4731,1.7159,2.2396,6.28,6.28,59.72,55.97,55.97,15.02,6.2,0.413,110.0,107.8,22.5,46.9,119.2,11.1,18.4,83.3,6.5,122.6,45.5,45.5
1691,laissez,0.3383,5.1687,0.9571,0.5928,4.891,0.4084,-0.1791,0.9106,0.7078,2.4558,7.1812,6.51,6.51,59.98,56.08,56.08,26.29,17.77,0.676,108.0,108.4,24.9,41.2,128.5,11.0,18.0,79.8,6.3,115.0,48.1,48.1
1692,laissez,0.5259,5.8504,0.9161,0.7204,18.5016,0.4338,0.4268,0.6256,0.9252,1.3086,2.9429,5.55,5.55,60.79,57.42,57.42,13.01,8.26,0.635,109.7,105.7,21.9,48.4,122.2,11.6,20.4,95.5,6.0,117.5,40.3,40.3
1693,laissez,0.5709,2.8798,1.1697,0.7709,12.6663,0.6402,0.2054,0.4682,1.0307,1.6879,4.7472,5.79,5.79,60.87,57.35,57.35,21.97,17.0,0.774,108.0,103.4,22.9,46.0,130.0,12.1,22.0,102.8,5.6,110.2,42.5,42.5
1694,laissez,0.4698,2.8128,1.5961,1.0204,5.9316,0.3192,-0.1299,0.4361,0.8349,6.6667,4.7348,6.08,6.08,60.89,57.19,57.19,35.6,30.19,0.848,106.3,104.3,25.7,39.3,140.9,11.9,20.8,95.5,5.5,103.4,45.8,45.8
1695,laissez,0.2826,5.5819,1.3149,0.2778,3.2816,0.4081,-0.0409,0.4416,0.772,6.809,4.703,7.43,7.43,58.69,54.33,54.33,26.83,13.41,0.5,97.0,95.8,25.2,40.5,123.7,14.0,22.8,97.6,6.9,121.6,58.8,58.8
1696,laissez,0.2601,3.1265,0.642,0.7834,17.9041,0.7618,0.039,0.0998,1.2798,2.4985,3.301,4.49,4.49,61.68,58.91,58.91,7.18,6.64,0.925,103.3,98.2,21.0,50.6,120.4,13.4,25.4,119.5,5.8,118.2,37.5,37.5
1697,laissez,0.4977,4.2069,0.38,0.3908,3.344,0.8209,-0.1729,0.5231,0.5162,3.8861,3.4425,9.96,9.96,57.0,51.33,51.33,49.36,27.43,0.556,90.3,91.2,28.3,33.1,136.0,15.5,26.1,101.0,6.9,112.9,75.5,75.5
1698,laissez,0.3959,6.6586,1.717,0.2662,13.5401,0.785,-0.0677,0.7393,0.893,6.7152,4.4575,5.53,5.53,60.86,57.5,57.5,14.62,10.09,0.69,109.6,107.7,22.2,47.6,121.7,11.1,19.2,88.4,6.1,118.5,40.2,40.2
1699,laissez,0.529,3.8314,0.6916,1.0039,15.2055,0.3808,-0.1901,0.6858,1.0902,3.6554,3.4671,5.76,5.76,60.83,57.32,57.32,19.66,14.64,0.745,107.9,106.5,23.6,44.3,125.9,11.4,19.4,88.7,6.1,115.4,42.5,42.5
1700,laissez,0.4013,4.8145,1.4277,0.2187,6.434,0.8123,0.0633,0.6898,1.3747,2.1575,3.7633,7.52,7.52,58.99,54.55,54.55,28.18,15.35,0.545,103.7,102.7,24.4,42.5,124.8,12.2,20.1,87.1,6.6,118.6,54.3,54.3
1701,laissez,0.4222,4.7929,1.3074,0.4466,3.3495,0.8444,-0.1542,0.8578,1.4886,8.0728,3.4241,7.78,7.78,59.13,54.53,54.53,45.72,32.83,0.718,107.1,108.1,26.4,37.7,140.2,11.0,18.5,79.4,5.9,105.7,55.4,55.4
1702,laissez,0.3968,3.7011,1.9124,0.2615,5.8914,0.7567,0.5608,0.6045,0.8305,2.2414,6.6658,8.37,8.37,57.95,53.09,53.09,25.54,8.59,0.336,101.6,98.1,24.4,42.4,121.9,13.4,21.5,93.0,7.0,122.4,59.9,59.9
1703,laissez,0.4325,7.0947,1.7343,0.3985,3.0717,0.367,0.4293,0.2578,0.7951,3.2678,2.9322,8.68,8.68,57.92,52.89,52.89,37.46,19.95,0.533,98.9,93.4,25.5,39.7,133.1,14.8,25.4,109.0,6.3,112.1,64.1,64.1
1704,laissez,0.434,3.3642,0.4792,1.1796,9.6909,0.4881,0.5971,0.234,1.4215,7.5747,7.3077,4.96,4.96,61.57,58.51,58.51,19.38,17.72,0.914,110.4,102.9,21.8,48.5,131.2,12.2,23.2,114.6,5.1,107.8,38.1,38.1
1705,laissez,0.5106,7.5319,1.7325,0.6962,16.2046,0.2569,0.0787,0.7429,1.058,6.2507,6.9455,5.92,5.92,60.48,56.9,56.9,15.29,9.07,0.593,107.8,105.8,22.9,46.1,121.5,11.5,19.5,89.0,6.3,119.6,43.1,43.1
1706,laissez,0.4079,4.8344,0.3082,0.4983,12.2402,0.5142,0.0843,0.4312,1.0571,8.7019,1.425,6.46,6.46,59.82,55.96,55.96,17.43,8.57,0.492,100.8,98.0,23.2,45.2,120.5,13.4,22.9,102.0,6.6,121.7,49.2,49.2
1707,laissez,0.3132,2.7154,0.3351,0.7865,3.4941,0.3035,0.2305,0.7838,0.6625,2.1366,3.2096,5.79,5.79,60.74,57.22,57.22,28.11,22.83,0.812,114.1,110.4,23.9,43.5,135.8,10.6,18.8,88.7,5.4,106.4,42.5,42.5
1708,laissez,0.3601,4.6393,1.3802,0.2376,18.7178,0.7095,-0.0363,0.4403,0.7436,2.111,6.8159,5.43,5.43,60.76,57.46,57.46,10.54,5.9,0.56,105.1,102.2,21.9,48.4,118.7,12.3,21.5,99.1,6.3,121.6,41.4,41.4
1709,laissez,0.5507,7.1704,1.8576,0.7783,3.2363,0.6652,-0.1723,0.7502,1.0822,9.0362,8.0458,6.2,6.2,60.96,57.17,57.17,57.93,52.46,0.906,113.6,112.5,27.2,35.8,162.7,10.2,18.4,84.4,4.5,88.0,44.3,44.3
1710,laissez,0.5933,7.2391,1.3201,0.9789,15.1891,0.7299,0.1935,0.939,0.921,1.4064,4.2181,4.84,4.84,61.83,58.84,58.84,16.93,16.18,0.956,118.7,115.3,21.8,48.6,129.1,9.7,17.6,85.0,5.3,109.5,33.2,35.0
1711,laissez,0.5195,3.7882,0.4267,0.7631,16.1987,0.762,0.0108,0.4322,1.4544,4.7818,3.4102,5.98,5.98,60.55,56.93,56.93,18.15,12.02,0.662,102.7,99.3,22.9,46.0,123.6,13.1,23.1,105.5,6.2,117.3,45.4,45.4
1712,laissez,0.5062,4.9719,0.5315,0.7001,3.3127,0.7333,0.3526,0.3323,1.0258,2.8558,4.7821,9.0,9.0,58.1,52.87,52.87,45.87,28.28,0.617,101.3,95.5,26.4,37.7,142.3,14.1,24.7,107.6,5.9,104.1,63.7,63.7
1713,laissez,0.4971,4.1692,0.6542,0.2536,15.3614,0.7824,-0.1702,0.3271,1.113,8.4288,2.2766,7.1,7.1,59.39,55.18,55.18,19.27,8.19,0.425,95.8,93.8,23.6,44.2,118.5,14.6,24.9,106.6,7.0,124.5,53.9,53.9
1714,laissez,0.5587,7.2223,1.2108,0.5477,5.7275,0.2536,-0.1751,0.122,0.9329,1.8479,5.788,9.94,9.94,56.9,51.25,51.25,39.77,17.61,0.443,84.4,85.2,28.2,33.3,125.6,17.8,28.2,106.0,7.8,123.3,77.8,77.8
1715,laissez,0.4287,5.1141,0.7041,0.2509,4.6721,0.3638,-0.2317,0.9717,1.4922,1.0988,5.4589,11.13,11.13,55.46,49.29,49.29,41.94,14.29,0.341,88.6,94.1,28.5,32.7,117.7,14.6,19.9,74.5,8.6,134.2,82.3,82.3
1716,laissez,0.2533,2.5804,1.7977,0.5798,3.7808,0.8446,0.4268,0.4698,1.1229,1.1955,5.8048,5.78,5.78,60.55,57.05,57.05,21.9,16.15,0.737,109.5,104.3,22.7,46.5,128.8,11.9,21.4,100.6,5.6,111.9,43.7,43.7
1717,laissez,0.5228,3.3726,1.8951,0.3166,8.3093,0.6225,0.1728,0.547,0.9441,4.5084,3.3125,7.71,7.71,59.11,54.55,54.55,30.7,17.85,0.581,103.0,100.6,24.5,42.1,128.2,12.7,21.4,93.7,6.4,114.9,54.6,54.6
1718,laissez,0.393,5.265,0.4087,0.8942,5.1785,0.6725,-0.0681,0.7014,0.9264,7.8817,1.3301,5.57,5.57,61.07,57.66,57.66,28.4,24.36,0.858,111.3,108.9,24.2,43.0,135.5,10.9,19.5,90.5,5.5,106.7,41.9,41.9
1719,laissez,0.4275,6.9918,1.7923,0.7142,19.9196,0.5995,-0.0923,0.6999,1.3891,1.1194,4.2752,4.75,4.75,61.63,58.7,58.7,11.0,9.87,0.897,112.6,110.1,21.6,49.1,122.4,10.6,18.8,89.3,5.8,116.6,34.9,35.0
1720,laissez,0.3564,5.5346,1.3565,0.9909,8.5149,0.2882,0.019,0.958,0.8146,1.258,6.254,4.94,4.94,61.53,58.5,58.5,17.11,15.42,0.901,115.0,112.7,22.8,46.3,128.2,10.2,17.8,84.8,5.6,111.9,36.2,36.2
1721,laissez,0.5351,4.437,1.3981,0.633,13.7776,0.352,0.3581,0.8302,0.5877,7.1741,6.9613,6.18,6.18,60.33,56.6,56.6,18.42,11.36,0.617,113.1,110.3,22.7,46.4,124.8,10.6,18.1,83.4,6.0,115.8,42.6,42.6
1722,laissez,0.5551,4.4257,0.8183,1.1752,15.7113,0.7642,0.5795,0.9657,0.9256,1.6978,8.5325,5.44,5.44,61.2,57.87,57.87,16.42,12.94,0.788,118.7,114.5,21.9,48.4,126.7,9.8,17.3,83.5,5.6,112.3,36.3,36.3
1723,laissez,0.3469,3.2652,0.4484,0.4918,10.7151,0.6939,0.3636,0.8736,0.7322,4.9712,3.9271,5.75,5.75,60.5,57.02,57.02,14.44,8.58,0.594,113.1,110.4,22.2,47.6,122.2,10.6,18.1,84.1,6.1,118.2,40.8,40.8
1724,laissez,0.2823,4.9485,0.3268,0.9923,4.6539,0.8544,-0.0106,0.4792,0.5204,3.2092,0.8156,4.33,4.52,62.21,59.52,58.86,20.33,21.53,1.059,112.8,108.1,22.3,47.3,133.8,11.0,21.1,102.9,5.0,105.7,34.5,36.3
1725,laissez,0.3506,2.5678,1.7182,0.9776,11.7102,0.204,0.3228,0.0835,0.5181,5.458,0.9185,4.83,4.83,61.64,58.66,58.66,14.47,13.24,0.915,105.6,99.5,21.8,48.7,126.5,13.0,24.6,118.3,5.5,112.4,38.7,38.7
1726,laissez,0.3067,4.4945,0.7736,0.9291,6.1682,0.3522,0.5816,0.4689,1.1087,7.5724,2.7498,5.24,5.24,61.27,58.06,58.06,18.76,15.84,0.844,113.2,107.0,22.0,48.2,129.3,11.3,20.7,100.8,5.3,110.0,38.3,38.3
1727,laissez,0.4899,6.1939,0.5546,0.5126,19.8757,0.7119,0.087,0.364,0.5129,2.2685,3.2376,5.49,5.49,60.78,57.44,57.44,11.61,6.93,0.597,104.0,100.2,22.0,48.1,120.3,12.8,22.7,105.1,6.2,119.8,42.1,42.1
1728,laissez,0.3814,4.6914,0.9143,1.1247,13.0389,0.41,-0.0599,0.2495,1.4556,2.9953,8.256,4.65,4.65,61.92,59.04,58.93,13.76,13.61,0.989,105.5,100.7,22.1,47.9,126.5,12.7,23.6,113.4,5.6,112.7,37.4,37.4
1729,laissez,0.5987,7.3089,0.9984,0.6577,10.638,0.3278,-0.037,0.3631,1.3671,1.6131,6.5402,7.7,7.7,58.84,54.31,54.31,26.18,12.66,0.484,95.7,94.3,25.2,40.6,122.6,14.5,23.5,100.4,7.0,122.0,58.6,58.6
1730,laissez,0.3157,3.8795,1.9232,0.708,6.4088,0.2721,0.3366,0.1631,1.4757,5.7738,2.6181,5.51,5.51,60.95,57.59,57.59,19.76,15.51,0.785,106.1,100.6,22.6,46.8,128.3,12.8,23.3,110.7,5.6,111.9,42.6,42.6
1731,laissez,0.4188,2.6809,0.403,0.3128,4.5138,0.7074,0.5972,0.1924,1.465,5.4219,4.9866,9.93,9.93,56.58,50.96,50.96,33.72,10.77,0.319,92.6,87.6,25.8,39.1,124.2,16.8,28.1,111.4,7.3,122.2,73.9,73.9
1732,laissez,0.3366,5.2072,0.8586,0.8949,19.7079,0.5179,-0.1733,0.6181,0.8616,2.5482,4.8421,4.56,4.56,61.71,58.9,58.9,8.41,7.84,0.932,111.2,108.3,21.4,49.6,121.2,11.0,19.6,93.2,5.8,117.7,34.6,35.0
1733,laissez,0.2982,5.1971,0.3317,1.0902,13.3992,0.6009,-0.1737,0.7095,1.4157,1.8467,3.1952,4.3,4.32,62.15,59.48,59.03,10.57,11.66,1.103,115.2,112.5,21.5,49.4,124.6,10.2,18.4,89.0,5.5,113.9,31.9,35.1
1734,laissez,0.2911,3.9655,0.978,0.8094,10.7224,0.754,-0.1954,0.436,0.7644,1.6802,3.6806,4.46,4.5,61.98,59.21,59.0,12.98,13.31,1.025,110.0,106.4,21.7,48.7,126.0,11.4,21.0,100.7,5.5,112.9,35.0,35.4
1735,laissez,0.5442,6.0036,0.989,0.3156,4.875,0.7763,0.1199,0.4439,0.8708,2.8246,7.4841,9.72,9.72,57.22,51.66,51.66,41.32,20.31,0.492,94.4,92.8,26.6,37.1,130.9,15.0,24.2,99.2,6.9,115.5,70.4,70.4
1736,laissez,0.256,7.6316,0.752,0.7528,3.1103,0.2702,0.3321,0.8409,1.1573,1.5357,6.3056,5.39,5.39,60.96,57.68,57.68,20.03,16.03,0.8,115.7,112.0,22.7,46.5,129.2,10.3,18.2,86.5,5.6,111.3,39.3,39.3
1737,laissez,0.3052,6.0994,0.5072,0.5115,10.0346,0.2334,0.2196,0.4765,1.2395,1.8332,3.6526,5.81,5.81,60.33,56.82,56.82,13.35,6.92,0.518,105.6,102.7,22.5,47.0,119.8,12.2,21.0,95.9,6.4,121.4,44.0,44.0
1738,laissez,0.4305,4.4389,0.6904,0.5163,18.973,0.7813,0.3087,0.3753,0.6697,4.4435,4.1353,5.43,5.43,60.76,57.46,57.46,10.87,6.24,0.574,104.6,100.2,21.7,48.8,120.0,12.8,22.9,106.6,6.1,119.9,41.9,41.9
1739,laissez,0.3337,4.7488,1.8035,1.007,9.2868,0.8135,0.1245,0.4107,1.0453,4.2517,5.8963,3.8,4.19,62.82,60.43,59.08,16.18,19.94,1.232,116.6,111.2,21.0,50.5,131.7,10.4,20.2,101.4,4.8,105.8,28.9,35.0
1740,laissez,0.5026,5.791,1.9176,0.3807,3.335,0.6984,0.1544,0.2898,1.3033,8.2014,6.6748,9.16,9.16,58.23,52.9,52.9,51.56,34.03,0.66,99.8,96.3,26.7,36.9,143.9,13.9,23.8,102.0,5.8,102.9,63.7,63.7
1741,laissez,0.4978,3.1129,1.2627,0.3474,5.0481,0.3034,-0.1062,0.0767,1.1419,1.3911,8.7682,11.41,11.41,55.44,49.12,49.12,44.95,16.8,0.374,80.0,81.6,29.0,31.5,123.2,19.4,30.4,106.7,8.3,127.8,89.2,89.2
1742,laissez,0.2618,7.0475,0.8209,0.3226,7.8348,0.6049,-0.159,0.8887,0.5937,1.0328,5.6257,5.65,5.65,60.5,57.08,57.08,13.72,8.03,0.585,109.7,108.9,22.7,46.5,120.4,10.9,18.2,82.9,6.4,121.0,41.9,41.9
1743,laissez,0.4812,2.997,1.9776,0.2781,9.3553,0.7499,0.5047,0.8896,1.0246,9.3123,4.4304,8.15,8.15,58.37,53.61,53.61,24.11,8.61,0.357,105.6,103.2,24.1,43.1,121.6,12.1,19.3,83.9,6.9,122.0,56.0,56.0
1744,laissez,0.3594,5.6876,1.199,0.7645,5.3824,0.6512,0.2281,0.6494,1.0262,9.2904,6.8754,5.27,5.27,61.31,58.07,58.07,23.27,20.38,0.876,114.1,109.4,22.7,46.5,133.2,10.8,19.8,94.8,5.2,106.9,38.8,38.8
1745,laissez,0.5953,4.1842,0.8118,0.4483,10.9655,0.8909,0.562,0.7258,1.3007,9.1128,4.8328,8.03,8.03,58.44,53.75,53.75,23.18,8.06,0.348,105.1,101.9,24.0,43.3,121.9,12.4,20.0,87.6,6.8,121.4,55.7,55.7
1746,laissez,0.3303,4.2972,0.6323,1.111,4.5496,0.3655,0.3717,0.6725,0.9645,1.7604,2.2846,4.51,4.51,62.21,59.4,58.95,25.85,26.72,1.034,121.7,115.4,22.3,47.5,139.6,9.7,18.6,93.7,4.5,100.1,32.1,35.6
1747,laissez,0.4119,4.9151,0.8992,0.8491,4.4348,0.8883,-0.1286,0.5198,1.1559,4.8171,2.8,4.69,4.69,62.14,59.22,58.94,33.29,33.64,1.011,115.2,111.6,23.9,43.7,145.2,10.3,20.0,96.0,4.6,97.2,35.5,35.9
1748,laissez,0.5838,7.2175,1.1345,0.2956,10.641,0.2554,0.3646,0.4271,1.4615,1.6035,7.0785,8.36,8.36,58.0,53.15,53.15,24.09,7.3,0.303,96.5,93.8,24.5,42.1,119.1,14.6,23.5,99.6,7.3,125.7,61.7,61.7
1749,laissez,0.5232,3.4538,1.1793,0.6063,3.2117,0.4253,0.5925,0.8661,1.1922,1.9643,8.2958,11.25,11.25,55.97,49.68,49.68,49.91,23.31,0.467,105.7,100.7,27.4,35.3,138.6,12.7,19.4,81.5,6.6,109.6,73.7,73.7
1750,laissez,0.3794,2.2034,1.2236,0.7029,6.3272,0.5093,-0.1153,0.0556,1.3826,2.1466,8.0067,6.47,6.47,60.07,56.18,56.18,29.11,20.87,0.717,96.9,93.7,24.8,41.5,130.6,14.7,27.0,116.3,6.1,112.6,53.2,53.2
1751,laissez,0.2523,4.0794,0.6695,0.5973,5.2871,0.6826,-0.0734,0.0672,0.9524,2.1755,4.8523,5.55,5.55,60.72,57.35,57.35,18.84,13.92,0.739,99.3,95.0,23.0,45.7,125.5,14.3,27.0,119.7,6.0,115.7,46.5,46.5
1752,laissez,0.3257,7.8398,0.4683,0.95,7.9954,0.5965,0.5197,0.6614,1.4549,1.8318,7.5422,5.02,5.02,61.39,58.32,58.32,14.46,12.25,0.847,114.9,110.1,21.6,49.1,125.8,10.6,19.2,93.1,5.5,113.1,36.1,36.1
1753,laissez,0.5851,5.1077,1.0812,0.3818,4.783,0.4218,0.0212,0.4033,0.7208,5.9882,3.4165,11.21,11.21,55.71,49.47,49.47,45.36,18.19,0.401,86.6,87.6,28.8,32.0,128.3,16.8,25.2,96.1,7.7,121.7,83.9,83.9
1754,laissez,0.3161,2.9164,1.0783,0.2247,5.2412,0.5189,0.1896,0.5951,0.5861,5.6199,3.8335,7.44,7.44,58.84,54.46,54.46,24.13,11.04,0.458,102.3,100.4,24.3,42.7,123.1,12.8,21.1,91.7,6.7,120.6,54.9,54.9
1755,laissez,0.5139,7.6223,1.0902,0.2776,4.4445,0.3627,0.0941,0.0696,0.5734,1.2417,6.4572,10.49,10.49,56.21,50.32,50.32,38.52,13.75,0.357,84.4,83.3,27.8,34.4,124.9,18.6,30.9,112.5,7.7,124.0,81.8,81.8
1756,laissez,0.5159,6.8781,1.4294,0.5307,9.768,0.5485,0.2673,0.4554,1.4635,2.2071,3.8366,6.45,6.45,60.25,56.37,56.37,22.21,14.49,0.652,106.1,102.0,23.1,45.4,127.1,12.4,21.8,99.9,6.0,113.8,46.2,46.2
1757,laissez,0.5815,7.0911,1.1563,1.0152,3.199,0.4115,-0.1872,0.5776,1.382,3.7087,6.4779,7.75,7.75,59.21,54.62,54.62,56.26,43.63,0.776,101.0,101.2,28.8,31.9,153.6,12.6,21.0,90.6,5.6,97.8,59.2,59.2
1758,laissez,0.3002,7.2367,1.0437,0.7673,6.984,0.4726,-0.0261,0.0589,0.7239,7.4401,3.9356,5.09,5.09,61.34,58.21,58.21,15.87,13.38,0.843,101.4,96.6,22.6,46.7,126.1,13.8,26.2,120.1,5.8,114.0,42.1,42.1
1759,laissez,0.517,3.0627,1.9815,0.8193,10.3356,0.2058,0.2536,0.9366,0.6847,2.8953,5.2178,6.39,6.39,60.43,56.56,56.56,23.56,16.38,0.695,113.9,111.6,23.7,44.2,129.2,10.4,17.5,80.8,5.9,112.1,43.1,43.1
1760,laissez,0.4275,5.2027,0.6099,0.6734,8.5485,0.5,-0.2247,0.6432,0.979,9.5822,7.4477,6.57,6.57,60.0,56.06,56.06,24.07,15.5,0.644,102.5,101.6,24.5,42.2,125.6,12.5,20.9,92.4,6.5,117.4,49.3,49.3
1761,laissez,0.2811,4.535,1.5058,0.567,10.7752,0.2559,-0.2914,0.3016,1.1003,7.4959,2.422,5.56,5.56,60.64,57.27,57.27,14.12,8.98,0.636,101.2,98.7,22.9,45.9,120.5,13.2,22.8,103.9,6.4,121.1,44.6,44.6
1762,laissez,0.3395,6.807,0.5302,0.2386,10.9687,0.6859,0.269,0.0209,0.7625,7.5182,8.407,6.18,6.18,59.93,56.23,56.23,13.6,5.5,0.404,96.2,91.5,22.4,47.1,118.5,15.4,29.0,123.2,6.5,123.0,50.6,50.6
1763,laissez,0.499,5.2468,0.7352,0.3905,14.2138,0.2921,0.2786,0.9793,1.1476,6.0766,5.4258,6.86,6.86,59.42,55.34,55.34,17.15,6.54,0.381,108.5,107.4,23.2,45.2,119.1,11.2,18.1,80.0,6.8,123.4,48.0,48.0
1764,laissez,0.5626,2.4986,0.9447,0.6675,13.4898,0.4106,0.5257,0.7119,0.6473,3.3252,8.3119,6.86,6.86,59.67,55.58,55.58,20.42,10.46,0.512,109.3,105.5,23.1,45.4,124.4,11.6,19.6,89.2,6.3,117.0,47.7,47.7
1765,laissez,0.3248,3.4275,1.1337,0.561,10.6886,0.277,0.3729,0.5291,1.4713,2.8975,3.7193,5.57,5.57,60.63,57.26,57.26,13.3,8.1,0.609,108.2,104.3,22.1,48.0,121.8,11.9,20.8,96.9,6.1,118.4,41.7,41.7
1766,laissez,0.3207,4.985,0.98,1.0866,3.6501,0.8352,0.233,0.6606,0.8112,1.6344,3.3645,3.69,4.32,63.01,60.69,59.01,27.28,31.78,1.165,124.6,118.2,22.1,48.0,144.6,9.2,18.5,95.3,4.1,95.4,26.8,35.6
1767,laissez,0.5024,7.589,1.1459,0.8255,5.4483,0.3939,0.2033,0.8106,0.9378,6.3213,3.2058,6.52,6.52,60.26,56.33,56.33,31.07,23.26,0.749,112.9,109.6,24.6,42.0,136.5,10.7,18.6,85.9,5.6,106.3,45.6,45.6
1768,laissez,0.539,4.2516,0.8077,0.9558,4.112,0.8127,0.4312,0.5853,0.9615,7.8452,0.512,6.92,6.92,60.08,55.93,55.93,44.04,35.07,0.796,117.4,110.1,25.0,41.0,149.9,10.6,19.6,93.8,4.8,95.3,46.7,46.7
1769,laissez,0.2586,5.0988,1.8829,0.8983,7.7446,0.4524,0.0748,0.1944,0.83,6.8899,4.9276,4.47,4.47,62.07,59.29,59.02,14.11,14.65,1.038,107.7,102.5,21.7,48.8,127.3,12.3,23.1,112.2,5.4,111.4,35.9,35.9
1770,laissez,0.369,5.5444,1.882,1.1822,8.4832,0.8407,0.2857,0.3316,1.2412,2.7921,3.8301,3.85,4.2,62.84,60.42,59.07,19.16,22.88,1.194,115.6,108.8,21.2,50.0,134.8,10.9,21.6,109.6,4.6,103.0,29.6,35.1
1771,laissez,0.3101,7.775,0.8247,0.5183,13.4181,0.423,-0.2904,0.6766,0.9935,2.7183,2.5576,5.42,5.42,60.68,57.39,57.39,11.81,6.99,0.592,106.9,105.4,22.4,47.1,119.0,11.6,19.7,89.7,6.4,122.2,41.5,41.5
1772,laissez,0.3207,4.2811,0.6396,0.5985,9.8803,0.6775,-0.1582,0.0661,1.3895,2.1296,3.1554,5.77,5.77,60.53,57.04,57.04,17.06,11.24,0.659,97.0,93.1,22.9,46.0,122.2,14.9,28.1,121.4,6.3,119.2,48.2,48.2
1773,laissez,0.3959,6.5661,0.8058,0.2493,3.7413,0.3823,0.4513,0.4371,0.896,6.5037,5.7299,9.09,9.09,57.27,52.07,52.07,31.29,11.46,0.366,97.4,93.9,25.4,40.1,124.0,14.6,23.4,98.7,7.1,121.7,66.6,66.6
1774,laissez,0.3669,5.8593,0.521,0.7218,4.4403,0.6178,0.5288,0.6734,1.4909,3.5245,3.6019,6.47,6.47,59.91,56.03,56.03,25.78,17.13,0.664,111.2,105.7,23.4,44.8,130.7,11.5,20.2,94.6,5.7,111.0,46.9,46.9
1775,laissez,0.3816,2.6119,0.9458,0.9986,9.4879,0.8678,0.5427,0.1093,1.0292,4.2808,2.6434,5.43,5.43,61.08,57.76,57.76,18.47,14.69,0.795,105.5,98.6,22.1,47.9,128.2,13.3,25.2,119.5,5.5,111.3,42.1,42.1
1776,laissez,0.4669,2.6396,1.8779,0.5518,4.088,0.7241,0.4492,0.1318,1.3748,5.5042,4.9905,8.53,8.53,58.2,53.23,53.23,41.04,24.5,0.597,99.8,93.4,25.6,39.6,137.7,14.8,26.6,114.1,6.0,107.4,62.9,62.9
1777,laissez,0.4559,6.5222,1.5922,1.07,3.1376,0.3717,0.1101,0.5163,1.2658,3.4484,2.9417,5.34,5.34,61.62,58.33,58.33,42.38,40.21,0.949,116.3,111.2,25.4,40.0,153.8,10.4,19.6,95.6,4.5,92.5,39.6,39.6
1778,laissez,0.5447,2.7819,0.5401,1.0668,4.3137,0.3328,0.3901,0.8644,0.7363,2.6018,4.265,6.66,6.66,60.42,56.39,56.39,45.78,38.12,0.833,122.6,116.1,25.0,40.9,152.7,9.6,17.7,85.3,4.6,93.0,43.5,43.5
1779,laissez,0.4255,6.5571,0.3864,0.7978,7.5301,0.6211,-0.013,0.1936,1.4953,2.8534,7.9312,6.44,6.44,60.14,56.27,56.27,24.66,16.68,0.676,98.1,94.4,24.0,43.3,127.0,14.5,26.3,115.0,6.2,115.3,50.9,50.9
1780,laissez,0.4309,3.9015,1.0893,0.5786,4.2285,0.3285,-0.201,0.3043,0.6668,2.415,1.2351,8.29,8.29,58.42,53.58,53.58,38.64,23.06,0.597,92.9,93.0,27.5,35.0,133.1,14.9,23.9,100.0,6.8,114.2,65.0,65.0
1781,laissez,0.2791,7.2585,0.8308,0.4422,15.6891,0.3397,-0.1547,0.6531,0.6825,5.442,5.3226,5.11,5.11,60.9,57.79,57.79,8.6,4.9,0.57,108.2,106.1,21.9,48.4,118.2,11.5,19.7,90.9,6.3,122.3,39.2,39.2
1782,laissez,0.4228,2.6311,1.2016,0.6189,5.2422,0.7624,-0.2175,0.818,0.5746,2.2631,4.1107,5.95,5.95,60.87,57.25,57.25,35.02,29.78,0.85,112.3,111.9,25.0,41.0,140.4,10.3,18.4,83.5,5.4,103.1,43.3,43.3
1783,laissez,0.42,7.6621,0.6613,0.7181,16.572,0.5566,0.1337,0.5491,1.1118,7.435,5.573,5.15,5.15,61.13,57.98,57.98,11.37,8.2,0.721,109.0,105.7,21.8,48.6,121.5,11.6,20.4,95.8,6.0,118.1,38.6,38.6
1784,laissez,0.2679,7.2944,1.212,0.225,13.961,0.8542,0.1689,0.2803,1.3397,3.4632,6.4047,5.14,5.14,60.88,57.75,57.75,8.72,4.91,0.563,103.5,99.4,21.4,49.6,118.2,13.1,23.4,108.7,6.2,121.7,41.0,41.0
1785,laissez,0.5274,3.107,0.4912,1.068,4.3329,0.2681,-0.0204,0.9198,1.3396,9.8527,6.7099,7.05,7.05,60.04,55.81,55.81,48.46,39.17,0.808,112.0,111.3,27.5,35.0,150.8,10.4,17.5,79.1,5.4,97.6,49.7,49.7
1786,laissez,0.4327,2.8849,0.3583,0.5309,10.1073,0.6197,-0.0384,0.209,1.3823,1.9817,3.1621,7.14,7.14,59.3,55.06,55.06,23.65,12.26,0.518,95.0,92.3,24.3,42.8,122.2,15.1,26.6,112.1,6.8,121.2,56.3,56.3
1787,laissez,0.3071,2.7284,0.8878,0.4874,13.6576,0.8871,-0.0513,0.8925,0.9369,5.2192,5.2669,5.06,5.06,61.14,58.05,58.05,11.63,8.68,0.746,115.5,114.2,21.7,48.7,121.5,9.9,17.1,79.7,6.0,118.2,36.4,36.4
1788,laissez,0.5333,3.4652,0.9559,0.2687,16.5164,0.7271,-0.1406,0.2162,0.6987,3.1171,1.4986,6.82,6.82,59.63,55.56,55.56,18.37,8.37,0.456,96.5,94.2,23.6,44.4,120.0,14.5,25.1,108.4,6.8,122.5,52.6,52.6
1789,laissez,0.5098,6.3019,0.3627,0.6866,17.1308,0.6568,0.3558,0.9438,1.1271,1.2526,4.9483,5.52,5.52,60.82,57.47,57.47,12.9,8.29,0.643,114.3,111.6,21.9,48.3,122.1,10.4,17.9,83.7,6.0,117.7,38.4,38.4
1790,laissez,0.3087,7.4191,1.9452,0.9878,5.2868,0.3937,0.1734,0.4307,1.3796,5.2831,4.0391,4.41,4.41,62.32,59.58,59.0,19.52,20.87,1.069,113.6,108.2,22.1,47.9,133.1,11.0,20.9,103.1,5.0,105.8,33.5,35.5
1791,laissez,0.5325,4.1369,1.1818,0.3524,8.8464,0.8166,-0.0353,0.0984,1.4121,8.0725,4.7274,8.5,8.5,58.37,53.41,53.41,32.98,16.9,0.512,89.7,87.2,25.4,40.0,125.4,16.9,31.1,119.8,6.9,119.2,66.0,66.0
1792,laissez,0.5076,4.362,1.8694,0.5677,3.9519,0.7375,0.1486,0.6885,1.1727,4.4935,5.858,7.27,7.27,59.98,55.62,55.62,48.89,39.03,0.798,113.4,109.6,25.6,39.5,150.4,10.7,19.5,89.1,4.9,95.6,48.9,48.9
1793,laissez,0.2592,3.0063,1.7759,1.0086,4.8272,0.3526,0.0069,0.7366,1.2355,4.6992,3.0045,4.41,4.49,62.19,59.45,58.9,19.91,20.92,1.051,117.2,114.0,22.7,46.6,133.1,9.9,18.1,88.4,5.1,106.7,32.9,35.9
1794,laissez,0.3604,3.3396,1.6345,1.1142,15.1623,0.2196,-0.0602,0.1952,0.9999,2.8058,2.6481,4.58,4.58,61.9,59.06,58.99,11.92,11.82,0.992,105.3,100.6,21.9,48.3,125.0,12.7,23.5,112.9,5.6,114.2,37.1,37.1
1795,laissez,0.5626,2.6206,1.0745,0.3326,11.5757,0.375,0.2434,0.9299,0.5911,1.7773,0.4325,8.17,8.17,58.34,53.57,53.57,25.05,9.44,0.377,104.7,104.2,24.7,41.7,122.0,11.9,18.7,79.7,7.0,122.3,56.8,56.8
1796,laissez,0.5847,7.5957,1.0606,1.1303,4.8302,0.4234,0.5221,0.6464,0.8387,4.5174,3.675,5.8,5.8,60.97,57.44,57.44,37.62,32.93,0.875,121.9,113.6,23.8,43.8,147.5,10.0,18.9,94.2,4.5,95.7,39.9,39.9
1797,laissez,0.3536,2.5332,1.5894,0.2259,9.431,0.761,0.5868,0.5955,0.6975,2.0125,3.2219,6.94,6.94,59.1,55.0,55.0,16.55,5.0,0.302,103.9,100.4,23.0,45.8,118.9,12.8,21.2,94.7,6.7,123.7,51.2,51.2
1798,laissez,0.418,5.632,1.8226,0.2132,4.0166,0.2482,0.1148,0.6811,0.9768,2.5453,3.4049,10.22,10.22,56.32,50.56,50.56,37.48,13.41,0.358,92.6,93.7,27.3,35.4,122.1,14.7,21.4,85.0,7.9,126.8,75.1,75.1
1799,laissez,0.3365,2.8539,0.8778,0.3374,7.9287,0.4155,-0.2676,0.9242,0.7768,7.154,4.4884,6.97,6.97,59.29,55.16,55.16,22.08,10.96,0.496,104.2,105.4,24.6,41.8,121.3,11.6,18.4,79.3,7.0,123.0,51.5,51.5
1800,laissez,0.3769,2.3005,0.8585,0.8084,17.2394,0.5145,-0.1807,0.4245,1.2098,3.2623,6.2803,5.19,5.19,61.16,57.98,57.98,13.24,10.1,0.763,105.0,102.0,22.3,47.4,122.2,12.4,22.0,102.4,6.1,118.0,40.5,40.5
1801,laissez,0.2878,3.6854,0.7906,0.2774,8.576,0.4491,0.4758,0.2822,0.6838,7.0004,0.8944,6.17,6.17,59.87,56.17,56.17,14.18,5.94,0.419,101.5,96.9,22.4,47.1,119.7,13.7,23.9,109.0,6.4,121.7,47.8,47.8
1802,laissez,0.4833,5.9246,1.4456,0.9094,6.2892,0.5074,0.261,0.5311,1.0897,2.3786,2.7073,5.37,5.37,61.42,58.12,58.12,29.72,26.96,0.907,115.5,109.9,23.3,45.1,139.7,10.7,20.0,97.0,4.9,101.4,38.5,38.5
1803,laissez,0.4306,3.7942,1.4806,0.7335,9.6395,0.4696,-0.1663,0.8022,0.5199,1.4209,6.7632,5.34,5.34,61.22,57.95,57.95,22.04,18.8,0.853,112.3,111.0,23.6,44.3,130.4,10.5,18.2,84.7,5.7,110.8,39.5,39.5
1804,laissez,0.4722,6.9034,0.9044,1.0592,10.6709,0.3614,0.1338,0.1942,1.2614,1.8209,3.4234,5.09,5.09,61.57,58.44,58.44,18.12,16.25,0.897,106.3,101.1,22.6,46.6,129.4,12.6,23.4,111.9,5.5,110.3,39.3,39.3
1805,laissez,0.5355,5.437,1.5579,0.781,7.1616,0.8111,0.1569,0.5981,0.6599,4.0807,1.8691,5.48,5.48,61.41,58.05,58.05,30.84,27.86,0.903,115.9,111.4,23.3,44.9,139.9,10.4,19.3,92.6,4.9,101.2,38.5,38.5
1806,laissez,0.2728,7.9029,0.7462,0.4437,9.8726,0.7308,0.3691,0.0797,1.1441,1.2243,2.7206,5.32,5.32,60.75,57.52,57.52,10.58,6.13,0.579,101.8,96.6,21.7,49.0,119.9,13.8,25.5,116.9,6.1,120.1,42.9,42.9
1807,laissez,0.4425,5.9666,0.3938,0.4124,7.0834,0.7307,-0.2416,0.5718,0.7078,2.7277,6.532,7.34,7.34,59.25,54.9,54.9,26.86,15.01,0.559,98.4,97.9,25.0,41.0,124.7,13.4,22.3,95.6,6.8,119.2,55.0,55.0
1808,laissez,0.2528,6.4749,0.5178,0.784,7.0035,0.4433,0.4302,0.4087,1.2384,6.1619,1.4606,5.03,5.03,61.28,58.2,58.2,12.78,10.24,0.801,109.1,103.9,21.6,49.2,123.8,11.9,21.8,104.2,5.7,115.2,38.4,38.4
1809,laissez,0.514,7.8728,1.2322,1.1536,3.7108,0.4269,0.5014,0.1868,1.2225,3.5319,8.637,5.9,5.9,61.18,57.57,57.57,40.22,35.9,0.893,114.7,104.6,24.0,43.4,150.5,11.8,23.3,116.9,4.3,93.1,41.6,41.6
1810,laissez,0.2772,5.8853,0.5609,0.4361,3.804,0.4401,0.1678,0.6088,0.5373,5.2083,2.6616,6.51,6.51,59.68,55.8,55.8,22.3,13.0,0.583,104.6,101.7,23.8,43.7,125.4,12.5,21.2,95.2,6.3,117.3,49.7,49.7
1811,laissez,0.4438,7.1465,1.8474,0.7228,14.3314,0.8863,-0.1373,0.4787,1.194,3.7734,5.2574,4.25,4.25,62.46,59.8,59.1,15.08,17.06,1.131,114.5,110.9,21.4,49.6,128.6,10.5,19.6,95.2,5.1,109.3,31.4,35.0
1812,laissez,0.4449,4.1068,0.989,0.6994,7.9673,0.3051,0.0336,0.5352,0.6645,1.3363,5.8685,6.46,6.46,60.04,56.16,56.16,24.32,16.03,0.659,103.5,101.1,24.4,42.3,128.3,12.6,21.5,96.9,6.2,114.4,49.1,49.1
1813,laissez,0.4171,4.3898,1.6487,0.4172,7.8087,0.3984,0.5385,0.3299,1.1789,2.5756,2.1448,7.25,7.25,59.11,54.83,54.83,21.56,9.51,0.441,102.0,97.3,23.5,44.6,123.2,13.6,23.2,103.8,6.5,119.3,53.2,53.2
1814,laissez,0.5702,6.658,0.9305,0.6821,5.618,0.2826,-0.1976,0.9343,1.477,3.5924,5.4591,10.27,10.27,56.78,50.95,50.95,44.45,21.46,0.483,93.6,97.8,28.6,32.4,127.1,13.5,19.2,75.4,7.7,122.2,73.3,73.3
1815,laissez,0.2705,5.43,1.2951,0.6676,8.8326,0.7721,0.4655,0.1134,1.153,6.4488,5.974,5.11,5.11,61.1,57.98,57.98,11.74,8.58,0.731,104.2,98.4,21.5,49.3,122.3,13.3,24.6,116.5,5.8,117.0,40.9,40.9
1816,laissez,0.3524,7.0499,1.8009,0.9651,9.8135,0.2385,0.3912,0.0613,0.7855,2.1139,7.5139,4.82,4.82,61.66,58.69,58.69,14.67,13.51,0.921,106.1,99.7,21.6,49.1,126.7,13.0,24.7,119.2,5.4,112.0,38.3,38.3
1817,laissez,0.4388,7.1693,1.1036,0.5448,7.7166,0.8346,0.1976,0.6083,1.2982,5.3006,5.4881,6.07,6.07,60.48,56.81,56.81,21.93,15.47,0.705,108.3,104.5,23.1,45.6,128.2,11.8,20.9,96.4,5.8,112.7,44.3,44.3
1818,laissez,0.3076,7.7426,1.174,0.4027,13.1119,0.3079,0.1655,0.9316,1.3582,2.4276,7.0113,5.53,5.53,60.52,57.17,57.17,10.95,5.52,0.504,111.3,109.7,22.1,48.0,118.5,10.7,18.0,82.7,6.4,122.4,40.3,40.3
1819,laissez,0.5594,3.1718,0.7354,0.6626,6.1623,0.2602,0.2346,0.9808,1.3179,2.4291,0.9262,8.94,8.94,57.86,52.69,52.69,38.79,20.71,0.534,106.0,105.4,26.5,37.4,132.3,11.6,18.1,76.8,6.7,113.8,61.8,61.8
1820,laissez,0.3024,6.2369,1.0278,0.5742,10.8307,0.4896,-0.105,0.6728,1.4958,2.1426,4.55,5.59,5.59,60.71,57.31,57.31,13.88,8.84,0.637,107.7,105.9,22.5,46.9,120.7,11.5,19.6,89.8,6.3,120.2,41.7,41.7
1821,laissez,0.3732,5.1836,1.4527,0.8051,6.5207,0.635,0.5033,0.1393,1.1316,2.1211,8.8177,5.77,5.77,60.76,57.26,57.26,21.84,16.65,0.762,106.0,99.2,22.6,46.7,129.9,13.1,24.3,115.9,5.5,110.3,44.1,44.1
1822,laissez,0.5249,4.1832,0.7166,0.284,4.4073,0.4529,0.0081,0.0058,0.6927,5.0905,1.5571,11.72,11.72,55.3,48.82,48.82,44.34,15.32,0.346,78.6,78.6,28.8,31.9,124.6,20.9,35.7,119.0,8.1,125.9,91.4,91.4
1823,laissez,0.3483,2.0394,1.4555,0.5461,13.5835,0.8477,-0.234,0.2405,0.6537,1.4037,3.9269,4.75,4.75,61.77,58.84,58.84,14.48,13.74,0.949,105.7,101.7,21.8,48.5,125.6,12.5,23.2,110.0,5.6,113.4,37.8,37.8
1824,laissez,0.33,2.182,1.7823,0.9363,3.1841,0.2224,0.1935,0.8674,0.5675,3.683,0.9648,5.5,5.5,61.11,57.75,57.75,32.75,28.95,0.884,118.6,115.2,24.4,42.4,141.7,9.7,17.3,83.0,5.1,101.5,40.0,40.0
1825,laissez,0.5538,5.4342,0.5792,0.2633,6.6185,0.8442,-0.2904,0.8446,0.66,7.3768,4.4306,8.62,8.62,58.18,53.16,53.16,36.27,19.51,0.538,98.7,101.1,26.4,37.6,127.7,12.6,20.1,82.1,7.0,118.2,62.0,62.0
1826,laissez,0.5164,6.223,1.1097,0.7758,5.1244,0.5476,-0.2801,0.1658,1.1936,2.049,5.3052,7.89,7.89,59.33,54.65,54.65,43.28,30.7,0.709,93.7,93.0,27.2,35.9,138.5,14.9,25.8,107.5,6.2,107.6,60.2,60.2
1827,laissez,0.3481,5.3465,0.6555,0.498,3.9158,0.5092,0.0481,0.1354,1.4656,1.3298,4.67,7.6,7.6,58.66,54.2,54.2,30.81,17.02,0.552,92.7,89.7,25.3,40.2,126.4,16.0,28.8,116.7,6.7,118.6,62.3,62.3
1828,laissez,0.4796,5.5823,1.1972,0.7448,12.6825,0.4717,0.0662,0.53,1.0448,2.732,2.8131,5.78,5.78,60.75,57.24,57.24,17.99,12.72,0.707,107.7,104.8,23.0,45.8,125.2,11.7,20.4,94.3,6.0,115.5,42.6,42.6
1829,laissez,0.3738,2.9639,0.7331,1.1309,9.4302,0.8566,0.0884,0.5415,1.4745,2.8919,7.8375,4.0,4.23,62.7,60.2,59.06,17.67,20.78,1.176,118.5,113.7,21.5,49.3,133.4,10.0,19.2,95.8,4.7,104.8,29.5,35.1
1830,laissez,0.467,7.9547,0.9465,0.8267,4.8896,0.8077,0.4325,0.9654,1.3049,2.1248,1.8453,6.39,6.39,60.26,56.41,56.41,29.36,21.77,0.741,118.4,113.8,23.7,44.1,135.5,10.0,17.4,82.2,5.4,106.4,43.6,43.6
1831,laissez,0.4257,7.0834,1.4292,0.9094,3.715,0.5523,-0.0168,0.1656,1.3967,1.2117,1.3394,5.19,5.19,61.61,58.42,58.42,35.66,33.73,0.946,107.1,102.0,24.8,41.5,145.8,12.4,23.5,112.6,4.8,97.9,41.6,41.6
1832,laissez,0.4233,7.6438,1.5454,0.9108,3.9136,0.46,-0.0648,0.8037,0.6563,8.556,6.1649,5.29,5.29,61.61,58.35,58.35,34.59,32.48,0.939,116.7,114.6,25.0,41.1,144.4,9.8,17.5,83.3,5.0,99.3,38.1,38.1
1833,laissez,0.5504,3.5693,1.5889,0.3636,6.4839,0.5813,-0.2952,0.0537,1.3889,2.141,6.4518,9.86,9.86,57.34,51.69,51.69,46.46,25.52,0.549,85.1,86.1,27.8,34.3,129.1,17.4,29.5,109.3,7.3,118.6,75.9,75.9
1834,laissez,0.3854,3.8674,0.6016,0.3372,4.352,0.8263,0.2899,0.0897,1.3151,6.3233,0.8415,8.86,8.86,57.59,52.49,52.49,33.51,14.88,0.444,91.6,87.6,25.4,39.9,125.6,16.8,30.3,118.2,6.9,119.9,69.1,69.1
1835,laissez,0.5265,7.2249,1.5165,1.0979,9.5542,0.7418,-0.2415,0.5051,0.7793,2.4537,5.2695,3.67,4.17,63.16,60.84,59.1,24.81,29.69,1.197,116.8,112.9,22.6,46.7,140.7,10.1,19.6,97.3,4.5,98.9,27.5,35.0
1836,laissez,0.3236,7.2826,1.3065,0.5468,10.0475,0.5146,0.0376,0.2362,1.154,4.7993,6.7166,5.54,5.54,60.76,57.39,57.39,14.33,9.51,0.664,102.3,98.4,22.4,47.1,121.9,13.3,23.6,109.1,6.2,118.7,43.7,43.7
1837,laissez,0.4279,2.0161,0.4249,0.9866,5.2319,0.8708,-0.11,0.784,1.3201,4.011,7.5061,4.53,4.64,62.21,59.39,58.86,34.63,35.46,1.024,119.5,116.5,24.0,43.4,146.5,9.5,18.4,89.1,4.5,96.3,34.0,36.2
1838,laissez,0.3097,2.4841,0.4643,0.3031,17.5991,0.305,-0.1604,0.0703,0.7223,3.5922,3.0253,5.75,5.75,60.26,56.8,56.8,10.63,4.14,0.389,96.1,92.5,22.5,47.0,116.9,15.1,27.5,118.9,6.7,124.8,48.3,48.3
1839,laissez,0.2676,6.6287,1.5572,1.073,17.6858,0.6079,0.2274,0.7913,0.8964,1.0222,5.2318,4.18,4.2,62.15,59.55,59.08,6.91,8.18,1.184,117.4,114.1,20.5,51.6,121.8,9.9,17.9,87.4,5.5,115.9,30.0,35.0
1840,laissez,0.5325,7.4291,1.0033,0.7815,3.4835,0.5686,0.1544,0.9926,1.1622,9.1525,7.9098,7.7,7.7,59.42,54.85,54.85,44.87,32.85,0.732,115.0,112.9,26.3,37.9,146.4,10.1,17.1,77.0,5.4,100.0,51.4,51.4
1841,laissez,0.475,2.9539,1.7676,0.4264,16.4655,0.3187,0.3312,0.4102,1.0534,1.0528,1.8329,6.13,6.13,60.15,56.46,56.46,15.29,7.84,0.513,104.2,100.4,22.5,46.9,120.9,12.8,22.1,101.1,6.3,120.0,46.0,46.0
1842,laissez,0.3085,7.5012,1.7004,0.6981,3.3497,0.8178,-0.2688,0.0519,0.7336,5.1554,5.2411,3.81,4.32,63.01,60.6,59.03,28.4,32.64,1.149,108.2,102.8,22.8,46.1,142.6,12.2,24.7,120.8,4.4,97.7,32.7,36.0
1843,laissez,0.3883,3.379,1.9634,0.9993,9.7323,0.7238,0.3053,0.7518,1.1749,1.9359,2.9719,4.52,4.52,62.13,59.32,59.05,18.44,19.08,1.035,120.3,115.9,21.6,49.2,131.2,9.6,17.8,87.8,5.0,107.2,31.5,35.0
1844,laissez,0.4322,6.5257,0.9603,0.5973,8.2652,0.8233,0.0813,0.7335,1.4706,6.8886,1.7785,5.94,5.94,60.62,57.02,57.02,21.75,15.87,0.73,110.9,108.4,23.1,45.6,127.8,11.0,19.2,88.2,5.8,113.0,42.6,42.6
1845,laissez,0.2822,5.3973,1.7398,1.0893,6.212,0.7937,0.3266,0.0748,0.843,5.9922,7.8947,4.22,4.25,62.5,59.86,59.05,16.78,18.93,1.128,109.9,102.8,21.2,50.0,131.3,12.2,24.1,120.3,4.9,106.4,33.5,35.6
1846,laissez,0.5249,4.9778,1.0248,0.563,8.2454,0.4848,0.1558,0.2585,0.7139,1.3217,3.1396,7.55,7.55,59.27,54.8,54.8,27.69,15.52,0.56,97.8,94.1,24.7,41.7,127.8,14.6,25.3,109.7,6.4,115.3,56.0,56.0
1847,laissez,0.2664,7.9983,0.5506,0.4234,13.1925,0.6312,0.198,0.8821,0.8911,2.7969,1.5824,5.05,5.05,61.02,57.94,57.94,8.63,5.35,0.62,112.3,109.9,21.4,49.6,119.0,10.7,18.5,86.7,6.1,120.7,37.1,37.1
1848,laissez,0.5589,4.8875,0.3564,0.5776,3.5832,0.5948,-0.0657,0.8364,0.7731,9.3534,4.3891,10.5,10.5,56.59,50.65,50.65,52.78,28.95,0.549,96.1,98.6,29.0,31.5,137.4,13.3,20.2,80.0,7.0,112.5,74.6,74.6
1849,laissez,0.3515,4.5975,0.3331,0.9287,10.5968,0.2625,0.2741,0.0231,0.5403,2.6119,1.8185,5.01,5.01,61.37,58.3,58.3,14.18,11.92,0.841,102.3,96.2,22.0,48.1,125.4,13.9,27.1,124.7,5.7,114.0,41.4,41.4
1850,laissez,0.5024,6.5076,1.1718,0.3982,17.94,0.6834,0.4135,0.5945,1.3005,1.0171,5.0042,6.01,6.01,60.23,56.62,56.62,12.67,5.66,0.447,107.6,104.3,22.1,47.8,119.4,11.9,20.3,92.9,6.4,121.3,43.4,43.4
1851,laissez,0.387,6.9348,0.4168,0.3374,10.3982,0.4895,-0.2549,0.4503,1.3928,7.0889,5.2081,7.03,7.03,59.15,54.99,54.99,19.89,8.29,0.417,95.8,94.8,24.1,43.1,117.6,14.4,23.4,100.5,7.2,126.8,55.4,55.4
1852,laissez,0.277,6.0702,1.2559,0.5569,5.0783,0.8504,-0.1393,0.3426,0.8051,1.2896,8.3221,4.98,4.98,61.56,58.49,58.49,19.43,17.72,0.912,107.2,103.4,22.5,46.8,129.3,12.1,22.3,105.0,5.5,110.6,39.3,39.3
1853,laissez,0.3345,4.4494,1.7892,1.011,3.1023,0.378,0.2809,0.0982,1.0359,3.2706,3.9032,4.44,4.58,62.27,59.51,58.87,31.92,33.09,1.037,111.7,103.5,23.0,45.8,145.4,12.0,24.4,123.0,4.3,96.1,36.3,36.9
1854,laissez,0.3667,3.1218,1.2842,0.8431,7.5219,0.7976,-0.0178,0.8092,0.6596,1.3093,4.2145,4.51,4.56,62.11,59.31,59.0,21.44,22.04,1.028,118.1,115.0,22.5,47.0,134.3,9.8,18.1,87.8,5.0,105.3,33.1,35.2
1855,laissez,0.3518,5.3055,1.0587,1.17,11.1284,0.6905,0.4244,0.3956,0.6053,9.7946,7.5736,4.44,4.44,62.11,59.35,59.02,13.59,14.29,1.052,113.0,107.1,21.2,50.1,127.7,11.2,21.2,104.8,5.2,110.3,33.5,35.4
1856,laissez,0.5716,4.9603,1.9565,0.4076,16.6423,0.3631,0.3243,0.4291,0.8567,4.7167,1.5974,6.37,6.37,60.03,56.21,56.21,16.64,8.47,0.509,103.3,99.5,22.7,46.5,121.4,13.0,22.5,102.1,6.4,119.8,47.1,47.1
1857,laissez,0.5803,6.0165,0.7168,0.4368,8.8026,0.3897,-0.1344,0.3303,1.2334,9.8813,3.1662,9.39,9.39,57.26,51.88,51.88,32.63,12.26,0.376,87.8,88.2,26.7,36.9,120.0,16.6,26.0,101.7,7.8,127.7,72.2,72.2
1858,laissez,0.4499,6.4477,1.534,0.6496,8.6306,0.8118,0.3223,0.1508,0.5203,1.0356,2.9304,5.81,5.81,60.72,57.19,57.19,20.78,15.4,0.741,104.4,98.7,22.7,46.5,128.3,13.2,24.3,114.0,5.7,111.9,44.5,44.5
1859,laissez,0.5082,6.7566,1.0948,0.4595,8.8895,0.3062,-0.1257,0.7589,0.5005,5.7141,4.1943,7.73,7.73,58.84,54.29,54.29,24.78,11.19,0.452,99.9,100.4,25.5,39.9,122.7,12.8,20.1,85.3,7.1,122.1,56.2,56.2
1860,laissez,0.5391,6.8036,1.2357,0.5758,7.1102,0.5076,0.4181,0.4315,0.5953,5.844,5.4245,7.54,7.54,59.12,54.66,54.66,28.38,15.84,0.558,103.6,98.6,24.3,42.7,129.5,13.3,22.8,102.4,6.2,113.2,54.4,54.4
1861,laissez,0.5281,4.9272,1.1589,0.2986,15.8132,0.7234,0.5852,0.1,0.7423,3.192,5.3097,6.95,6.95,59.24,55.13,55.13,15.11,3.88,0.257,97.7,92.9,22.8,46.1,118.0,14.9,26.2,114.0,6.8,124.3,53.0,53.0
1862,laissez,0.5694,5.524,1.2795,0.5086,8.5868,0.2547,0.2355,0.8838,1.3027,1.4373,4.9789,8.63,8.63,58.09,53.07,53.07,29.5,12.47,0.423,102.8,102.3,25.4,40.0,123.5,12.3,19.1,80.7,7.1,121.5,59.7,59.7
1863,laissez,0.3861,7.3589,0.5764,0.9836,4.6924,0.3944,0.3753,0.9626,1.4205,2.2438,5.9684,5.29,5.29,61.44,58.2,58.2,25.6,23.05,0.9,124.0,119.7,22.7,46.3,136.2,9.0,16.3,79.4,5.0,104.1,35.1,35.8
1864,laissez,0.2727,3.7701,1.8568,0.5016,12.9677,0.5841,0.2381,0.2836,1.338,1.3415,6.6047,4.84,4.84,61.43,58.45,58.45,10.37,8.55,0.824,105.5,100.5,21.2,49.9,121.7,12.8,23.6,112.1,5.8,117.1,38.5,38.5
1865,laissez,0.5754,3.0075,1.4011,0.9705,13.9302,0.7395,-0.2853,0.3,1.0008,2.109,5.4036,4.66,4.66,62.24,59.34,59.06,23.05,23.7,1.028,108.3,104.7,22.9,46.0,134.3,11.8,22.3,106.6,5.1,105.4,35.9,35.9
1866,laissez,0.4545,2.0619,1.0124,0.8131,11.2925,0.4248,-0.1613,0.6432,0.6936,8.1652,3.8639,5.69,5.69,60.97,57.5,57.5,20.77,16.25,0.782,109.0,107.5,23.7,44.1,128.2,11.2,19.3,88.6,6.0,113.1,41.7,41.7
1867,laissez,0.4567,6.1396,1.0018,0.4371,3.0473,0.2042,0.5673,0.0211,0.7604,3.2457,2.5534,10.14,10.14,56.66,50.91,50.91,38.45,15.36,0.399,92.2,86.0,26.2,38.0,129.4,17.4,30.9,119.9,6.9,117.0,75.1,75.1
1868,laissez,0.4618,6.1993,1.1373,0.5824,13.1333,0.7808,-0.0304,0.2823,0.6568,7.4924,7.395,5.49,5.49,61.01,57.66,57.66,16.16,12.08,0.748,103.8,99.9,22.5,46.9,124.7,12.9,23.2,107.8,5.9,115.4,42.4,42.4
1869,laissez,0.5221,5.573,1.4118,0.8063,11.1326,0.37,-0.0085,0.5344,0.7693,8.3469,3.3728,6.24,6.24,60.4,56.63,56.63,22.12,15.14,0.684,105.3,103.0,24.0,43.5,127.1,12.2,20.7,94.2,6.2,114.8,45.9,45.9
1870,laissez,0.3655,3.3888,1.8029,0.6444,14.1731,0.2648,0.4119,0.7614,0.8468,5.486,1.2942,5.33,5.33,60.97,57.72,57.72,12.55,8.65,0.689,113.0,109.6,21.7,48.8,122.2,10.7,18.8,88.6,5.9,117.3,38.2,38.2
1871,laissez,0.4188,7.2321,0.4281,0.7065,9.2892,0.2021,0.2981,0.4255,1.2429,3.518,6.5395,6.24,6.24,60.21,56.45,56.45,18.28,10.82,0.592,105.1,101.2,23.1,45.5,123.9,12.6,21.8,99.9,6.2,117.4,46.2,46.2
1872,laissez,0.3452,3.7179,1.8389,0.6766,14.8164,0.4345,-0.2142,0.7031,0.8051,8.2462,2.5336,4.93,4.93,61.49,58.46,58.46,13.02,11.23,0.863,110.6,108.4,22.2,47.8,123.3,11.0,19.3,90.6,5.9,116.4,36.9,36.9
1873,laissez,0.5243,6.2348,1.3146,0.8842,10.0554,0.2382,0.1169,0.4137,1.1119,9.5962,3.151,6.74,6.74,60.12,56.06,56.06,23.94,15.34,0.641,103.2,100.2,24.2,42.9,127.3,12.9,21.9,99.0,6.3,114.8,48.7,48.7
1874,laissez,0.4662,7.1902,0.9264,1.0758,3.8242,0.2927,-0.2077,0.2044,0.9379,2.8606,5.4105,6.21,6.21,60.73,56.95,56.95,40.08,34.02,0.849,99.5,96.9,26.8,36.7,144.7,13.7,24.3,110.2,5.6,101.6,50.1,50.1
1875,laissez,0.3346,3.8516,1.3933,1.1746,4.6283,0.7815,0.4982,0.3883,0.6892,4.691,6.1056,4.75,4.75,62.03,59.08,58.89,25.88,25.84,0.998,117.1,109.4,22.2,47.7,138.8,10.8,20.9,105.7,4.6,100.8,34.5,36.1
1876,laissez,0.5466,4.2887,0.4516,0.9133,10.9894,0.8676,0.4369,0.4568,1.4655,2.93,6.3753,6.15,6.15,60.51,56.79,56.79,22.47,15.93,0.709,108.7,103.3,22.9,45.9,129.5,12.1,21.7,102.1,5.7,111.1,44.3,44.3
1877,laissez,0.3041,6.594,1.5203,0.4962,4.0527,0.8055,0.1787,0.2716,0.7113,3.1756,3.298,5.64,5.64,60.9,57.46,57.46,23.35,18.74,0.803,105.8,100.6,22.9,46.0,130.9,12.7,23.5,110.5,5.5,109.6,43.6,43.6
1878,laissez,0.4409,2.6535,0.8836,0.5864,6.0485,0.4685,0.3397,0.8187,0.7793,9.5826,1.9772,7.18,7.18,59.43,55.16,55.16,29.61,18.5,0.625,111.5,108.2,24.2,42.8,131.8,11.0,18.7,84.7,5.9,111.0,50.1,50.1
1879,laissez,0.5709,6.0197,0.6972,0.8946,16.2807,0.4403,0.5434,0.7244,0.6073,8.4945,2.7981,5.71,5.71,60.67,57.21,57.21,15.48,10.14,0.655,111.7,107.2,22.1,47.9,124.1,11.2,19.7,92.9,5.9,115.7,40.9,40.9
1880,laissez,0.5232,5.4267,1.4967,1.1041,3.9382,0.8165,0.4887,0.5283,1.3929,5.5094,1.8765,6.27,6.27,60.85,57.04,57.04,42.72,36.88,0.863,119.1,110.2,24.3,42.6,151.3,10.6,20.3,100.5,4.4,93.0,42.0,42.0
1881,laissez,0.3577,7.9738,0.9454,0.7353,16.8959,0.3437,-0.2073,0.0076,1.0647,1.9429,4.4222,5.13,5.13,61.03,57.9,57.9,10.4,7.01,0.674,98.6,94.3,22.1,47.9,119.6,14.5,27.2,121.2,6.2,120.8,43.4,43.4
1882,laissez,0.4033,7.5779,1.4437,0.2339,6.639,0.5843,0.3035,0.1486,0.6398,1.681,3.125,7.14,7.14,59.2,54.97,54.97,22.37,10.73,0.48,97.5,93.0,23.6,44.2,123.2,14.9,26.6,114.2,6.5,119.4,55.2,55.2
1883,laissez,0.4881,4.306,1.2078,0.716,18.8373,0.6541,0.3795,0.76,0.6762,2.2469,3.0607,5.34,5.34,61.01,57.75,57.75,12.09,8.29,0.686,112.6,109.3,21.7,48.9,122.1,10.8,19.0,89.3,5.9,117.2,38.0,38.0
1884,laissez,0.5389,4.3741,1.92,0.485,18.6836,0.8063,-0.1023,0.259,0.7234,2.304,4.132,5.2,5.2,61.37,58.18,58.18,16.21,13.59,0.838,104.3,100.3,22.1,47.8,125.0,12.8,23.5,109.8,5.8,114.5,40.4,40.4
1885,laissez,0.481,2.6749,0.8887,0.9726,8.2766,0.8808,0.5005,0.4858,0.9911,1.8729,1.3028,6.2,6.2,60.46,56.72,56.72,26.16,19.44,0.743,111.1,105.0,23.2,45.3,133.0,11.7,21.2,100.4,5.5,108.0,44.3,44.3
1886,laissez,0.2619,5.0909,1.4823,1.0832,10.3703,0.8467,0.5353,0.3348,0.79,3.489,3.8047,4.56,4.56,61.82,59.0,58.93,11.1,10.82,0.975,110.1,104.3,21.0,50.5,124.4,11.9,22.2,108.4,5.4,113.7,35.3,35.7
1887,laissez,0.3717,4.8803,1.8545,1.0367,13.2854,0.8975,0.1415,0.4121,1.1763,1.0166,1.2784,4.05,4.17,62.63,60.1,59.09,13.84,16.65,1.203,114.2,108.9,20.9,50.7,128.7,10.9,20.8,103.4,5.0,108.6,30.6,35.1
1888,laissez,0.4629,4.9356,0.5722,0.871,4.7912,0.3078,0.18,0.8253,0.7481,2.9608,1.0492,6.48,6.48,60.29,56.38,56.38,33.73,26.07,0.773,112.8,109.6,25.1,40.8,139.3,10.7,18.6,86.3,5.5,104.5,46.1,46.1
1889,laissez,0.3564,6.8656,0.6414,0.2039,13.3855,0.4932,-0.2818,0.383,0.5607,1.267,3.2664,6.06,6.06,60.02,56.39,56.39,13.24,5.58,0.421,98.6,96.5,23.1,45.6,117.9,13.9,23.5,104.5,6.8,124.5,48.2,48.2
1890,laissez,0.383,7.8953,0.5882,0.4385,4.8212,0.5135,0.5312,0.4411,1.3649,1.5099,0.9621,7.34,7.34,58.9,54.57,54.57,23.81,11.05,0.464,103.4,98.6,23.8,43.8,124.6,13.3,22.4,100.5,6.5,118.4,54.3,54.3
1891,laissez,0.5013,7.4636,0.3264,1.0555,7.9973,0.4119,0.2611,0.3834,1.2331,8.7788,1.7584,5.28,5.28,61.43,58.19,58.19,23.22,20.65,0.889,110.6,104.9,22.9,46.0,133.8,11.7,21.8,105.4,5.2,106.5,39.6,39.6
1892,laissez,0.5939,3.8442,1.5513,0.6291,4.9556,0.6251,0.5852,0.053,1.2183,5.1387,2.7418,10.4,10.4,56.56,50.68,50.68,42.16,18.38,0.436,93.2,86.5,26.5,37.3,133.1,17.2,30.4,119.2,6.7,113.5,75.9,75.9
1893,laissez,0.5098,7.5887,1.251,0.4585,11.3146,0.6878,0.1776,0.4808,1.4995,4.034,9.3122,6.3,6.3,60.19,56.4,56.4,19.53,11.9,0.609,104.9,101.4,22.9,45.9,124.0,12.5,21.8,99.0,6.2,117.0,46.3,46.3
1894,laissez,0.5925,5.1043,0.9832,0.425,5.3671,0.5148,-0.2313,0.6778,0.9775,3.83,6.4295,10.59,10.59,56.35,50.38,50.38,46.14,21.55,0.467,89.9,93.7,28.8,32.0,128.5,14.7,21.6,83.2,7.7,121.2,78.4,78.4
1895,laissez,0.5545,4.8237,1.5355,0.2501,3.0291,0.4567,0.1881,0.2657,0.7107,8.6342,2.6811,12.84,12.84,54.49,47.5,47.5,55.37,22.63,0.409,84.3,83.8,29.4,30.4,133.4,18.4,29.1,103.6,7.6,117.7,93.8,93.8
1896,laissez,0.4885,3.1313,0.8083,1.1676,19.1493,0.4735,0.3338,0.8503,0.5539,7.1304,1.2138,4.69,4.69,61.84,58.94,58.94,12.96,12.51,0.965,118.8,115.3,21.3,49.7,126.0,9.7,17.5,85.0,5.4,112.3,32.4,35.0
1897,laissez,0.5663,3.8835,1.895,0.6924,3.7175,0.7068,0.4553,0.4792,0.8051,4.5727,3.3608,9.32,9.32,57.75,52.37,52.37,52.08,33.09,0.635,106.3,99.7,26.7,36.9,147.9,13.0,22.2,98.7,5.6,100.0,64.4,64.4
1898,laissez,0.358,5.8998,1.0381,0.5368,15.2852,0.6753,0.3819,0.3029,0.6943,1.7095,5.3408,5.25,5.25,60.94,57.74,57.74,10.41,6.58,0.632,105.9,101.3,21.5,49.2,120.6,12.6,22.6,106.1,6.0,119.0,40.4,40.4
1899,laissez,0.3022,3.4465,0.4256,0.716,3.9543,0.5334,0.1348,0.2179,0.5774,1.886,6.4302,5.93,5.93,60.58,56.99,56.99,25.06,19.12,0.763,103.8,99.1,23.7,44.1,131.6,13.1,23.9,110.8,5.7,110.2,46.4,46.4
1900,laissez,0.2655,2.79,0.6539,1.0066,7.6238,0.8066,0.3447,0.9723,0.6224,2.1807,2.7607,4.48,4.51,62.02,59.24,58.94,14.85,15.26,1.028,121.7,118.1,21.4,49.6,128.4,9.3,16.9,82.8,5.2,109.9,31.1,35.1
1901,laissez,0.4337,2.6097,0.8494,0.8394,10.7983,0.6965,0.0358,0.6329,1.0642,2.0131,7.7906,5.25,5.25,61.38,58.16,58.16,18.83,16.17,0.859,110.5,107.1,22.6,46.6,128.8,11.3,20.4,96.2,5.6,111.1,38.7,38.7
1902,laissez,0.2603,4.9638,1.6304,0.4089,3.7815,0.6428,0.179,0.2843,1.1164,4.4248,2.71,5.72,5.72,60.65,57.19,57.19,22.12,16.74,0.757,105.6,101.0,22.9,46.0,128.6,12.6,22.9,106.7,5.7,112.2,44.6,44.6
1903,laissez,0.492,3.0971,0.7996,1.0705,19.6048,0.5161,0.3977,0.9084,1.2134,2.759,0.8391,4.98,4.98,61.58,58.51,58.51,13.01,11.34,0.872,118.0,114.6,21.5,49.4,125.0,9.8,17.5,84.2,5.6,113.5,33.8,35.0
1904,laissez,0.4189,2.7831,1.3965,0.3633,5.3434,0.8704,-0.1817,0.9117,1.2135,9.7216,5.6412,7.14,7.14,59.63,55.38,55.38,36.89,26.38,0.715,108.9,109.7,25.2,40.6,134.1,10.7,18.1,78.8,6.0,109.7,50.6,50.6
1905,laissez,0.2866,6.0708,0.3034,1.0097,3.2502,0.8828,0.3663,0.8101,0.831,3.2948,2.4008,4.8,4.8,61.85,58.88,58.78,23.97,23.38,0.975,122.7,117.6,22.3,47.3,136.2,9.3,17.3,85.8,4.8,103.5,33.3,35.8
1906,laissez,0.3255,7.4371,0.8535,1.032,14.3487,0.6001,0.4323,0.283,0.7339,7.1156,2.2598,4.56,4.56,61.79,58.97,58.97,9.36,9.01,0.963,108.8,103.3,20.9,50.6,122.8,12.1,22.5,109.1,5.6,115.3,35.5,35.5
1907,laissez,0.3337,5.4057,1.8478,0.7049,14.0152,0.4893,0.5843,0.2906,1.4183,2.3085,8.1855,5.15,5.15,61.01,57.87,57.87,10.52,7.05,0.67,107.1,101.9,21.4,49.5,121.1,12.4,22.4,106.3,5.9,118.3,39.8,39.8
1908,laissez,0.3239,5.8943,1.2546,1.0465,17.0434,0.8003,-0.099,0.5402,1.2141,3.9577,7.3244,4.11,4.18,62.35,59.79,59.09,8.57,10.52,1.228,112.7,108.8,20.9,50.9,123.8,10.9,20.2,98.6,5.4,113.9,31.4,35.0
1909,laissez,0.3443,5.943,0.5999,0.4876,15.0663,0.6165,0.0603,0.0272,0.7036,1.0662,4.7063,5.4,5.4,60.79,57.5,57.5,11.03,6.53,0.592,98.3,93.4,22.0,48.2,119.7,14.8,28.2,123.9,6.2,120.6,45.0,45.0
1910,laissez,0.2718,7.4583,1.5416,0.8356,4.5967,0.347,0.1583,0.2496,1.4876,3.661,0.9492,4.89,4.89,61.58,58.57,58.57,18.57,17.09,0.92,106.4,100.9,22.5,46.9,129.8,12.7,23.7,113.7,5.4,110.2,39.6,39.6
1911,laissez,0.3726,5.0104,0.7294,0.3877,6.4356,0.2659,-0.2184,0.928,1.3761,5.9412,2.4968,8.28,8.28,57.99,53.19,53.19,28.66,12.0,0.419,98.7,101.2,26.0,38.6,119.5,12.6,18.8,77.4,7.6,127.6,61.5,61.5
1912,laissez,0.2668,5.4236,1.3917,0.2625,16.5672,0.6767,-0.1629,0.8961,0.9937,8.4496,8.4757,5.03,5.03,61.1,58.02,58.02,8.65,5.61,0.649,112.2,110.7,21.5,49.3,118.5,10.5,18.0,83.9,6.2,121.4,36.7,36.7
1913,laissez,0.4261,2.9399,0.8046,1.0719,8.4975,0.3035,0.5467,0.4989,1.3257,2.2961,6.2171,5.39,5.39,61.23,57.93,57.93,21.79,18.48,0.848,113.6,107.2,22.3,47.4,131.9,11.2,20.7,101.1,5.2,107.7,39.0,39.0
1914,laissez,0.2522,3.4597,0.8362,0.9053,9.3551,0.5378,0.2974,0.9024,0.5262,3.1685,2.8455,4.52,4.52,61.9,59.1,59.01,11.5,11.52,1.002,120.0,116.9,21.1,50.2,125.0,9.4,16.9,82.4,5.4,113.2,31.4,35.0
1915,laissez,0.4307,3.9587,0.9718,0.7787,18.7492,0.7375,-0.1464,0.8381,1.4721,3.0996,2.1494,4.94,4.94,61.53,58.49,58.49,12.45,10.72,0.861,112.7,110.6,21.8,48.5,123.2,10.6,18.6,87.8,5.8,116.0,35.7,35.7
1916,laissez,0.2662,7.4925,1.991,0.2926,11.1505,0.3182,0.3861,0.6799,0.5777,6.1559,1.9513,5.26,5.26,60.8,57.6,57.6,9.78,5.56,0.569,110.1,106.9,21.5,49.3,119.2,11.3,19.7,91.9,6.1,120.6,39.2,39.2
1917,laissez,0.3309,7.2382,1.4418,0.3634,3.091,0.7006,0.4524,0.1155,1.3222,3.3153,3.1613,7.3,7.3,58.88,54.58,54.58,26.65,13.93,0.523,99.5,94.0,24.1,43.2,126.9,14.6,25.9,113.3,6.3,116.4,56.8,56.8
1918,laissez,0.2758,3.1735,0.7713,0.5129,5.5391,0.4343,-0.0936,0.4199,1.3264,1.9892,3.4827,6.51,6.51,59.65,55.77,55.77,22.52,13.15,0.584,99.9,98.0,24.1,43.0,123.2,13.4,22.6,99.8,6.6,120.2,51.7,51.7
1919,laissez,0.3684,7.259,0.4606,0.381,13.209,0.6383,0.1462,0.6138,0.7216,1.5521,5.6095,5.78,5.78,60.44,56.95,56.95,12.68,6.61,0.521,106.9,104.2,22.2,47.6,119.6,11.9,20.4,93.5,6.3,121.2,42.8,42.8
1920,laissez,0.4226,7.3132,0.703,0.5033,12.0196,0.5674,0.336,0.7669,0.8906,1.4746,1.1205,5.77,5.77,60.48,57.0,57.0,14.48,8.54,0.59,112.2,109.4,22.2,47.6,122.1,10.8,18.5,85.5,6.1,118.3,41.3,41.3
1921,laissez,0.4678,2.0618,0.5814,0.8967,7.0372,0.3243,-0.2592,0.2091,0.556,9.6312,6.4326,6.5,6.5,60.26,56.34,56.34,31.07,23.29,0.75,96.9,94.9,25.9,38.9,134.2,14.3,25.2,110.6,6.1,110.1,52.5,52.5
1922,laissez,0.2615,2.2133,0.897,0.9574,4.632,0.8448,0.2481,0.5012,1.4302,1.7408,3.5338,4.64,4.64,62.07,59.19,58.97,20.42,20.68,1.013,115.3,109.8,22.0,48.2,133.5,10.7,20.4,100.2,4.9,105.4,34.0,35.6
1923,laissez,0.4198,6.27,0.8037,0.7184,7.7599,0.7885,-0.2457,0.7644,1.1284,7.4604,5.2109,5.36,5.36,61.2,57.91,57.91,23.69,20.35,0.859,111.1,109.7,23.4,44.7,130.7,10.7,18.9,87.4,5.6,110.4,40.2,40.2
1924,laissez,0.5676,6.3593,0.8591,0.7466,4.3615,0.7212,-0.156,0.1243,0.9412,8.7606,5.5173,7.77,7.77,59.43,54.81,54.81,46.85,34.72,0.741,96.1,93.9,27.1,36.1,144.6,14.6,26.8,112.0,5.8,102.1,59.0,59.0
1925,laissez,0.3015,2.5089,1.4808,0.6154,12.2627,0.5643,0.0864,0.5693,1.4959,4.9293,4.2743,5.01,5.01,61.3,58.23,58.23,12.8,10.35,0.809,110.8,107.6,21.8,48.5,123.2,11.1,19.8,93.4,5.8,116.4,37.8,37.8
1926,laissez,0.5172,6.0506,0.8105,0.5877,6.4365,0.8713,0.5408,0.4113,0.9163,3.0655,4.2761,8.29,8.29,58.4,53.56,53.56,28.73,13.08,0.455,101.0,95.7,24.6,42.0,127.1,14.1,23.6,104.1,6.5,116.5,59.1,59.1
1927,laissez,0.4799,6.9379,1.8793,1.1712,7.0049,0.6916,-0.1934,0.8628,0.647,2.1781,4.2363,2.96,4.12,64.28,62.38,59.1,30.48,39.72,1.303,127.5,124.7,22.9,45.9,149.9,8.3,16.3,83.8,3.9,91.6,20.2,35.0
1928,laissez,0.2965,7.5425,1.3482,0.3247,12.925,0.8132,0.5099,0.1256,1.1243,1.7915,2.9899,5.41,5.41,60.61,57.33,57.33,9.21,4.22,0.458,101.9,96.8,21.5,49.2,118.4,13.8,24.9,114.8,6.2,121.8,43.1,43.1
1929,laissez,0.5186,5.7422,0.3495,0.5315,8.8671,0.7508,0.4496,0.2451,0.5275,4.5789,6.2051,7.57,7.57,59.03,54.57,54.57,23.65,10.83,0.458,99.1,94.1,23.9,43.6,124.4,14.6,25.4,111.1,6.5,118.2,55.5,55.5
1930,laissez,0.5208,7.3606,0.9674,1.1902,14.9347,0.6292,0.4788,0.4206,1.3931,1.3152,3.6844,4.91,4.91,61.7,58.66,58.66,14.94,13.71,0.918,113.3,107.7,21.5,49.2,127.3,11.1,20.5,100.2,5.4,111.1,35.4,35.4
1931,laissez,0.5281,2.0782,0.5954,0.2957,12.1612,0.7059,-0.2385,0.5437,0.9118,1.5405,6.1782,8.11,8.11,58.5,53.76,53.76,26.82,11.73,0.437,95.5,95.8,25.2,40.6,120.7,14.1,22.7,94.3,7.3,124.4,60.3,60.3
1932,laissez,0.3661,5.6503,1.8117,0.759,6.4856,0.6698,-0.159,0.3023,0.7856,5.5004,3.4739,4.44,4.44,62.32,59.56,59.01,23.83,25.13,1.055,111.2,107.3,22.8,46.1,135.9,11.2,21.2,102.6,5.0,104.1,34.9,35.9
1933,laissez,0.364,4.1188,1.809,0.5169,12.7581,0.5699,0.034,0.1044,1.2465,3.7352,6.4535,5.42,5.42,60.94,57.63,57.63,14.95,10.82,0.724,100.6,96.1,22.3,47.4,122.8,14.0,26.0,117.7,6.0,117.4,43.8,43.8
1934,laissez,0.3443,6.544,0.3772,0.4582,14.3416,0.8712,0.1997,0.4084,1.4698,3.8721,3.0659,5.48,5.48,60.64,57.32,57.32,11.42,6.4,0.56,103.1,99.0,21.8,48.5,119.3,13.2,23.4,108.0,6.2,121.0,43.0,43.0
1935,laissez,0.302,5.0509,0.3487,0.5986,9.357,0.7521,-0.1076,0.6542,0.6481,9.6911,1.0066,5.28,5.28,61.0,57.78,57.78,14.32,10.61,0.741,108.7,106.3,22.4,47.3,122.9,11.4,20.0,92.8,6.0,117.5,40.1,40.1
1936,laissez,0.3792,5.3213,0.6778,0.5508,9.9329,0.7184,0.151,0.1388,1.4932,1.403,8.3936,5.83,5.83,60.59,57.05,57.05,17.24,11.46,0.665,100.6,95.8,22.5,46.8,123.8,14.1,26.2,117.5,6.0,116.8,46.0,46.0
1937,laissez,0.4569,7.8095,1.0099,0.8893,3.6492,0.8719,0.124,0.2451,1.211,4.1749,1.4821,5.16,5.16,61.68,58.5,58.5,36.2,34.5,0.953,111.3,104.5,24.0,43.5,148.4,11.8,23.3,113.3,4.4,94.9,39.9,39.9
1938,laissez,0.4311,7.6012,1.3651,0.4895,3.4568,0.7074,0.5057,0.4981,0.6425,6.1664,9.4399,8.25,8.25,58.23,53.43,53.43,33.07,17.09,0.517,104.1,98.9,25.0,41.0,130.8,13.2,22.0,97.5,6.3,113.5,59.3,59.3
1939,laissez,0.452,6.3063,0.7528,0.7453,3.1511,0.2761,0.4775,0.1686,0.7296,2.0383,3.1526,7.75,7.75,58.89,54.32,54.32,38.22,24.76,0.648,102.5,94.9,25.1,40.7,139.0,14.3,26.4,117.2,5.7,105.6,58.1,58.1
1940,laissez,0.5041,3.7633,0.4474,0.6251,3.1504,0.635,-0.2978,0.852,1.0426,1.9738,7.3504,9.78,9.78,57.35,51.74,51.74,58.71,37.94,0.646,97.9,102.7,29.5,30.3,143.3,12.2,19.3,76.6,6.6,107.5,70.7,70.7
1941,laissez,0.4219,2.2639,0.5848,1.1071,13.0029,0.2597,0.0392,0.8138,1.0432,6.1037,6.1292,5.02,5.02,61.57,58.48,58.48,16.69,14.93,0.895,113.9,111.2,22.7,46.5,127.9,10.4,18.4,87.6,5.6,112.0,36.4,36.4
1942,laissez,0.536,7.0739,1.0032,0.9749,3.9388,0.2208,0.5403,0.7384,0.7473,4.6884,3.8209,7.4,7.4,59.57,55.17,55.17,40.07,28.96,0.723,116.1,108.8,24.8,41.4,143.7,10.9,19.3,91.6,5.2,100.4,49.5,49.5
1943,laissez,0.4934,2.3425,0.9379,0.4388,5.8324,0.6752,-0.1091,0.3526,1.4224,9.4527,8.5332,9.8,9.8,57.18,51.58,51.58,43.34,22.12,0.51,90.1,90.6,27.3,35.5,128.4,15.7,25.4,99.9,7.3,119.1,73.2,73.2
1944,laissez,0.2699,3.5935,1.6558,0.5499,3.8525,0.8972,-0.0851,0.6874,0.7003,1.2305,8.1026,4.7,4.7,62.02,59.1,58.94,24.76,24.77,1.0,115.3,112.0,22.7,46.6,135.4,10.3,19.3,92.7,5.0,104.5,35.0,35.8
1945,laissez,0.3946,3.4337,1.3451,0.4979,11.6148,0.4582,-0.2166,0.2496,0.9786,1.6431,7.4951,6.37,6.37,60.1,56.27,56.27,19.77,11.79,0.596,98.8,96.6,23.8,43.9,122.5,13.8,23.6,104.9,6.6,119.9,49.4,49.4
1946,laissez,0.5613,2.6488,1.1955,1.0972,9.5648,0.8756,0.1084,0.7169,0.7113,2.4032,4.9403,4.51,4.51,62.38,59.57,59.05,28.96,30.28,1.046,122.3,117.7,22.8,46.3,142.8,9.3,18.0,89.0,4.4,97.6,31.0,35.0
1947,laissez,0.506,5.33,0.4093,0.5544,10.2683,0.4522,0.0167,0.6463,1.053,2.3882,5.6731,7.38,7.38,59.1,54.74,54.74,24.19,11.88,0.491,100.6,99.4,24.6,41.9,122.5,13.0,21.2,91.9,6.9,121.3,54.3,54.3
1948,laissez,0.3958,4.0978,1.3865,0.5139,16.4769,0.6794,-0.0826,0.1067,1.336,4.3474,5.341,5.33,5.33,60.98,57.74,57.74,13.25,9.4,0.709,100.5,96.3,22.1,47.9,121.4,13.9,25.7,116.6,6.1,118.7,43.1,43.1
1949,laissez,0.4429,2.3762,0.7404,0.8716,5.0666,0.2668,0.5798,0.3202,1.0341,2.417,4.0181,6.99,6.99,59.63,55.46,55.46,33.63,23.38,0.695,108.1,100.5,24.1,43.1,137.3,12.8,23.0,108.1,5.4,105.5,50.9,50.9
1950,laissez,0.336,6.9288,0.4046,1.0223,6.8633,0.5987,-0.0139,0.1206,0.5406,1.3562,4.9756,4.6,4.6,61.9,59.05,58.91,17.4,17.27,0.993,104.1,98.5,22.4,47.1,130.0,13.3,25.9,121.9,5.3,109.6,38.8,38.8
1951,laissez,0.2986,6.1824,1.6651,0.5489,17.9305,0.615,0.5014,0.8554,0.6035,3.0571,5.5623,4.96,4.96,61.1,58.07,58.07,7.38,4.46,0.604,114.6,111.9,21.1,50.3,118.7,10.3,17.8,84.4,6.0,120.6,35.4,35.4
1952,laissez,0.5012,4.1543,1.1975,0.211,5.2224,0.718,0.5319,0.7315,0.8473,1.5153,1.963,11.0,11.0,55.77,49.64,49.64,35.81,9.11,0.254,96.4,94.4,26.5,37.5,121.8,14.5,21.4,85.7,7.7,126.0,75.8,75.8
1953,laissez,0.5035,5.5867,1.3003,0.7032,14.667,0.6083,0.1705,0.4199,1.0639,1.982,9.2945,5.44,5.44,61.13,57.81,57.81,15.97,12.31,0.771,108.5,104.4,22.2,47.6,125.4,11.8,21.2,99.8,5.8,114.2,40.1,40.1
1954,laissez,0.4734,3.7894,1.8278,0.8274,7.9141,0.3539,0.4619,0.2261,0.5874,4.0278,2.6446,5.99,5.99,60.7,57.06,57.06,25.92,20.15,0.777,107.3,100.5,23.0,45.7,133.1,12.8,23.7,113.0,5.4,107.5,44.7,44.7
1955,laissez,0.5074,2.8705,1.3517,1.0705,5.5787,0.2445,0.0026,0.3697,1.4114,2.5306,3.3544,6.78,6.78,60.38,56.29,56.29,39.77,31.83,0.8,103.2,100.0,26.3,37.9,143.1,12.9,22.6,103.1,5.6,102.3,50.1,50.1
1956,laissez,0.4986,7.5152,1.4804,0.2711,7.0352,0.5016,0.5817,0.7171,1.0165,3.8799,7.5539,8.95,8.95,57.61,52.45,52.45,25.63,6.86,0.268,101.8,98.8,24.7,41.7,120.3,13.2,20.7,88.0,7.2,124.5,61.5,61.5
1957,laissez,0.4242,3.475,0.8349,0.9795,8.0959,0.8507,0.0026,0.2925,1.273,1.0131,6.9839,4.75,4.75,62.03,59.08,58.95,22.67,22.62,0.998,109.6,104.5,22.7,46.5,135.0,11.8,22.7,109.6,5.0,104.7,36.8,36.8
1958,laissez,0.48,3.49,1.0561,1.1826,15.7552,0.4002,0.2159,0.7599,1.4597,1.3999,2.1845,4.66,4.66,61.88,59.0,59.0,14.7,14.42,0.981,116.7,113.0,21.8,48.7,127.8,10.1,18.3,89.0,5.4,110.9,33.5,35.0
1959,laissez,0.4817,5.4755,1.5543,0.737,9.3239,0.213,0.2563,0.5243,0.9027,6.5777,4.7448,6.32,6.32,60.27,56.46,56.46,21.9,14.45,0.66,107.1,103.5,23.6,44.4,127.5,12.1,20.8,95.7,6.0,114.0,45.9,45.9
1960,laissez,0.3452,4.2828,0.8631,1.1123,6.4838,0.62,0.0694,0.3577,1.2605,4.976,4.7048,4.19,4.33,62.53,59.91,59.02,20.69,22.97,1.11,113.1,107.6,22.2,47.5,135.7,11.1,21.6,107.0,4.8,103.5,32.9,35.7
1961,laissez,0.5927,2.3693,1.5507,0.3559,15.9684,0.4806,0.0142,0.6093,0.5878,1.3776,6.2744,6.95,6.95,59.42,55.29,55.29,20.41,9.66,0.473,101.6,100.2,24.0,43.5,121.6,12.8,21.2,92.9,6.7,121.4,51.6,51.6
1962,laissez,0.5138,2.574,1.5751,0.5002,18.6952,0.2673,-0.1446,0.1573,0.884,2.4983,3.2879,6.57,6.57,59.82,55.89,55.89,17.21,8.14,0.473,95.3,92.6,23.7,44.1,119.7,15.0,26.2,112.7,6.8,123.0,52.2,52.2
1963,laissez,0.4343,3.052,0.781,0.402,3.4914,0.651,-0.204,0.1318,1.0161,4.3888,2.9459,9.83,9.83,56.86,51.28,51.28,47.67,25.62,0.537,84.8,85.2,28.3,33.2,132.1,17.8,31.5,113.9,7.2,117.0,79.8,79.8
1964,laissez,0.474,6.6278,0.6023,0.9432,14.7676,0.2709,-0.2544,0.7432,0.8691,9.465,6.0325,5.64,5.64,60.82,57.39,57.39,16.33,11.51,0.705,106.7,105.4,23.3,44.9,123.3,11.6,19.7,90.0,6.3,118.1,42.2,42.2
1965,laissez,0.4728,3.9771,0.8915,1.0846,14.2417,0.3238,0.3945,0.5297,0.8677,2.7424,2.3742,5.03,5.03,61.56,58.47,58.47,15.67,13.88,0.886,112.2,107.0,21.7,48.7,127.3,11.3,20.7,100.2,5.4,111.4,36.7,36.7
1966,laissez,0.5615,7.7614,1.5579,0.7723,4.4312,0.7036,0.0248,0.1786,0.6303,3.6168,6.8755,6.41,6.41,60.6,56.72,56.72,43.26,36.52,0.844,103.8,98.8,25.7,39.4,149.1,13.2,24.9,114.1,5.0,96.6,49.1,49.1
1967,laissez,0.4517,2.0772,0.8997,0.2972,6.3429,0.2492,-0.0845,0.9421,0.8158,1.2215,3.1397,9.98,9.98,56.64,50.99,50.99,35.0,12.12,0.346,95.2,98.8,27.5,35.0,121.1,13.2,18.8,74.2,8.0,127.8,71.4,71.4
1968,laissez,0.4798,2.3123,1.4085,0.3247,11.4479,0.816,0.5453,0.3229,0.5836,5.2868,3.1659,7.54,7.54,58.82,54.39,54.39,20.26,6.94,0.343,99.3,94.9,23.5,44.4,120.8,14.3,24.0,106.0,6.8,122.0,55.4,55.4
1969,laissez,0.3911,2.9836,0.5447,1.1208,6.1053,0.2554,0.409,0.1132,1.3547,7.3391,3.9627,4.96,4.96,61.72,58.66,58.66,25.65,24.43,0.952,109.6,101.7,22.6,46.8,137.6,12.5,24.5,120.7,4.8,102.6,39.2,39.2
1970,laissez,0.2989,3.2405,0.488,1.0887,13.1447,0.8764,0.162,0.0783,1.0278,1.187,2.0698,4.26,4.27,62.21,59.56,59.04,10.64,11.93,1.121,105.7,99.5,21.0,50.6,125.3,13.0,25.7,123.2,5.3,112.6,35.4,35.8
1971,laissez,0.3194,2.4243,1.2843,1.0077,19.9848,0.6978,0.5869,0.5637,0.9698,5.2199,3.924,4.61,4.61,61.57,58.73,58.73,8.21,7.18,0.875,111.7,107.0,20.9,50.8,121.2,11.3,20.4,98.6,5.7,117.2,34.9,35.2
1972,laissez,0.4712,3.2961,0.8035,0.3169,16.1003,0.603,0.0377,0.4347,0.7985,1.5853,0.5466,6.51,6.51,59.79,55.9,55.9,16.25,7.21,0.444,100.7,98.2,23.1,45.4,119.5,13.4,22.7,100.8,6.7,122.6,49.2,49.2
1973,laissez,0.3112,2.4966,1.7051,0.8363,7.178,0.7836,0.0477,0.8648,1.4779,1.7531,4.0096,4.3,4.3,62.45,59.76,59.07,19.6,21.47,1.095,121.7,118.5,21.8,48.5,133.0,9.2,17.1,83.9,4.9,105.5,29.7,35.0
1974,laissez,0.5808,5.5491,1.6958,0.6866,3.6544,0.421,0.2935,0.5694,0.6825,8.1781,5.3739,8.79,8.79,58.36,53.23,53.23,50.58,34.01,0.672,107.4,102.7,26.8,36.7,148.2,12.2,20.9,92.6,5.5,99.5,60.5,60.5
1975,laissez,0.4691,2.1925,0.4516,0.9105,4.4102,0.7044,0.0533,0.2775,1.1001,3.613,3.8286,6.29,6.29,60.5,56.69,56.69,41.42,34.62,0.836,103.4,98.1,25.5,39.8,146.8,13.4,26.3,118.4,5.1,98.6,50.0,50.0
1976,laissez,0.5483,2.0406,0.3984,1.1281,14.0206,0.4602,-0.0372,0.5751,1.0355,8.705,8.9942,5.78,5.78,61.04,57.51,57.51,21.83,17.33,0.794,106.6,103.6,23.6,44.4,129.2,12.0,21.3,98.7,5.8,111.7,42.4,42.4
1977,laissez,0.4112,5.3088,1.2851,0.6741,3.8377,0.8328,0.3521,0.3698,1.4943,2.2618,5.0838,6.53,6.53,60.07,56.15,56.15,33.19,24.88,0.75,108.5,102.4,24.1,43.1,138.2,12.3,22.4,104.9,5.3,104.6,48.6,48.6
1978,laissez,0.2723,3.8552,1.975,1.1746,5.9201,0.361,0.3317,0.3743,0.5832,4.6025,3.6832,4.03,4.32,62.67,60.15,59.05,18.68,21.64,1.158,116.1,109.6,21.3,49.7,133.8,10.7,21.0,105.9,4.7,104.2,30.8,35.4
1979,laissez,0.2803,7.6483,0.3319,0.2914,6.0466,0.7333,0.1532,0.0349,0.7206,1.8357,2.4257,6.25,6.25,59.83,56.09,56.09,16.51,8.03,0.486,94.9,90.2,22.8,46.1,120.3,15.9,30.6,127.0,6.5,121.7,52.7,52.7
1980,laissez,0.2533,4.2748,1.4138,0.6365,16.4957,0.4946,0.1822,0.5028,0.5041,3.6391,1.5789,4.7,4.7,61.46,58.57,58.57,7.41,5.92,0.799,108.1,104.1,21.1,50.3,119.8,11.9,21.5,102.1,5.9,119.1,36.5,36.5
1981,laissez,0.3116,5.2843,1.8578,1.1224,3.8879,0.299,-0.1829,0.8334,0.69,4.3415,4.9738,4.19,4.43,62.54,59.92,58.97,26.83,29.15,1.086,118.6,116.5,23.9,43.5,140.6,9.5,17.3,84.5,4.9,101.2,32.2,35.7
1982,laissez,0.5275,7.3296,0.433,1.1509,8.089,0.376,0.5055,0.8648,1.4264,2.6015,2.9,5.81,5.81,60.97,57.43,57.43,24.99,20.26,0.811,119.0,113.7,22.8,46.1,133.8,10.0,17.9,86.6,5.3,106.5,38.8,38.8
1983,laissez,0.5929,6.4703,1.5778,0.8694,3.1185,0.7508,0.1167,0.3387,0.8555,4.3149,1.3962,5.38,5.38,61.71,58.39,58.39,54.69,52.67,0.963,117.0,109.6,25.5,39.7,168.3,10.7,21.8,107.8,3.6,82.2,39.1,39.1
1984,laissez,0.3772,4.9652,0.8773,0.4165,15.4123,0.7945,0.0472,0.2441,1.1631,1.1227,7.2465,5.57,5.57,60.66,57.28,57.28,12.79,7.65,0.598,101.3,97.3,22.1,47.9,120.2,13.6,24.4,111.7,6.2,120.2,44.1,44.1
1985,laissez,0.3912,4.2126,1.1727,0.5858,13.876,0.5229,0.4828,0.6275,0.9599,6.2256,2.6579,5.53,5.53,60.67,57.31,57.31,12.89,7.85,0.609,111.0,107.3,21.9,48.4,121.7,11.2,19.5,91.6,6.0,118.2,40.4,40.4
1986,laissez,0.5437,5.6052,0.4621,1.0582,3.4322,0.2978,0.4675,0.6606,0.8154,1.2114,5.6592,7.27,7.27,59.92,55.57,55.57,47.18,37.19,0.788,117.9,109.8,25.3,40.3,152.4,10.7,19.7,94.6,4.7,93.6,47.7,47.7
1987,laissez,0.5838,4.8366,1.3283,0.4566,8.9129,0.8179,0.1002,0.9357,1.4406,5.5814,7.6805,7.41,7.41,59.4,54.99,54.99,30.43,18.82,0.618,109.6,108.7,24.4,42.5,129.2,10.9,18.1,79.7,6.2,113.5,50.6,50.6
1988,laissez,0.5344,2.7263,1.3511,0.2752,7.7027,0.841,0.2639,0.2632,0.549,7.544,2.8148,8.74,8.74,58.07,52.99,52.99,31.99,14.73,0.46,95.4,92.0,25.2,40.5,126.8,15.3,26.2,108.4,6.8,117.5,64.1,64.1
1989,laissez,0.4487,3.5091,1.0386,1.1133,11.4384,0.5611,0.3515,0.2599,0.8063,1.3221,5.2277,4.72,4.72,61.96,59.03,59.03,18.01,17.82,0.989,109.9,103.3,21.7,48.8,131.0,12.1,23.2,114.1,5.1,107.5,36.2,36.2
1990,laissez,0.2545,2.508,0.523,0.2263,3.9373,0.2641,-0.297,0.6234,1.1832,2.9442,5.8119,8.01,8.01,57.64,53.03,53.03,27.68,10.61,0.383,93.7,95.4,26.0,38.5,117.9,14.2,21.4,87.4,7.7,130.5,65.7,65.7
1991,laissez,0.4496,4.1742,1.7994,0.9551,19.9733,0.3323,0.3396,0.8262,0.5096,3.0654,3.296,4.8,4.8,61.61,58.66,58.66,11.27,10.02,0.889,116.6,113.4,21.3,49.8,123.4,10.0,17.8,85.9,5.6,115.1,33.8,35.0
1992,laissez,0.4999,3.9782,1.0965,0.9447,13.9117,0.857,0.123,0.461,0.6331,3.0297,0.6584,4.83,4.83,61.91,58.92,58.92,17.1,16.57,0.969,112.1,107.4,21.9,48.4,129.6,11.2,20.9,100.9,5.2,109.0,35.4,35.4
1993,laissez,0.4182,3.578,1.0633,0.3169,4.1183,0.8262,-0.1611,0.5775,0.9042,1.9101,2.8797,8.24,8.24,58.48,53.66,53.66,39.41,24.07,0.611,98.6,98.9,26.3,37.9,132.8,13.2,22.0,92.0,6.5,112.9,61.1,61.1
1994,laissez,0.4182,5.8566,1.5005,0.5731,4.0415,0.4323,-0.0704,0.8834,1.4349,5.8362,1.0809,8.21,8.21,58.55,53.74,53.74,39.18,24.08,0.615,102.7,103.8,26.6,37.2,131.7,12.0,18.8,79.6,6.7,114.4,59.1,59.1
1995,laissez,0.5027,4.7267,1.7078,0.8296,9.8382,0.5872,0.1037,0.7157,0.7955,5.3934,7.946,5.27,5.27,61.52,58.28,58.28,23.64,21.3,0.901,114.9,111.5,23.0,45.9,133.3,10.4,18.8,89.6,5.3,106.8,37.3,37.3
1996,laissez,0.4494,5.3509,1.5855,0.7608,5.3256,0.3554,0.531,0.0484,0.763,4.9402,3.3945,7.15,7.15,59.55,55.29,55.29,30.44,19.7,0.647,101.6,94.1,24.0,43.3,133.3,14.6,27.6,122.2,5.8,109.0,53.6,53.6
1997,laissez,0.5184,3.4128,0.6759,0.8687,6.2935,0.4309,0.2792,0.2295,0.5551,7.4296,5.7274,6.67,6.67,60.19,56.18,56.18,32.66,24.41,0.747,105.0,99.1,24.4,42.4,137.8,13.1,24.1,111.7,5.5,104.9,49.2,49.2
1998,laissez,0.457,2.7541,1.5629,0.3001,13.4931,0.41,-0.0996,0.3837,1.2483,7.1541,7.6971,7.17,7.17,59.15,54.91,54.91,20.82,8.98,0.431,95.2,93.5,24.1,43.1,119.0,14.8,24.4,105.1,7.1,124.9,56.2,56.2
1999,laissez,0.2909,2.8539,1.2628,1.1227,9.7775,0.8792,-0.1455,0.7936,1.3357,4.4251,1.1929,3.46,4.17,63.05,60.87,59.09,13.8,18.82,1.364,121.3,117.9,21.0,50.5,131.1,9.3,17.7,88.5,4.8,106.4,25.5,35.0
